id,1,2,3,4,5,6,7,8,9,10,11,12,13,14,15,16,17,18,19,20,21,22,23,24,25,26,27,28,29,30,31,32,33,34,35,36,37,38,39,40,41,42,43,44,45,46,47,48,49,50,51,52,53
Name,2-picolinic acid,Acetone,Benzophenone,BioPerformance Certified,Brilliant Cresyl Blue ALD,Coumarin,Cystamine dihydrochloride,D-(+)-Xylose,Dimethyl methyl phosphonate,Ethylene glycol,Glycerol,Glycine,Isonicotinic,L-Alanine,L-Arginine,L-proline,Lead 2 chromate,Malachite_Green_chloride,Mefenamic acid,Melamine,Methyl salicyate,Pluronic F-127,Poly(methyl methacrylate),Poly(vinyl chloride),Poly(vinyl alcohol),Polystyrene standard,Potassium hydroxide,Pyrene,Sodium acetate,Sodium hydroxide,Sodium yttrium oxyfluoride,Sucrose,Sulfanilic acid,Titanium(IV) oxide,Trans-Stilbene,Trimesic acid,Trisodium citrate dihydrate,Urea,慣-D-glucose,"1,2,4-Triazole",2-Aminopyridine,2-Benzoylbenzoic,5-methyl-1h-benzotriazole,Adenine,Benzotriazole,Cerium oxide,L-Lysine,Lead oxide,Poly(allyamine hydrochloride),Poly(ethylene oxide),Potassium permanganate,Trans-Aconitic acid,Trizma pre-set crystals
Excitation,785,785,785,532,532,532,785,785,785,785,532,785,785,785,785,785,785,532,532,532,532,785,532,532,785,532,532,785,785,532,532,785,532,785,532,532,532,532,785,785,785,785,785,785,785,785,785,785,785,785,785,785,785
ini_wn(cm^-1),238.85,238.85,238.85,211.643457,211.643457,211.643457,238.85,238.85,238.85,238.85,211.643457,238.85,238.85,238.85,238.85,238.85,238.85,211.643457,211.643457,211.643457,211.643457,238.85,211.643457,211.643457,238.85,211.643457,211.643457,238.85,238.85,211.643457,211.643457,238.85,211.643457,238.85,211.643457,211.643457,211.643457,211.643457,238.85,238.85,238.85,238.85,238.85,238.85,238.85,238.85,238.85,238.85,238.85,238.85,238.85,238.85,238.85
fin_wn(cm^-1),3215,3215,3215,3894.10691,3894.10691,3894.10691,3215,3215,3215,3215,3894.10691,3215,3215,3215,3215,3215,3215,3894.10691,3894.10691,3894.10691,3894.10691,3215,3894.10691,3894.10691,3215,3894.10691,3894.10691,3215,3215,3894.10691,3894.10691,3215,3894.10691,3215,3894.10691,3894.10691,3894.10691,3894.10691,3215,3215,3215,3215,3215,3215,3215,3215,3215,3215,3215,3215,3215,3215,3215
,36292,76.669,66.713,46374,42540,63197,51251,61.833,51423,41806,43282,29366,49675,25481,31886,26064,29567,38480,80362,30927,86356,25696,44682,39618,25817,77793,42472,89813,25437,40627,55601,42285,114390,35051,48128,79581,47153,48165,59.817,35213,34388,48899,89.441,163.03,76.92,74.373,30106,40352,30697,31037,25387,93705,69.813
,36268,36896,36897,47136,42744,54569,50822,35598,51258,41810,43488,29241,51258,25454,31729,26065,29537,38534,83705,31063,77943,25682,45176,39678,25816,81298,42848,89531,25431,40989,57613,41350,114240,34961,49033,85792,47327,47373,35654,35219,34386,47553,44982,87770,39608,35845,30134,39332,30682,30909,25389,93687,39449
,36229,36913,36746,47608,42869,48393,50432,35617,50992,41810,43864,29047,50992,25414,31602,26064,29483,38596,86962,31174,70412,25654,45441,39724,25815,84870,43134,89163,25422,41446,59928,40113,114010,34838,49672,92884,46778,46869,35636,35209,34385,45631,44977,87272,39448,35821,30167,38175,30657,30701,25391,93677,39507
,36206,36984,36687,48335,42961,45477,50504,35661,50795,41793,44066,28931,50795,25383,31580,26048,29476,38728,92447,31143,64946,25640,45804,39726,25812,88755,43107,89156,25399,41491,62155,38663,113870,34766,50310,104658,46336,46231,35706,35171,34382,43458,45013,86881,39361,35885,30169,37066,30668,30555,25390,93723,39729
,36186,36892,36581,49997,42945,44476,50760,35612,50593,41767,44214,28824,50593,25355,31600,26027,29481,38828,98649,31979,61619,25624,46051,39828,25808,92139,43306,89274,25369,41609,64825,37157,113760,34702,50690,114741,46105,45840,35661,35184,34379,42098,44944,86353,39301,35889,30158,35986,30684,30414,25389,93794,39886
,36160,36880,36517,53320,43146,43846,51026,35639,50319,41737,44382,28684,50319,25338,31599,25992,29437,38969,102082,33366,59104,25578,46410,39857,25803,95260,43558,89497,25337,41395,67688,35612,113570,34623,51707,120076,46580,45487,35655,35167,34376,41099,44840,86022,39248,35886,30143,34971,30637,30229,25388,93867,40147
,36134,36861,36462,56801,43254,43550,51279,35674,50021,41703,44554,28536,50021,25329,31596,25953,29378,39081,101725,33302,57625,25523,46578,39931,25798,96812,43812,89794,25302,41354,70041,34219,113380,34539,54207,120725,46785,45100,35643,35150,34372,40390,44709,85743,39208,35871,30117,34036,30570,30038,25386,93948,40410
,36119,36764,36403,57125,43257,43373,51599,35707,49755,41668,44658,28398,49755,25313,31591,25953,29397,39260,101528,33361,56632,25481,46816,39963,25792,95460,44239,89962,25281,41108,71850,33424,113360,34456,59045,110220,46205,44936,35669,35134,34369,39711,44639,85516,39171,35837,30070,33289,30539,29895,25385,94037,40694
,36110,36649,36348,54733,43214,43158,51830,35738,49498,41632,44747,28267,49498,25303,31575,25963,29438,39363,103341,33811,55931,25443,47001,40053,25786,92499,44437,90193,25267,41012,73446,33040,113390,34380,61568,97831,45108,44599,35707,35118,34367,39221,44588,85292,39140,35798,30007,32658,30514,29774,25385,94125,40946
,36105,36639,36326,51973,43384,43037,51618,35798,49230,41591,44950,28120,49230,25320,31558,25937,29393,39455,108309,33351,56093,25399,47194,39960,25780,87634,44439,90435,25236,40941,74602,33091,113470,34278,59328,92007,44656,44525,35741,35101,34364,38842,44559,85149,39136,35828,29938,32120,30480,29664,25383,94223,41028
,36108,36662,36319,50421,43494,42922,51188,35861,48969,41550,44892,27977,48969,25348,31526,25901,29326,39426,114789,32580,56443,25354,47281,40060,25774,82363,44098,91026,25200,40876,75109,33427,113560,34177,54592,90311,44467,44382,35775,35084,34361,38718,44544,85069,39141,35877,29858,31658,30447,29571,25383,94315,41021
,36118,36654,36295,50123,43686,42868,50439,35880,48737,41511,45237,27897,48737,25415,31435,25870,29335,39388,121035,32122,58278,25312,47339,40061,25765,77658,43870,91742,25212,40756,75380,33973,113440,34177,50924,90316,44484,44094,35813,35070,34358,39056,44520,84903,39117,35878,29751,31243,30409,29487,25384,94354,40927
,36137,36640,36269,50362,43700,42919,49566,35889,48521,41472,45304,27841,48521,25519,31313,25840,29363,39414,122568,32076,61469,25270,47408,40103,25756,74790,43806,93263,25235,40704,75983,34583,113260,34225,49101,90862,44379,44010,35849,35055,34356,39744,44496,84729,39083,35865,29630,30874,30355,29422,25385,94371,40798
,36170,36654,36265,50958,43894,42882,48872,35874,48339,41435,45329,27760,48339,25612,31180,25803,29347,39439,118142,31237,68666,25232,47273,40214,25746,73156,43520,96145,25201,40698,76641,35206,113260,34184,48006,91546,44317,43943,35887,35042,34353,41013,44485,84614,39067,35861,29504,30516,30371,29387,25385,94375,40612
,36214,36669,36272,51882,44024,42845,48308,35883,48184,41397,45483,27679,48184,25734,31033,25767,29321,39499,113413,30254,81213,25196,47452,40165,25736,72507,43540,100330,25153,40687,77586,35717,113300,34131,47579,92718,44484,43806,35922,35028,34350,42602,44479,84513,39056,35857,29373,30190,30313,29383,25386,94369,40430
,36257,36638,36252,52751,43990,42971,47931,35899,47979,41356,45605,27607,47979,26003,30862,25743,29326,39446,110434,29566,90586,25156,47662,40215,25725,72155,43493,107380,25103,40634,77936,35672,113340,34117,47245,93139,44784,43682,35932,35014,34348,43102,44449,84421,39010,35849,29240,29893,30236,29399,25388,94377,40458
,36312,36593,36233,53961,44066,43562,47670,35922,47777,41314,45643,27539,47777,26327,30680,25726,29340,39516,110014,29177,86215,25118,47917,40261,25715,71467,43505,115930,25053,40612,77890,35342,113370,34117,47267,94119,44722,43753,35930,35000,34346,42530,44414,84335,38960,35840,29109,29625,30250,29449,25391,94385,40549
,36369,36542,36274,54734,44040,43947,47448,35952,47694,41260,45600,27499,47694,26668,30492,25707,29339,39592,110681,29009,74195,25080,47994,40245,25703,71939,43386,124280,25052,40630,78222,34751,113220,34162,47177,95057,44581,43714,35933,34986,34344,40770,44392,84164,38946,35830,28974,29429,30208,29561,25394,94390,40675
,36445,36490,36346,54391,44175,43505,47282,35985,47662,41200,45625,27468,47662,27005,30303,25691,29333,39563,112392,29042,64616,25047,48229,40298,25692,71471,43513,130230,25067,40575,78128,34014,112990,34221,47401,95838,44382,43665,35934,34973,34342,39063,44383,83977,38948,35821,28843,29272,30168,29723,25397,94392,40792
,36572,36468,36389,53195,44189,42704,47148,35998,47576,41188,45584,27410,47576,27287,30129,25691,29347,39485,114508,29035,59257,25036,48485,40311,25683,71413,43417,130960,25049,40684,77969,33258,112740,34231,47864,96761,44867,43676,35914,34961,34338,37972,44362,83870,38967,35816,28742,29087,30130,29913,25395,94371,40753
,36721,36457,36469,52252,44438,42321,47047,36007,47498,41189,45715,27345,47498,27522,29968,25696,29366,39452,115417,28920,57091,25035,48814,40420,25674,70879,43531,127420,25022,40789,78084,32502,112470,34231,50002,98048,45637,43719,35893,34949,34333,37391,44367,83793,38995,35812,28657,28912,30089,30168,25392,94341,40633
,36955,36448,36579,52283,44469,42383,46990,36030,47517,41119,45636,27285,47517,27673,29803,25693,29352,39439,115105,28850,56126,25040,49056,40576,25666,70002,43547,120550,25003,40850,77774,31912,112160,34236,51725,98985,45541,43644,35866,34939,34329,37037,44405,83717,39033,35810,28578,28776,30067,30458,25387,94314,40446
,37191,36442,36826,52962,44453,42659,46961,36055,47583,41030,45882,27226,47583,27775,29647,25690,29331,39371,114623,28987,55875,25050,49334,40683,25658,69413,43551,111990,24985,40983,77850,31430,111870,34248,51267,100126,44779,43667,35847,34928,34324,36929,44493,83632,39077,35809,28509,28670,30052,30841,25383,94287,40219
,37342,36434,37206,53638,44407,43537,46931,36081,47638,41011,45946,27171,47638,27797,29550,25694,29334,39378,114324,28841,55516,25063,49503,40862,25651,69562,43609,104530,24968,40924,78179,30988,111720,34284,49500,101034,44462,43643,35883,34918,34317,36869,44710,83612,39107,35809,28439,28590,29975,31408,25378,94255,39931
,37425,36426,37892,53511,44490,44740,46911,36105,47720,41010,45938,27119,47720,27809,29485,25704,29347,39364,115444,28845,55152,25078,49596,41067,25643,69117,43757,98316,24951,40867,79072,30661,111650,34335,48471,102229,44792,43726,35945,34908,34311,36960,45029,83526,39129,35811,28373,28542,29890,32079,25373,94228,39634
,37381,36420,38957,52446,44495,45201,46921,36122,47833,40962,46366,27068,47833,27817,29378,25721,29357,39380,116472,28939,55427,25097,49120,41133,25638,69912,43760,93817,24936,40919,81532,30508,111620,34403,48360,103565,45800,43659,36012,34898,34302,37121,45346,83393,39177,35807,28322,28530,29872,33047,25372,94198,39426
,37260,36415,40595,51771,44544,44839,46949,36131,47990,40903,46316,27021,47990,27878,29278,25745,29373,39357,119961,28736,55672,25119,48875,41346,25632,69931,43927,90575,24921,40866,84898,30523,111670,34484,48765,104383,47065,43677,36088,34889,34294,37477,45728,83407,39222,35800,28281,28557,29902,34053,25375,94179,39265
,37024,36404,42890,51134,44565,43573,46966,36132,48241,40867,46593,26981,48241,28117,29245,25765,29402,39356,124426,28973,56927,25143,48590,41306,25621,70067,44094,88560,24906,40888,89034,30789,111770,34556,49207,104748,47565,43686,36191,34880,34294,38102,46405,83411,39203,35815,28222,28637,29906,34905,25366,94202,39157
,36743,36391,45201,51253,44703,42664,46990,36119,48550,40836,46623,26947,48550,28490,29247,25792,29439,39394,128158,29066,59737,25169,48726,41411,25609,70082,44272,87413,24891,40875,92018,31211,111980,34638,49770,104963,46922,43741,36291,34871,34296,39037,47154,83451,39160,35835,28164,28767,29801,35541,25355,94246,39091
,36505,36379,47125,51223,44803,42169,47053,36093,48918,40801,46719,26915,48918,28988,29279,25830,29488,39437,130906,29194,65570,25200,48679,41374,25603,70263,44571,86797,24877,40877,93514,31871,112370,34725,50430,105855,45979,43815,36407,34862,34301,40401,47951,83515,39113,35823,28147,28920,29802,35838,25368,94311,39063
,36289,36367,47979,51112,44953,41945,47139,36056,49330,40767,46489,26886,49330,29605,29339,25880,29548,39469,131744,29260,72174,25233,48708,41365,25598,70429,44800,86613,24863,40976,93586,32603,112970,34831,50861,106077,45058,43850,36506,34853,34305,41787,48653,83598,39060,35802,28149,29114,29813,35830,25388,94389,39067
,36152,36355,47286,51203,45082,41996,47225,35969,49729,40732,46378,26860,49729,30433,29402,25954,29590,39397,129970,29368,73474,25255,48841,41410,25589,70294,44815,86298,24849,40998,92334,33250,113690,35001,50914,106120,44153,43846,36500,34844,34302,42384,49021,83672,39015,35800,28123,29413,29800,35087,25395,94458,39107
,36056,36342,45431,51474,45409,42068,47344,35867,50155,40698,46172,26836,50155,31214,29493,26050,29631,39376,126890,29671,70362,25277,48931,41541,25580,69921,44764,86062,24836,41095,91092,33813,114620,35205,51165,107062,43601,43887,36444,34836,34297,42298,49136,83748,38976,35804,28122,29773,29780,34017,25399,94540,39173
,35980,36330,42923,51360,46106,42327,47451,35802,50618,40665,45980,26815,50618,31606,29608,26139,29745,39423,123927,29616,69475,25295,49304,41598,25560,70047,44381,86109,24823,41043,90329,34099,116100,35422,51191,107796,43158,43974,36348,34828,34290,41415,48781,83841,38927,35802,28117,30123,29769,32928,25406,94601,39241
,35925,36318,40542,51515,46546,42579,47602,35750,51126,40635,45574,26795,51126,31722,29760,26242,29880,39415,122916,30060,72149,25316,49472,41925,25537,69883,44049,86265,24810,41023,89703,34261,117830,35658,50912,108785,42924,43932,36236,34820,34283,40327,48178,83930,38883,35801,28118,30476,29760,31829,25414,94665,39329
,35867,36311,38708,51557,46455,42965,47938,35713,51718,40613,45362,26772,51718,31224,30004,26427,29956,39415,122162,30323,76833,25361,50114,42330,25554,69328,43834,86246,24796,41076,89807,34209,119790,35914,50759,109617,42780,44077,36128,34812,34281,39484,47406,84006,38878,35803,28120,30944,29746,30928,25420,94850,39431
,35817,36307,37680,51991,45844,43307,48348,35685,52371,40597,45274,26748,52371,30471,30309,26641,30022,39415,121687,30711,78702,25415,50410,42603,25581,69188,43710,86192,24783,41146,90620,34130,121800,36182,49910,111955,42780,44041,36029,34804,34281,38745,46554,84091,38886,35807,28125,31438,29731,30153,25426,95075,39609
,35780,36303,36954,52322,45255,44112,48866,35671,53087,40578,45491,26725,53087,29557,30633,26849,30099,39452,121862,31612,74823,25461,50851,42840,25562,69227,43615,86189,24770,41073,91714,34246,123620,36462,49120,116017,42886,44237,35994,34796,34282,38134,45848,84043,38906,35810,28136,31729,29714,29600,25433,95200,39773
,35752,36300,36565,52914,45010,48387,49379,35663,53845,40561,45761,26703,53845,28719,30995,27051,30190,39394,120752,33657,68142,25506,50823,42574,25532,69534,43394,86197,24758,41044,92921,34478,125220,36745,48379,122177,42856,44336,35987,34788,34284,37632,45225,84005,38929,35813,28150,31975,29698,29188,25439,95304,39918
,35731,36298,36304,53830,44767,65379,49784,35647,54654,40562,46245,26681,54654,28190,31438,27232,30328,39393,120477,40108,61854,25567,50688,42134,25529,70179,43350,86203,24744,41127,94812,35128,126570,37009,47673,128611,42968,44451,35974,34780,34283,37241,44686,84170,38922,35816,28155,32300,29685,28849,25445,95474,39900
,35716,36297,36178,54767,44670,76224,50060,35631,55481,40571,46547,26660,55481,27802,31921,27376,30491,39372,119573,47453,57742,25624,50285,41674,25534,70967,43306,86206,24731,41090,96527,35889,128500,37263,47107,136139,43127,44388,35964,34773,34281,36942,44253,84447,38905,35818,28159,32704,29672,28586,25452,95659,39807
,35706,36296,36066,56335,44600,71893,50090,35620,56263,40565,46777,26639,56263,27437,32420,27522,30694,39383,119473,50918,55132,25687,49892,41339,25533,71738,43244,86225,24717,41100,98770,36603,131780,37512,46780,145675,43757,44470,35975,34765,34280,36741,43979,84893,38892,35821,28172,33115,29661,28398,25458,95836,39691
,35699,36295,35994,58594,44540,56593,49950,35612,57013,40556,46775,26620,57013,27118,32909,27622,30922,39362,119488,51511,53546,25736,49474,41062,25532,72226,43167,86240,24703,41087,100604,37172,135450,37751,46787,152398,44843,44363,35991,34758,34278,36610,43926,85466,38881,35823,28192,33635,29650,28264,25464,96007,39546
,35696,36290,35911,60927,44668,47266,49504,35609,57766,40551,47167,26607,57766,26757,33425,27553,31113,39416,119684,50375,53003,25714,49236,40884,25531,72919,43148,86201,24693,40992,103369,37410,139540,37990,46681,149526,45992,44265,35976,34751,34277,36512,43804,85991,38871,35822,28214,34503,29631,28110,25471,96150,39369
,35694,36284,35840,62334,44678,44025,48925,35609,58432,40546,47622,26597,58432,26413,33909,27396,31317,39463,120176,46478,52328,25658,49093,40638,25529,73342,43164,86142,24684,40880,105274,37490,143210,38218,46658,140795,46163,44231,35952,34743,34277,36448,43717,86579,38867,35821,28245,35596,29609,27973,25477,96279,39185
,35696,36278,35792,63051,44636,42911,48362,35620,59083,40543,48747,26587,59083,26100,34181,27178,31576,39561,120420,41633,52205,25593,48884,40581,25527,74450,43248,86077,24677,40933,107316,37346,145150,38412,46739,130992,45750,44208,35928,34736,34277,36420,43718,87461,38863,35819,28294,36819,29586,27888,25485,96393,39008
,35700,36271,35758,61414,44715,42550,47814,35635,59563,40541,50479,26579,59563,25829,34352,26917,31886,39635,121084,38071,52160,25513,48764,40428,25524,75481,43208,86010,24670,40893,109202,37147,144500,38608,47143,123343,46422,44115,35902,34730,34277,36411,43757,88546,38859,35815,28356,38216,29562,27842,25495,96494,38846
,35686,36264,35738,58197,44901,42349,47418,35643,59625,40542,52280,26579,59625,25651,34510,26652,32219,39812,121366,35908,52087,25420,48379,40365,25523,76106,43138,85966,24658,40866,109600,37228,141140,38731,47712,118246,49119,44066,35882,34723,34277,36379,43753,89479,38900,35812,28441,39821,29546,27781,25493,96610,38750
,35664,36258,35726,54930,45037,42198,47117,35647,59681,40548,53213,26581,59681,25536,34621,26388,32603,39933,122723,34428,52342,25322,48502,40242,25522,75750,43205,85933,24644,40798,110141,37408,136310,38999,47851,114535,53198,44064,35865,34716,34277,36341,43743,90564,38951,35809,28534,41572,29533,27792,25511,96721,38686
,35654,36251,35729,53378,45209,42140,46902,35658,59481,40549,53177,26590,59481,25470,34703,26133,33141,40141,124524,33180,52518,25210,48288,40200,25522,74656,43224,85901,24630,40736,109970,37807,131430,39177,47260,112963,54679,43964,35847,34710,34276,36317,43759,92227,38918,35805,28644,43593,29521,27792,25518,96801,38634
,35624,36244,35735,52900,45250,42170,46768,35668,59091,40552,52151,26600,59091,25453,34747,25898,33781,40305,127813,32087,53721,25100,48199,40226,25521,73845,43277,85875,24615,40689,108722,38254,126590,39318,46657,112338,52038,43939,35829,34704,34276,36294,43782,94378,38861,35800,28751,45671,29512,27799,25526,96854,38595
,35615,36239,35717,52603,45266,42219,46735,35658,58299,40587,50625,26594,58299,25478,34702,25736,34391,40402,133046,31504,56463,25030,48271,40249,25516,72807,43180,85870,24605,40731,107142,38481,122980,39458,46663,111605,48072,43912,35810,34698,34276,36245,43791,96607,38851,35796,28806,47729,29495,27782,25531,96927,38562
,35608,36235,35691,52249,45299,42449,46770,35641,57274,40634,49673,26585,57274,25542,34611,25611,35198,40423,137528,31210,62980,24977,48185,40107,25509,72364,43226,85878,24595,40717,106083,38568,120530,39586,46539,111812,45288,43909,35791,34692,34275,36188,43801,99625,38854,35788,28841,49485,29477,27756,25534,96984,38536
,35602,36229,35664,52289,45250,43411,46844,35638,56125,40656,48730,26573,56125,25642,34511,25510,36177,40440,136228,31051,75425,24931,48289,40103,25501,72747,43240,85882,24587,40605,104749,38565,118340,39693,46459,111094,43908,43904,35772,34688,34275,36142,43805,103500,38842,35786,28862,50827,29477,27702,25534,96912,38484
,35597,36225,35638,52178,45450,48082,46979,35636,54878,40675,48057,26564,54878,25770,34434,25427,37420,40563,132678,30965,85895,24891,48251,40040,25493,72461,43214,85891,24578,40654,103487,38403,116680,39782,46505,111625,43311,43943,35753,34683,34274,36097,43813,109050,38829,35795,28874,51521,29479,27638,25539,96791,38432
,35587,36223,35622,52281,45694,65036,47082,35626,53551,40715,47333,26579,53551,25923,34531,25336,38924,40569,128926,31266,81721,24845,48242,39930,25487,72541,43296,85926,24569,40591,102018,37962,115530,39847,46577,111647,42916,43885,35735,34677,34274,36051,43858,116620,38826,35750,28915,50898,29455,27589,25526,96725,38417
,35577,36222,35610,52272,45608,86249,47294,35612,52225,40766,47093,26602,52225,26082,34694,25249,40810,40313,127690,31664,69406,24801,48296,39897,25483,72243,43185,85965,24560,40599,100516,37266,114720,39892,46631,111699,42718,44028,35717,34672,34273,36007,43915,128450,38826,35778,28959,49399,29419,27544,25553,96667,38415
,35566,36223,35599,52232,45831,92512,47586,35599,50977,40820,47051,26641,50977,26261,34963,25176,43173,39937,127055,32090,59937,24761,48286,39782,25478,71627,43329,86011,24551,40568,98938,36425,114330,39925,46754,112733,42596,44028,35704,34657,34273,35964,43968,142220,38826,35766,28991,46975,29387,27493,25565,96580,38416
,35555,36222,35590,52406,46078,81464,48124,35585,49821,40881,47526,26686,49821,26430,35223,25111,46054,39852,127472,31512,55434,24725,48484,39788,25473,70917,43144,86053,24542,40598,97625,35490,114110,39943,46725,113074,42649,44041,35692,34639,34272,35925,44011,156260,38825,35756,29013,44117,29363,27445,25579,96489,38416
,35551,36216,35578,52453,46567,65110,49118,35571,48929,40955,48724,26703,48929,26517,35392,25057,49675,39858,128148,31119,53474,24696,48656,39744,25467,70579,43314,86040,24533,40521,96295,34405,113430,39933,46930,113063,42486,43991,35673,34654,34272,35896,44053,167490,38815,35749,29018,41488,29307,27405,25581,96430,38412
,35550,36207,35565,52558,47067,53332,50799,35557,48193,41040,50567,26718,48193,26561,35441,25011,53449,39935,128847,30568,52390,24671,48467,39778,25460,70467,43313,85998,24525,40517,94748,33314,113380,39907,47162,112906,42543,44108,35655,34678,34271,35874,44086,174420,38801,35743,29001,38989,29318,27370,25582,96383,38402
,35550,36199,35552,52448,47085,45721,53303,35541,47536,41124,53561,26741,47536,26577,35177,24970,57107,39898,130765,30177,52169,24651,48937,39733,25452,70241,43287,85995,24517,40510,94048,32522,113140,39873,47063,112972,42436,44172,35635,34663,34271,35853,44023,176050,38795,35736,28995,37126,29300,27338,25586,96328,38379
,35550,36191,35540,52669,46753,42949,56209,35526,46955,41216,56481,26779,46955,26564,34719,24937,60269,39825,132120,29901,51946,24635,49479,39741,25445,69904,43291,85999,24509,40549,92564,31890,112990,39833,47034,112400,42375,44157,35618,34637,34271,35836,43913,171780,38791,35730,28972,35619,29283,27310,25595,96276,38353
,35544,36180,35532,52943,46167,42135,59984,35511,46536,41343,58938,26849,46536,26544,34080,24917,62240,39733,132569,29792,51588,24622,50116,39717,25438,69901,43397,85874,24500,40515,91232,31389,112800,39791,46860,112423,42405,44165,35612,34633,34271,35825,43927,160260,38760,35723,28856,34283,29264,27288,25610,96244,38342
,35535,36170,35524,53177,45791,42337,63552,35495,46053,41483,60157,26945,46053,26499,33313,24906,63481,39568,132249,29664,51640,24612,50520,39768,25431,69889,43346,85726,24491,40486,89618,31012,112620,39749,46598,113015,42507,44245,35610,34634,34270,35818,43970,145180,38723,35716,28706,33184,29247,27271,25630,96214,38337
,35525,36161,35519,52994,45400,43840,66081,35481,45721,41633,59592,27074,45721,26437,32460,24899,64135,39519,131957,29684,52121,24606,50275,39765,25423,70089,43303,85697,24483,40476,87933,30781,112570,39717,46514,112937,42374,44343,35615,34630,34270,35820,44008,128200,38708,35709,28538,32331,29217,27261,25686,96193,38330
,35515,36153,35515,52923,45274,45485,66702,35466,45439,41784,57664,27233,45439,26346,31589,24895,64927,39509,133933,29635,52819,24605,49770,39827,25416,69813,43344,85717,24477,40474,85948,30663,112560,39692,46613,112716,42541,44294,35622,34625,34269,35822,44041,112320,38699,35703,28368,31669,29183,27256,25760,96168,38324
,35508,36150,35505,52899,45170,45588,64626,35450,45153,41909,54729,27391,45153,26163,30867,24883,67112,39463,136350,29636,54317,24610,49405,39776,25409,70229,43350,85760,24467,40481,83786,30561,112440,39665,46574,113255,42558,44348,35623,34621,34269,35810,44018,100080,38710,35696,28264,31103,29188,27247,25792,96098,38318
,35503,36148,35495,52630,45264,44086,61169,35432,44893,42023,51823,27575,44893,25940,30256,24871,70529,39477,142214,29714,58733,24619,49056,39826,25401,70414,43290,85824,24457,40482,81696,30526,112290,39650,46426,114158,42598,44466,35624,34617,34268,35796,43971,91940,38726,35690,28190,30648,29202,27241,25836,96009,38311
,35500,36142,35481,52566,45496,42821,57151,35424,44665,42122,49489,27831,44665,25704,29705,24860,74639,39422,148858,29700,69075,24638,48637,39817,25394,70780,43368,85923,24447,40471,79134,30624,112160,39649,46448,114524,42781,44494,35625,34613,34267,35777,43916,87502,38709,35684,28141,30324,29163,27240,25918,95912,38316
,35496,36136,35469,52737,45911,42326,53323,35417,44469,42213,48051,28142,44469,25466,29274,24852,78390,39401,150658,29696,81970,24661,48413,39707,25387,70932,43378,86036,24437,40419,76608,30800,112040,39661,46461,114877,42942,44480,35630,34608,34265,35761,43851,85184,38685,35679,28116,30091,29110,27249,26052,95809,38326
,35488,36134,35469,52688,46723,42303,50813,35403,44330,42321,47159,28457,44330,25245,29115,24855,80395,39517,149760,29817,86168,24682,48128,39818,25379,71295,43339,86117,24426,40452,74160,31042,111920,39755,46379,114800,43413,44708,35659,34604,34265,35774,43805,83625,38663,35673,28082,29875,29091,27266,26274,95718,38304
,35480,36135,35473,52643,46941,44128,49053,35389,44223,42424,46654,28836,44223,25040,29146,24864,80784,39559,154427,29891,81837,24707,47861,39788,25371,71267,43337,86187,24416,40520,71645,31320,111800,39878,46272,114904,44437,44756,35699,34599,34265,35797,43740,82816,38642,35667,28067,29695,29079,27290,26635,95630,38274
,35471,36136,35477,52732,46615,52125,47967,35374,44149,42525,46406,29278,44149,24892,29262,24878,80102,39643,155540,29894,76796,24735,47548,39820,25363,71771,43397,86272,24404,40471,69310,31609,111690,39944,46413,115858,47589,45041,35741,34595,34266,35829,43681,82112,38646,35663,28083,29589,29060,27358,26971,95541,38298
,35463,36139,35480,53061,46143,57090,47357,35361,44093,42608,46455,29816,44093,24774,29502,24897,79194,39720,150473,29897,74760,24770,47398,39918,25355,72518,43478,86359,24392,40361,67169,31881,111600,40047,46289,116060,52442,45248,35791,34591,34267,35867,43623,81660,38658,35659,28133,29517,29041,27448,27488,95453,38335
,35458,36142,35476,52845,45686,54705,46836,35359,44008,42625,46676,30596,44008,24666,30013,24916,79280,39798,144684,30002,73139,24831,47327,39948,25348,73018,43456,86408,24383,40485,65222,32129,111530,40051,46028,115943,51937,45645,35830,34587,34264,35868,43577,81229,38652,35655,28266,29400,29020,27478,28571,95358,38341
,35456,36145,35470,53053,45856,47878,46487,35361,43921,42605,47154,31549,43921,24576,30643,24938,80450,39714,143521,30163,69110,24907,47321,40047,25342,74048,43344,86446,24373,40448,63589,32322,111460,40363,45958,116815,47360,46802,35878,34583,34259,35865,43536,80889,38641,35651,28465,29283,28997,27517,29980,95262,38341
,35453,36149,35467,53074,46113,44268,46214,35364,43840,42570,47491,32517,43840,24505,31298,24969,82755,39581,144250,30169,64734,24989,47283,40133,25334,74599,43472,86536,24374,40461,62121,32358,111540,40532,45889,116488,45402,49293,35962,34579,34252,35916,43508,80726,38636,35640,28640,29187,28984,27611,31839,95174,38346
,35451,36155,35468,53223,46491,43351,46027,35368,43767,42515,47695,33605,43767,24451,31934,25006,86071,39418,144102,30399,62489,25076,47388,40214,25328,74488,43475,86631,24378,40460,60749,32304,111690,40739,45781,116710,46071,56202,36073,34575,34246,36000,43482,80649,38630,35627,28858,29108,28975,27760,33703,95091,38355
,35450,36165,35475,53091,47149,42856,45877,35370,43719,42445,47615,35023,43719,24414,32484,25042,90474,39329,143915,30622,63590,25171,47531,40241,25322,74503,43435,86707,24347,40393,59555,32138,111470,41059,45629,117028,46686,61144,36209,34571,34246,36070,43450,80497,38617,35641,29280,29060,28933,28002,35302,95004,38379
,35449,36178,35489,53603,47768,42266,45765,35371,43683,42364,47439,36559,43683,24388,32923,25084,96653,39238,144305,31180,73207,25270,47649,40261,25316,74278,43470,86742,24308,40389,58651,31930,111570,41435,45630,117597,45503,57253,36365,34567,34247,36190,43440,80336,38602,35663,29764,29035,28884,28350,36202,94924,38410
,35450,36195,35509,53489,48886,42036,45715,35373,43659,42266,47028,38336,43659,24380,33121,25133,104640,39203,145854,31788,114892,25367,47671,40256,25311,74173,43398,86769,24314,40440,58016,31702,111520,41799,45584,117421,44159,53646,36566,34563,34250,36329,43336,80261,38581,35648,30337,29023,28876,28710,35843,94845,38435
,35450,36215,35538,53226,50695,41993,45690,35375,43639,42159,46664,40060,43639,24379,33155,25193,113660,39308,147608,32751,160655,25462,47395,40244,25306,74027,43493,86742,24332,40388,57285,31516,111480,42188,45654,118314,43649,51843,36778,34559,34254,36568,43356,80204,38560,35625,30864,29024,28881,29159,34712,94779,38464
,35448,36231,35584,53648,54799,41973,45607,35369,43606,42063,46081,41425,43606,24362,33002,25278,122760,39208,149627,33753,139933,25561,47422,40267,25296,74006,43576,86493,24322,40456,56460,31461,111280,42593,45654,118632,43619,49401,36964,34555,34253,37043,43392,80027,38557,35625,31186,29054,28867,29974,33015,94758,38505
,35446,36248,35643,53476,66533,41776,45516,35360,43572,41966,45730,42391,43572,24341,32740,25381,129850,39293,153624,34350,94764,25655,47325,40289,25285,74021,43514,86157,24304,40427,56212,31559,110980,43046,45707,118873,43499,48324,37120,34552,34251,37685,43458,79829,38560,35631,31324,29103,28851,30883,31075,94762,38550
,35443,36267,35722,53577,86438,41750,45432,35351,43534,41868,45445,42843,43534,24322,32371,25492,132520,39265,156529,36701,68159,25735,47252,40296,25272,73419,43537,85764,24291,40325,55650,31792,110860,43549,45607,119350,43565,47724,37257,34548,34249,38593,43448,79642,38549,35634,31108,29121,28842,31925,29388,94783,38618
,35441,36291,35814,53769,94367,41773,45358,35341,43499,41769,45367,42760,43499,24308,31964,25615,129910,39268,156615,41504,57825,25798,47483,40394,25260,73302,43560,85353,24279,40364,55474,32108,110790,44128,45754,119522,43721,46668,37352,34545,34247,39783,43437,79480,38535,35636,30709,29150,28836,32849,28047,94819,38687
,35439,36321,35899,53830,83047,41678,45328,35332,43488,41653,45105,41706,43488,24320,31712,25766,122130,39250,153333,44223,54896,25858,48105,40385,25251,72906,43640,85110,24269,40407,55206,32678,110600,44864,45650,120275,43795,45915,37323,34542,34246,40683,43451,79444,38528,35636,30233,29233,28829,33326,27180,94855,38736
,35438,36358,35996,54021,64894,41584,45316,35324,43487,41530,45102,39969,43487,24343,31524,25931,111320,39113,149056,42999,53656,25902,48734,40531,25245,72864,43699,84943,24259,40360,55075,33252,110390,45729,45551,120903,44181,45556,37228,34539,34246,41037,43492,79472,38523,35636,29717,29347,28824,33409,26621,94900,38787
,35440,36400,36105,54110,54371,41464,45327,35315,43495,41429,45161,37945,43495,24379,31352,26087,99125,39061,144927,40411,52840,25886,49963,40712,25238,72453,43509,84705,24249,40348,55077,33620,110220,46640,45506,120940,45184,45427,37072,34536,34243,40381,43650,79523,38517,35633,29247,29532,28819,32817,26246,94955,38872
,35445,36449,36237,55423,50073,41481,45352,35308,43509,41335,45098,35791,43509,24420,31219,26239,87348,39047,144290,37965,52327,25841,51697,41259,25232,72881,43594,84494,24241,40345,55194,33770,110050,47683,45580,121542,46432,45177,36883,34533,34240,39319,43846,79595,38511,35630,28822,29765,28816,31890,26036,95021,38974
,35444,36499,36418,58666,48489,41422,45319,35305,43520,41203,44914,34000,43520,24440,31127,26406,78003,39034,144149,35948,52184,25798,52232,42145,25223,73151,43568,84454,24232,40282,55189,33473,109920,48920,45485,121985,46321,45079,36702,34530,34245,38213,44061,79596,38509,35634,28577,29921,28817,30823,25836,95109,39092
,35443,36554,36633,61784,48103,41519,45329,35305,43534,41064,44764,32404,43534,24456,31088,26565,71215,39047,145745,34571,51995,25743,51240,43430,25212,73619,43556,84495,24224,40409,55495,32737,109820,50369,45613,122184,45413,44999,36532,34527,34251,37373,44256,79617,38509,35641,28420,30100,28819,29708,25692,95211,39221
,35456,36621,36895,61632,47898,41919,45304,35306,43568,40973,44769,31045,43568,24486,31085,26689,67449,39002,148557,33980,51919,25675,49328,44810,25202,75593,43568,84571,24217,40322,55764,31909,109720,52030,47086,122848,45086,44902,36384,34524,34248,36885,44361,79622,38508,35642,28309,30425,28822,28869,25662,95322,39351
,35475,36698,37170,59028,47938,42065,45284,35308,43612,40896,44643,29896,43612,24526,31148,26785,66224,39029,155831,34172,51707,25597,47929,45672,25192,85496,43588,84689,24210,40298,55931,31111,109660,53970,51736,123558,45965,44987,36257,34521,34243,36613,44400,79628,38507,35641,28238,30868,28826,28180,25687,95441,39485
,35487,36775,37472,56132,47917,41782,45330,35315,43639,40808,44766,28995,43639,24567,31381,26837,67129,39019,168729,34564,51653,25500,46911,46089,25182,100412,43597,84818,24203,40294,56265,30455,109700,56212,53418,123723,48703,44820,36153,34518,34244,36343,44290,79641,38510,35644,28147,31353,28827,27726,25643,95570,39629
,35497,36865,37733,54755,47467,41519,45398,35324,43675,40720,44765,28278,43675,24619,31643,26853,69001,39005,177387,35052,51690,25399,46371,46321,25172,102295,43642,84967,24196,40242,56715,29906,109800,58828,50457,123635,51626,44904,36077,34515,34247,36140,44116,79649,38513,35649,28060,31995,28827,27422,25593,95703,39789
,35512,36953,37948,54450,46790,41389,45439,35337,43723,40613,44844,27730,43723,24712,31776,26852,70896,39077,174144,35823,51798,25285,45971,46850,25162,90482,43751,85163,24190,40336,57110,29539,109880,61889,46689,124262,49742,44843,36034,34513,34248,36029,43921,79683,38521,35652,28002,32848,28825,27193,25599,95846,39901
,35527,37054,38034,54260,46294,41488,45481,35351,43794,40506,45103,27311,43794,24835,31816,26827,71520,39028,162415,36881,51629,25172,45863,48037,25153,78789,43695,85384,24183,40264,57538,29292,109940,65456,46384,124791,45894,44909,36027,34510,34250,35971,43719,79680,38530,35657,27954,34020,28822,27037,25630,95991,40027
,35543,37218,37896,54431,45846,41430,45507,35360,43930,40435,45408,26911,43930,24946,31654,26724,69456,38967,152317,38334,51741,25099,45705,48852,25149,74966,43888,85570,24178,40318,58193,29110,110210,69539,47993,124686,44444,44773,36052,34508,34249,35896,43617,79671,38521,35663,27885,35443,28824,26938,25637,96127,40275
,35560,37412,37637,54492,45480,41486,45531,35369,44110,40379,45641,26571,44110,25086,31394,26616,65392,38942,146921,40515,51686,25040,45530,48495,25147,73414,43769,85768,24173,40237,58829,29003,110330,74548,49386,125134,43939,44763,36116,34506,34247,35832,43547,79650,38506,35669,27813,37361,28826,26879,25662,96262,40584
,35578,37592,37260,55071,45364,41563,45639,35378,44320,40326,45922,26316,44320,25299,30983,26482,60220,38977,144115,43331,51948,24985,45234,47450,25146,72738,43831,85985,24168,40260,59505,28972,110420,80314,48749,125586,43820,44638,36235,34504,34245,35801,43497,79617,38504,35677,27745,39997,28827,26784,25735,96396,40947
,35597,37775,36838,55598,45173,41607,45786,35391,44570,40279,46206,26121,44570,25584,30520,26335,54681,39020,143940,46898,53058,24935,45046,46049,25147,72187,43754,86216,24164,40381,59773,29016,110460,86859,47026,126439,43865,44700,36410,34503,34243,35788,43456,79575,38506,35685,27681,43358,28827,26692,25872,96530,41343
,35620,37998,36518,56205,45076,41384,45805,35413,44849,40241,46787,25952,44849,25931,30266,26168,49877,39027,145418,51124,55476,24887,44945,44724,25148,71770,43808,86609,24159,40308,60711,29062,110500,94349,45818,127277,43906,44572,36622,34501,34240,35767,43351,79557,38505,35692,27631,47831,28817,26640,26056,96672,41748
,35645,38217,36248,57063,44931,41324,45843,35440,45156,40208,47369,25814,45156,26369,30071,25996,46317,39106,146440,56199,62386,24841,44780,43517,25150,72024,43948,86847,24155,40211,61341,29183,110540,102520,45550,127638,44095,44613,36889,34499,34237,35748,43230,79545,38504,35699,27587,53188,28801,26605,26355,96815,42142
,35671,38435,36057,56777,44969,41340,46010,35487,45574,40182,48181,25724,45574,26935,29850,25836,44040,39036,146363,63636,82475,24801,44637,42672,25150,71817,43940,87368,24150,40235,61525,29416,110560,111320,45434,128102,43875,44648,37269,34498,34234,35743,43133,79475,38507,35706,27552,58970,28787,26579,26780,96960,42543
,35699,38624,35929,56097,44960,41342,46333,35539,46029,40160,49100,25658,46029,27641,29618,25686,42874,39106,144850,78379,98197,24761,44452,42494,25150,71750,43881,87991,24146,40314,62011,29803,110560,120470,45464,128167,43677,44575,37711,34497,34231,35743,43059,79382,38511,35713,27522,64059,28770,26559,27352,97104,42902
,35723,38683,35834,55170,44972,41344,46791,35566,46416,40135,49619,25567,46416,28453,29365,25570,42865,39106,144050,103495,87085,24708,44397,42801,25157,71599,43801,88384,24143,40282,62063,30314,110590,129870,45403,128639,44045,44570,38224,34495,34231,35726,42957,79384,38509,35722,27480,67289,28741,26533,28322,97238,43129
,35746,38666,35798,54838,44993,41326,47443,35590,46763,40110,49708,25479,46763,29489,29095,25471,43681,39066,144559,122843,68973,24651,44525,43308,25166,71704,43909,88859,24141,40254,62256,31086,110630,138570,45499,129654,44510,44582,38745,34494,34233,35708,42947,79406,38507,35731,27438,67837,28709,26509,29497,97367,43271
,35772,38637,35830,54642,45057,41463,48587,35603,47135,40085,49012,25399,47135,30641,28738,25371,45310,39039,144527,118768,58374,24593,44468,43938,25161,71599,43796,89640,24138,40247,62322,32117,110690,146000,45488,129447,44421,44461,39274,34493,34234,35691,42916,79296,38505,35738,27407,65337,28669,26486,30658,97497,43265
,35800,38564,35978,54455,45074,42009,49912,35626,47474,40063,47927,25330,47474,31762,28364,25276,47249,39017,144614,96261,55012,24536,44405,44765,25152,71944,43732,91154,24135,40257,62147,33506,110780,151440,45379,129112,43588,44397,39762,34492,34236,35677,42901,79150,38503,35745,27383,60651,28628,26466,31676,97624,43203
,35821,38371,36142,54518,45270,42529,51575,35774,47629,40048,46735,25293,47629,32759,28015,25189,49329,39066,145118,71517,54260,24480,44158,45498,25154,71847,43689,92175,24133,40253,62009,35706,110750,153680,45566,129204,42952,44333,39992,34492,34241,35680,42891,79076,38519,35758,27359,54738,28615,26461,32219,97750,43099
,35841,38129,36507,54487,45433,42495,53119,35961,47689,40036,45815,25270,47689,33513,27701,25109,50969,39068,145946,55230,54594,24426,44263,45936,25158,72365,43796,95012,24130,40260,61365,38457,110830,153050,45607,129549,42630,44485,40121,34491,34245,35691,42882,79022,38520,35771,27345,48743,28605,26462,32393,97874,43079
,35874,37868,37167,54533,45239,41960,54058,36110,47766,40027,45106,25258,47766,33647,27482,25036,51348,39132,149847,46716,55660,24372,44507,46205,25156,73048,43850,100000,24128,40279,61277,41380,110860,148690,45597,129817,42608,44462,40202,34490,34252,35707,42892,78950,38540,35788,27338,43778,28606,26466,31889,97997,43065
,35914,37599,38137,54549,45351,41514,54427,36245,47829,40019,44912,25248,47829,33341,27334,24969,50279,39185,154974,42662,57156,24319,44443,45872,25153,73511,43842,112850,24128,40255,60750,43937,110900,141030,45637,130326,42541,44489,40256,34489,34258,35730,42909,78879,38580,35803,27346,39903,28606,26472,30962,98119,43007
,35943,37392,39876,54407,45197,41527,53663,36348,47724,40004,44643,25215,47724,32567,27257,24915,47792,39219,155597,40387,56744,24274,44320,45088,25157,73443,43763,142510,24117,40262,60368,45533,111040,131470,45681,130679,42458,44525,40440,34488,34257,35755,42858,78820,38594,35800,27398,37101,28576,26463,29879,98249,42742
,35979,37212,41762,54413,45328,41710,52011,36433,47609,39986,44569,25173,47609,31532,27247,24870,44513,39251,152508,38886,55598,24232,44409,44264,25164,73146,43807,198510,24119,40259,60122,45801,111210,120870,45491,131052,42562,44449,40629,34486,34253,35784,42796,78768,38614,35790,27478,35094,28537,26446,28713,98382,42342
,36021,37035,43772,54533,45778,42482,50009,36477,47638,39971,44518,25119,47638,30403,27299,24830,40985,39215,149405,37716,54884,24193,44455,43244,25170,72741,43777,283030,24113,40304,60212,44244,111150,110110,45573,131590,42787,44586,40865,34484,34248,35829,42793,78717,38642,35774,27568,33466,28491,26439,27693,98514,41740
,36077,36872,45043,54481,46918,45061,48199,36501,47759,39955,44463,25062,47759,29243,27386,24797,37775,39187,147806,37041,54605,24156,44579,42295,25176,72627,43771,372640,24108,40227,60252,41700,111030,99534,45578,131887,42951,44589,40966,34482,34243,35882,42850,78670,38678,35757,27676,32241,28445,26433,26790,98647,40922
,36205,36727,45555,54836,49031,53515,47138,36576,48124,39940,44432,25019,48124,28354,27598,24774,35586,39311,147746,36324,54547,24120,44739,41546,25183,73122,43822,428280,24102,40288,60677,38952,111060,90306,45734,133362,43732,44500,40837,34481,34245,35921,42849,78637,38816,35757,27815,31303,28428,26400,26258,98777,40270
,36375,36598,45541,54847,50910,72592,46463,36646,48579,39926,44359,24982,48579,27606,27820,24757,33981,39344,147950,35674,54387,24085,44975,41139,25191,73640,43767,431120,24094,40333,61034,36468,111150,82142,45945,135627,44666,44534,40547,34479,34249,35968,42842,78612,38969,35763,27967,30559,28421,26361,25926,98906,39705
,36509,36477,45200,55215,51094,85490,46022,36688,49066,39912,44280,24944,49066,26987,27908,24750,32828,39385,148502,35530,54241,24054,45326,40770,25200,74780,43823,379580,24092,40377,61333,34664,111160,75346,46320,150531,46187,44578,39955,34477,34257,36008,42847,78580,39043,35771,28134,29959,28420,26357,25681,99034,39270
,36653,36370,44830,55165,50071,80087,45778,36701,49476,39899,44368,24908,49476,26480,27911,24747,32031,39375,148872,35571,54009,24025,45513,40490,25207,76848,43838,294980,24090,40309,61930,33345,111170,69635,46616,182672,46167,44657,39242,34475,34265,36062,42856,78547,39076,35780,28326,29486,28421,26363,25525,99160,38935
,36929,36293,44304,55629,49102,63092,45560,36593,49824,39895,44435,24883,49824,26116,27745,24732,31358,39370,151482,35572,54163,23994,45260,40175,25205,79135,43936,210660,24082,40363,62103,32779,111470,64987,46837,177610,44915,44564,38576,34473,34266,36196,42855,78546,39014,35785,28435,29118,28400,26356,25463,99279,38699
,37230,36233,43249,56189,48741,51317,45413,36439,49849,39896,44296,24863,49849,25844,27490,24716,30848,39357,152857,35358,54456,23963,45207,40072,25199,80748,43853,148580,24072,40391,62616,32614,111790,61191,46803,151017,44025,44574,37961,34471,34265,36362,42850,78553,38913,35789,28655,28838,28371,26347,25420,99394,38536
,37511,36190,41583,58187,48277,47234,45314,36296,49561,39898,44431,24846,49561,25593,27177,24704,30424,39360,152267,34977,55389,23941,45180,39868,25194,82453,43836,114540,24063,40461,63192,32735,112180,58033,46431,142098,43366,44628,37468,34470,34270,36552,42860,78517,38822,35796,28827,28577,28349,26343,25371,99505,38439
,37720,36154,39753,63146,47327,48436,45262,36166,49052,39902,44469,24832,49052,25381,26834,24697,30090,39356,152263,34975,57596,23923,45404,39838,25186,84370,43900,100060,24054,40349,63511,32961,112620,55453,46296,138968,42882,44588,37086,34469,34277,36753,42876,78468,38733,35804,28948,28364,28329,26341,25328,99612,38385
,37635,36101,38057,72020,46612,59936,45235,36044,48327,39906,44446,24821,48327,25193,26544,24707,29856,39492,153282,35457,60057,23903,45649,39795,25177,86238,43924,94189,24043,40354,63795,32857,113090,53198,46406,137075,42572,44551,36966,34464,34282,36913,42838,78436,38672,35809,29095,28229,28309,26338,25307,99720,38308
,37463,36047,36938,76444,46126,78483,45236,35963,47509,39912,44524,24812,47509,25029,26281,24726,29683,39530,154884,36435,61184,23883,45900,39737,25167,87396,43870,92088,24032,40476,63906,32570,113570,51287,46196,136248,42480,44602,36972,34465,34292,37046,42806,78408,38630,35815,29219,28140,28289,26334,25295,99826,38236
,37473,35995,36218,72989,45810,82781,45277,35979,46750,39918,44649,24807,46750,24897,26017,24755,29507,39478,158683,37471,60450,23867,45986,39741,25150,86938,43867,90739,24020,40360,64030,32013,114170,49811,46272,136396,42307,44579,37039,34462,34293,37237,42815,78358,38591,35817,29328,28092,28270,26332,25295,99929,38178
,37541,35947,35829,65105,45515,68786,45328,36061,46043,39925,44843,24804,46043,24786,25778,24791,29348,39451,171789,38528,58275,23852,46040,39639,25130,86527,43981,90152,24010,40340,64157,31351,114770,48609,46221,137191,42141,44604,37131,34460,34300,37433,42839,78306,38565,35820,29404,28069,28252,26330,25298,100030,38128
,37720,35918,35604,59347,45346,52700,45305,36263,45555,39929,45136,24795,45555,24668,25625,24813,29197,39434,180601,39195,57063,23835,46120,39621,25137,85300,43842,89444,24006,40316,64556,30665,115220,47380,46103,137491,42080,44550,37170,34459,34358,37556,42847,78289,38586,35840,29376,28033,28235,26323,25286,100120,38081
,37951,35896,35535,56669,45149,45083,45260,36504,45189,39932,45616,24786,45189,24558,25516,24834,29063,39509,176825,39604,57035,23819,46169,39522,25151,85137,43864,88905,24006,40345,65023,30021,115540,46252,46140,140010,42051,44567,37166,34458,34430,37645,42850,78274,38633,35865,29284,28002,28219,26315,25271,100200,38038
,38092,35881,35490,55829,45102,42540,45217,36774,44900,39935,46282,24776,44900,24462,25440,24872,28931,39657,165567,39632,58853,23804,46213,39518,25137,85987,43981,88584,24006,40303,65379,29671,115880,45248,46125,146589,42102,44489,37029,34458,34527,37759,42863,78274,38672,35894,29180,27961,28205,26304,25258,100280,37995
,38232,35868,35510,55433,44991,42070,45175,37015,44692,39938,46643,24767,44692,24376,25391,24926,28815,39782,158640,39233,62643,23789,46405,39487,25118,89556,43755,88404,24007,40346,65835,29503,116130,44343,46143,157754,41992,44536,36816,34459,34621,38034,42875,78262,38721,35923,29039,27926,28192,26292,25244,100360,37954
,38401,35851,35553,55399,45019,41868,45157,37108,44542,39939,47056,24766,44542,24303,25316,24965,28747,39910,155332,38455,71167,23780,46604,39457,25117,94223,43804,88118,24012,40254,66117,29461,115960,43607,46170,157097,42131,44316,36589,34456,34654,38386,42868,78171,38821,35934,28808,27926,28175,26286,25248,100420,37924
,38580,35833,35663,55600,44938,41895,45152,37105,44450,39940,47729,24767,44450,24241,25242,25027,28699,40009,155508,37503,87658,23772,47065,39516,25121,97238,43788,87854,24019,40257,66481,29604,115600,42882,46169,146903,42144,44365,36384,34452,34657,38765,42852,78056,38928,35939,28539,27948,28159,26280,25235,100480,37898
,38930,35817,35795,55074,45003,41880,45153,36939,44420,39944,48528,24772,44420,24189,25228,25147,28681,40172,157714,36322,119072,23768,48093,39489,25124,95825,43777,87831,24030,40214,66525,29858,115150,42309,46364,140043,42238,44320,36177,34453,34605,38994,42838,77886,39053,35938,28239,27996,28141,26277,25235,100530,37878
,39246,35803,36020,55180,45072,41874,45163,36690,44437,39948,50011,24779,44437,24146,25234,25322,28673,40217,163637,35370,218887,23766,51013,39455,25127,90500,43786,87884,24040,40256,66363,30306,114590,41880,46206,138883,42453,44248,36112,34455,34528,39117,42822,77762,39162,35937,27933,28065,28124,26272,25236,100590,37860
,39229,35790,36461,55228,45240,41938,45187,36411,44473,39944,53218,24777,44473,24104,25205,25589,28589,40098,169471,34544,379824,23759,56779,39386,25117,85935,43846,87871,24035,40208,66055,31206,114110,41461,46468,139019,42616,44285,36158,34455,34476,39224,42796,77654,39161,35945,27707,28130,28117,26253,25225,100640,37839
,39021,35779,36999,55318,45160,41846,45224,36121,44536,39940,56915,24773,44536,24068,25170,25964,28485,39833,169467,33914,369823,23752,60791,39492,25103,82201,43766,87830,24026,40270,65784,32305,113620,41097,46472,138711,42607,44291,36284,34454,34430,39276,42766,77565,39108,35958,27518,28214,28114,26229,25212,100710,37821
,38481,35768,37666,55047,45422,41907,45252,35879,44633,39937,59402,24770,44633,24038,25147,26311,28423,39640,164109,33755,228134,23746,57979,39570,25087,79441,43699,87718,24013,40223,65567,33732,112860,40803,46645,138693,42769,44289,36448,34455,34373,39420,42745,77473,39017,35976,27329,28330,28114,26205,25196,100800,37791
,37910,35760,38316,55010,45719,41957,45288,35671,44756,39937,59919,24770,44756,24014,25127,26760,28371,39513,160061,33747,123751,23742,51970,39671,25071,77871,43714,87581,24001,40228,65464,35135,112080,40560,46719,139646,42974,44199,36621,34456,34319,39495,42735,77385,38904,36001,27155,28479,28113,26181,25181,100900,37759
,37423,35754,38871,55095,46084,42156,45378,35545,44889,39947,58771,24780,44889,24004,25106,27610,28316,39384,157424,33573,78283,23749,48275,39773,25064,76984,43736,87330,24002,40180,65149,36237,111420,40344,46565,139418,43500,44239,36815,34453,34299,39419,42712,77308,38801,36031,27034,28702,28103,26159,25178,100980,37773
,36990,35751,39259,55283,46390,42479,45488,35465,45034,39964,58079,24795,45034,24003,25088,28610,28259,39339,156362,33044,64709,23760,47278,39922,25061,77154,43780,87082,24008,40238,64743,36960,111000,40157,46689,139896,44993,44188,36974,34449,34292,39029,42689,77233,38703,36070,26942,28989,28089,26140,25180,101060,37799
,36677,35749,39216,55196,46540,42442,45602,35415,45226,39986,59551,24814,45226,24008,25071,29865,28212,39373,156337,32682,61219,23778,46783,40020,25062,78354,43766,86996,24018,40260,64536,36845,110550,40008,47201,140242,48912,44246,36961,34455,34292,38592,42774,77162,38617,36125,26824,29255,28079,26123,25186,101140,37783
,36440,35749,38902,55241,47271,42027,45718,35391,45437,40016,63853,24840,45437,24020,25060,31076,28164,39346,156861,32489,60480,23800,46827,40126,25065,80257,43813,87178,24032,40207,64269,36147,110030,39880,49385,140047,59036,44262,36857,34463,34297,38153,42893,77086,38544,36195,26715,29558,28069,26109,25194,101200,37762
,36258,35751,38232,55197,47912,41723,45809,35360,45595,40047,68507,24872,45595,24031,25060,32001,28083,39275,159111,32289,63738,23817,46781,40219,25060,81930,43770,87130,24036,40248,64200,34751,109650,39737,51966,140759,79826,44293,36637,34455,34288,38041,42881,76991,38500,36260,26663,30076,28051,26106,25192,101180,37730
,36123,35753,37426,55231,48122,41470,45881,35334,45759,40084,71751,24908,45759,24043,25067,32570,27991,39320,161299,32292,72563,23835,46743,40166,25056,81047,43828,87793,24039,40201,63756,33055,109320,39595,52644,141630,90200,44365,36366,34443,34277,38033,42857,76886,38472,36337,26638,30669,28032,26111,25186,101120,37741
,36042,35762,36721,55299,47486,41512,45982,35330,45936,40139,71849,24967,45936,24075,25088,32442,27901,39264,160827,32183,75567,23860,46531,40178,25057,79289,43686,89047,24055,40227,63479,31625,109020,39479,54757,141071,69867,44426,36099,34446,34267,38056,42890,76764,38462,36465,26635,31244,28010,26123,25186,101030,37740
,35993,35774,36096,55272,46739,41478,46075,35334,46144,40203,69764,25036,46144,24113,25116,31909,27812,39235,160743,32150,69142,23891,46468,40082,25063,78178,43873,92215,24078,40233,63237,30351,108750,39380,58495,141794,50881,44345,35844,34454,34257,38076,43001,76636,38462,36626,26646,31791,27991,26141,25189,100930,37729
,35932,35777,35793,55434,46284,41594,46064,35325,46484,40259,66654,25076,46484,24122,25128,30989,27733,39213,159884,32203,64080,23934,46529,40131,25077,77650,43787,99124,24094,40199,63054,29456,108470,39236,59189,142464,44722,44261,35685,34453,34255,37927,43183,76515,38445,36758,26645,32266,28009,26160,25195,100830,37713
,35873,35782,35643,55519,45926,42202,46026,35316,46905,40328,63346,25118,46905,24133,25145,29882,27663,39193,160348,32133,62306,23990,46564,40058,25102,77797,43877,110690,24120,40210,62762,28803,108240,39099,60270,142889,43124,44405,35576,34449,34255,37698,43491,76400,38430,36922,26654,32649,28043,26187,25209,100720,37698
,35839,35793,35536,55644,45808,42972,45971,35314,47286,40389,59883,25190,47286,24149,25148,28843,27596,39188,160028,32133,61527,24034,46616,40108,25113,77900,43791,124150,24146,40189,62432,28341,108020,39058,62547,143452,42433,44495,35491,34448,34258,37383,44065,76286,38422,37149,26654,32906,28059,26200,25212,100600,37678
,35811,35813,35489,55699,46038,43501,45927,35319,47697,40470,56017,25285,47697,24180,25160,27857,27546,39202,159639,32154,60733,24087,46854,40011,25131,77233,43848,134720,24186,40190,62178,28047,107810,39064,59021,143638,42210,44433,35435,34447,34261,37038,44792,76180,38424,37465,26666,33044,28075,26216,25222,100480,37665
,35755,35841,35445,55865,46555,43326,46021,35340,48318,40638,52570,25422,48318,24281,25256,27199,27515,39212,159780,32229,58962,24197,47121,40016,25212,77419,43895,137440,24308,40176,61462,27896,107660,39093,52613,144444,41893,44416,35408,34445,34259,36744,45792,76104,38444,37881,26760,32963,28129,26290,25283,100360,37694
,35690,35878,35428,55842,46931,43189,46184,35375,48985,40840,49691,25579,48985,24402,25380,26702,27495,39211,159714,32342,57037,24322,47232,40076,25309,77677,43879,132070,24456,40208,61024,27846,107530,39151,48636,144967,41891,44431,35408,34443,34255,36493,46816,76050,38477,38437,26882,32764,28193,26376,25360,100230,37743
,35629,35947,35432,55949,47477,43416,46324,35399,49672,41087,48231,25764,49672,24543,25505,26314,27578,39289,160885,32300,55700,24471,47116,39971,25420,77761,43911,120830,24595,40209,60937,27870,107390,39236,47423,145807,41990,44486,35418,34441,34251,36318,47818,75985,38533,39178,27018,32494,28240,26473,25441,100120,37788
,35569,36030,35459,56063,47628,44908,46488,35430,50294,41348,47868,25957,50294,24681,25621,26015,27683,39294,161975,32207,54789,24616,47406,39981,25526,78149,43884,107400,24716,40263,60273,27940,107260,39346,47130,145861,42314,44512,35445,34440,34248,36207,48596,75932,38599,40088,27153,32185,28265,26559,25515,100000,37840
,35516,36112,35538,56050,47525,46802,46766,35512,50666,41532,48334,26111,50666,24734,25714,25714,27655,39432,162866,32262,54081,24663,47543,40014,25547,78159,43894,96686,24803,40268,59996,27936,107220,39474,47056,146681,43810,44485,35519,34439,34244,36193,48779,75952,38669,41303,27219,31935,28319,26563,25557,99871,37915
,35468,36191,35633,56523,47081,46896,47056,35607,50853,41705,49479,26259,50853,24749,25787,25442,27577,39474,164219,32150,53613,24673,47790,40064,25530,79611,43948,89778,24851,40197,59295,27918,107160,39608,46992,147482,47237,44418,35604,34438,34241,36255,48306,75993,38735,42698,27253,31720,28343,26527,25575,99744,37991
,35422,36289,35740,57406,46687,45326,47396,35701,50807,41867,51424,26392,50807,24750,25777,25217,27495,39633,164731,31981,53177,24681,48212,39912,25510,81453,43924,86226,24793,40162,59040,27928,107060,39810,47017,148989,48580,44583,35704,34437,34237,36333,47563,76052,38800,44145,27274,31528,28246,26462,25557,99617,38094
,35380,36381,35834,59562,46263,43573,47686,35782,50581,42044,53222,26551,50581,24735,25738,25023,27397,39722,164200,31966,52742,24684,48666,40004,25479,82306,43865,84928,24684,40228,58602,27948,106940,40030,47227,151607,46851,44486,35794,34436,34234,36453,46600,76106,38850,45400,27278,31376,28107,26380,25513,99500,38187
,35353,36419,35865,62760,45983,42672,47684,35822,50139,42344,54588,26709,50139,24713,25717,24832,27293,39871,164993,32048,52731,24704,49363,40006,25421,81925,43892,83910,24555,40210,58183,27951,106800,40109,47532,153227,46095,44521,35794,34436,34236,36728,45647,76076,38873,45909,27256,31344,28034,26299,25447,99426,38198
,35334,36431,35858,63696,45843,42663,47530,35834,49577,42695,55976,26944,49577,24697,25716,24658,27185,40014,166095,32129,52594,24740,49358,40006,25356,80090,43926,83381,24413,40291,57658,27952,106640,40167,48092,153309,45293,44546,35750,34435,34241,37062,44718,76010,38873,45894,27220,31365,27979,26219,25368,99375,38152
,35319,36425,35766,61349,45766,43069,47210,35774,48945,43057,56924,27323,48945,24651,25721,24505,27060,40157,167804,31992,52616,24782,49466,40047,25307,78172,43964,83094,24288,40227,57278,27996,106470,40281,48193,151803,43664,44625,35687,34435,34245,37332,44020,75911,38804,45073,27199,31412,27919,26158,25267,99335,38109
,35308,36407,35640,58658,45940,43167,46810,35683,48292,43416,57338,27883,48292,24603,25759,24373,26940,40166,169302,32165,52732,24840,49238,40035,25269,77199,43996,83020,24174,40223,56479,28049,106290,40434,47982,150715,42925,44756,35608,34435,34250,37593,43471,75792,38708,43675,27179,31468,27863,26110,25163,99308,38052
,35299,36382,35551,57201,45993,43440,46377,35613,47761,43790,56397,28640,47761,24623,25918,24273,26850,39870,168775,32432,52869,24963,49120,40087,25258,76928,44028,82785,24094,40193,56325,28062,106090,40732,47673,150204,42695,44850,35514,34436,34257,37838,43130,75698,38631,42219,27135,31487,27819,26075,25113,99291,37983
,35292,36360,35471,56413,46120,43708,45952,35549,47304,44113,54156,29648,47304,24660,26166,24194,26768,39724,167862,32844,52968,25102,49036,40116,25258,76576,44088,82573,24033,40195,55660,28064,105900,41109,47879,150550,43325,44882,35417,34439,34264,38127,42921,75611,38558,40747,27086,31474,27783,26050,25085,99284,37911
,35287,36332,35393,56250,45956,43404,45695,35480,46917,44351,51250,31036,46917,24706,26394,24135,26692,39615,168328,33389,53030,25262,49213,40122,25271,76902,44068,82527,23984,40243,55254,28046,105830,41443,48093,151515,44963,44964,35350,34439,34271,38336,42839,75514,38488,39563,27038,31442,27752,26036,25060,99289,37838
,35283,36314,35324,56544,46119,42804,45528,35417,46620,44452,48613,32712,46620,24747,26679,24091,26622,39674,167808,34042,53554,25411,49434,40117,25285,77288,43951,82573,23947,40195,54544,28030,105800,41802,47912,151767,50050,44952,35297,34440,34278,38312,42833,75420,38423,38637,26997,31342,27724,26028,25041,99304,37769
,35279,36350,35280,56438,46362,42426,45416,35387,46411,44370,47141,34828,46411,24715,27238,24050,26554,39634,168207,34843,54763,25441,49338,40273,25269,77572,44061,82630,23915,40225,54564,28035,105740,42309,47675,152838,58659,45177,35245,34446,34278,37781,42752,75352,38376,37955,26980,31200,27694,26011,25019,99314,37736
,35275,36417,35249,56639,46813,42551,45354,35372,46313,44165,46315,37154,46313,24649,27901,24019,26490,39561,168630,35548,56910,25417,49661,40317,25240,77823,44045,82747,23891,40251,53861,28073,105700,42895,47651,153871,59329,45162,35202,34453,34276,37062,42670,75299,38338,37460,26980,30861,27665,25993,24999,99327,37719
,35275,36493,35228,56774,46849,42987,45396,35368,46384,43913,46221,39572,46384,24581,28580,23992,26428,39401,169242,36222,59949,25381,50296,40445,25211,78257,44049,82965,23870,40248,53520,28127,105610,43406,47689,154671,61246,45272,35165,34463,34272,36565,42636,75241,38307,37123,26985,30477,27637,25977,24979,99356,37704
,35275,36587,35214,56801,46679,43147,45495,35372,46605,43603,46537,41968,46605,24501,29237,23973,26369,39336,169775,36706,64278,25321,51216,40549,25178,78029,44190,83247,23856,40178,52901,28227,105520,43955,47955,153880,71174,45394,35139,34472,34268,36171,42623,75191,38281,36902,27003,30202,27611,25963,24963,99394,37696
,35259,36715,35193,56803,46281,42831,45473,35372,46944,43215,47302,44163,46944,24405,29816,23977,26318,39353,170659,37293,69092,25231,52138,40638,25150,78601,44055,83670,23858,40216,52719,28478,105630,44664,47967,153859,63466,45448,35133,34464,34262,35930,42611,75169,38253,36680,27054,29871,27592,25957,24958,99425,37697
,35240,36863,35173,56746,45938,42393,45437,35376,47477,42802,48383,46125,47477,24304,30283,23989,26270,39324,171398,38156,71953,25125,53300,40767,25123,79445,44036,84233,23865,40295,52456,28801,105840,45497,48081,153577,49683,45576,35138,34450,34256,35782,42609,75155,38227,36494,27124,29563,27575,25955,24956,99465,37701
,35216,37004,35154,56791,45730,42073,45611,35387,48082,42396,49585,47700,48082,24193,30539,24012,26225,39338,172451,39720,70316,25000,53615,40647,25095,79906,44180,84508,23881,40285,51879,29167,105950,46417,48696,152994,44572,45628,35157,34432,34249,35689,42622,75153,38204,36378,27191,29249,27562,25957,24959,99504,37713
,35194,37151,35138,56851,45635,42017,45915,35403,48926,42012,50271,48894,48926,24086,30629,24036,26181,39357,172058,43436,65026,24870,53597,40569,25067,80694,44185,84955,23897,40269,51459,29555,106080,47492,49180,153662,43278,45849,35181,34413,34242,35640,42647,75149,38184,36299,27266,28964,27551,25959,24961,99558,37724
,35188,37339,35134,57015,45486,42122,45930,35432,50351,41738,50145,49687,50351,24013,30458,24027,26130,39427,172754,52018,60440,24773,53100,40544,25040,82518,44081,85941,23890,40321,51028,29920,106580,48714,49458,154148,42801,46150,35192,34407,34238,35569,42691,75100,38169,36198,27376,28783,27532,25952,24944,99676,37704
,35189,37530,35134,57085,45476,42238,46068,35469,52072,41524,49281,49982,52072,23958,30128,24006,26076,39499,173584,63978,57860,24689,52928,40439,25014,85466,44165,87514,23876,40233,50623,30236,107130,50174,52091,155313,42522,46590,35200,34406,34235,35505,42748,75034,38158,36103,27493,28664,27511,25943,24920,99826,37673
,35192,37733,35141,57178,45435,42893,46690,35505,54391,41357,48293,49877,54391,23910,29717,23985,26023,39567,175129,69652,56637,24601,52987,40386,24991,93081,44189,89823,23860,40340,50383,30580,107570,51930,55468,157073,42456,47531,35193,34406,34232,35470,42799,74961,38148,36030,27609,28585,27499,25931,24895,99988,37629
,35197,37917,35149,57356,45646,45997,47853,35544,56784,41230,47449,49673,56784,23872,29232,23960,25970,39491,178849,63203,56127,24520,52611,40306,24969,104590,44204,92870,23842,40334,50050,30851,107960,54021,60026,160724,42408,48710,35182,34407,34230,35448,42850,74882,38140,35969,27715,28545,27488,25919,24868,100150,37580
,35200,37985,35132,57293,45660,48840,49421,35614,58853,41111,46978,49555,58853,23843,28723,23939,25914,39562,180774,51297,55746,24458,52449,40359,24946,137737,44182,97193,23828,40326,49586,30808,108000,56632,99483,167281,42341,51425,35192,34405,34228,35422,42948,74812,38131,35913,27769,28509,27472,25916,24837,100350,37558
,35204,37993,35108,57501,45948,48912,51885,35694,60510,41018,46684,49382,60510,23823,28202,23919,25858,39498,180454,41434,55981,24406,51629,40260,24923,233904,44206,102150,23816,40311,49236,30601,107810,59651,166176,195412,42378,57356,35207,34403,34226,35400,43053,74743,38121,35863,27787,28505,27455,25916,24806,100530,37540
,35208,37986,35080,57645,46144,46123,55353,35751,61170,40951,46830,49330,61170,23817,27641,23898,25800,39452,178490,35546,55720,24361,50229,40267,24901,306590,44249,108070,23801,40398,48886,30260,107300,63067,158994,269278,42334,72126,35224,34401,34223,35388,43116,74670,38120,35819,27802,28516,27437,25925,24772,100620,37512
,35213,37952,35052,57920,46224,43972,60164,35802,61123,40910,47173,49149,61123,23821,27096,23878,25743,39455,177364,32961,55735,24320,48395,40295,24880,263091,44279,114320,23786,40331,48609,29846,106640,67324,94503,270344,42280,106452,35239,34399,34221,35380,43149,74599,38122,35780,27790,28603,27421,25936,24738,100870,37484
,35218,37887,35047,58213,46317,43174,67428,35873,60299,40919,47822,48554,60299,23822,26677,23870,25695,39340,177016,31955,56117,24263,46989,40297,24856,161153,44304,119020,23780,40278,48379,29481,106080,73062,55003,197359,42341,157483,35235,34397,34217,35365,43171,74514,38099,35741,27693,28722,27415,25919,24713,101020,37415
,35224,37804,35052,59047,46429,43604,76640,35948,58876,40958,49144,47608,58876,23830,26330,23867,25652,39388,177683,31581,57336,24202,46187,40275,24832,104403,44238,120050,23777,40402,48247,29145,105560,79805,48992,164374,42284,163359,35224,34394,34213,35351,43292,74409,38070,35705,27553,28893,27413,25897,24692,101170,37336
,35230,37708,35056,60597,46243,47418,87303,36016,56933,41015,50967,46133,56933,23857,26064,23865,25610,39342,178664,31637,61566,24143,45907,40478,24808,92629,44260,115670,23766,40379,48048,28860,105210,87673,49548,158421,42325,113382,35209,34392,34211,35339,43567,74386,38076,35669,27397,29101,27414,25884,24670,101350,37335
,35236,37607,35063,63187,46306,60170,97084,36081,54947,41090,53547,44220,54947,23900,25857,23865,25571,39349,179197,31792,73611,24085,45838,40383,24785,98923,44390,108260,23755,40394,47848,28656,104950,96119,54272,157218,42351,74507,35193,34389,34210,35329,44116,74261,38093,35636,27226,29357,27415,25877,24649,101540,37355
,35242,37520,35072,66574,46187,81296,103170,36140,53192,41172,56629,42013,53192,23944,25681,23868,25529,39339,180843,32036,116792,24033,45667,40383,24761,120571,44381,100140,23748,40439,47715,28506,104740,105090,61817,156636,42418,59577,35186,34386,34200,35324,45025,74175,38086,35614,27059,29695,27410,25892,24628,101670,37324
,35249,37445,35079,67612,46301,91393,102120,36189,51478,41260,59966,39655,51478,24004,25540,23871,25489,39390,185020,32125,220607,23984,45612,40391,24738,140995,44401,92679,23742,40516,47654,28483,104570,113820,61087,156471,42474,54398,35182,34383,34187,35323,46289,74088,38075,35597,26897,30092,27403,25916,24607,101800,37282
,35256,37373,35099,66163,46232,81830,93191,36261,49706,41355,63887,37246,49706,24101,25415,23878,25449,39384,193933,32229,254505,23938,45640,40497,24715,138550,44484,87918,23737,40499,47433,28681,104510,121250,53592,156570,42710,51755,35182,34381,34186,35324,48442,73958,38069,35580,26722,30513,27395,25945,24588,101950,37248
,35263,37317,35122,65481,46540,63193,80126,36328,48161,41449,67609,34908,48161,24233,25315,23883,25410,39430,205758,32028,183685,23895,45753,40583,24694,118401,44517,85145,23732,40537,47370,29159,104520,126470,48967,156996,42984,50369,35183,34378,34188,35327,50876,73818,38064,35563,26556,30971,27388,25980,24569,102120,37218
,35270,37297,35100,69926,46420,50302,67176,36311,47004,41532,70480,33022,47004,24372,25262,23878,25376,39430,212350,31755,113915,23861,45793,40594,24678,99707,44728,83788,23727,40586,47269,29710,104380,129500,48034,157152,43222,49750,35176,34376,34186,35333,53632,73819,38064,35540,26450,31505,27384,25993,24554,102340,37204
,35277,37304,35066,75260,46684,44976,57120,36268,46097,41607,72601,31413,46097,24559,25239,23869,25343,39374,211017,31135,78129,23833,45992,40673,24664,90512,44858,83350,23724,40644,47140,30669,104210,129800,48004,157433,43673,49174,35171,34375,34183,35341,55963,73860,38065,35516,26373,32075,27381,26007,24540,102580,37198
,35282,37346,35073,79200,46792,43437,51345,36222,45312,41673,73779,30085,45312,24819,25230,23860,25313,39426,202739,30842,67434,23808,45937,40681,24653,87529,45189,83147,23720,40644,47099,32316,104470,128080,48646,157665,44187,49058,35160,34374,34182,35350,56897,73765,38067,35494,26308,32670,27379,26052,24527,102900,37194
,35287,37416,35090,79233,46922,43107,48532,36182,44673,41726,74160,28995,44673,25176,25240,23850,25284,39430,195753,30812,68089,23787,46156,40745,24642,86649,46995,83337,23718,40622,47131,34642,104840,125240,48931,157832,46012,49028,35153,34374,34181,35361,56522,73642,38077,35471,26256,33279,27378,26117,24515,103250,37193
,35296,37485,35082,76928,46933,43038,46997,36204,44155,41755,73690,28101,44155,25629,25275,23839,25255,39463,191256,30555,70731,23772,46405,40758,24633,86688,48968,83461,23715,40719,46890,38093,104700,120480,49350,157976,51125,48732,35171,34373,34181,35377,54035,73579,38065,35450,26209,33819,27374,26169,24506,103350,37195
,35305,37581,35069,71929,47071,43043,46239,36264,43741,41763,72398,27380,43741,26233,25320,23829,25227,39389,190138,30581,71535,23760,46483,40745,24624,87609,47732,83771,23713,40802,46765,42502,104440,114720,49378,157793,57404,48746,35198,34372,34181,35396,50712,73535,38106,35432,26170,34362,27369,26246,24497,103380,37197
,35316,37714,35059,66386,47397,42906,45752,36336,43437,41763,70671,26841,43437,27009,25394,23818,25201,39488,189909,30507,68115,23752,46340,40855,24616,89052,46049,84650,23712,40721,46423,47209,104430,108530,48993,158346,55429,48577,35230,34372,34181,35417,47593,73545,38128,35409,26128,34914,27371,26350,24491,103740,37206
,35326,37889,35052,62556,47505,42814,45561,36438,43210,41744,68771,26440,43210,27941,25474,23807,25175,39483,189044,30492,64079,23748,46172,40852,24609,89597,45076,85700,23711,40630,46264,51073,104480,102090,48837,158548,48727,48305,35265,34372,34182,35439,44890,73604,38148,35387,26089,35510,27364,26512,24484,104160,37216
,35327,38144,35054,60584,47654,42687,45253,36593,42992,41673,67465,26050,42992,29317,25487,23806,25151,39488,191050,30493,61323,23741,45910,40939,24601,89270,44579,87185,23710,40864,46067,52961,104550,96112,48709,158329,46375,48375,35277,34371,34182,35452,43583,73534,38135,35383,26079,36242,27363,26781,24477,104340,37205
,35325,38470,35061,59561,47618,42812,44995,36779,42805,41573,66718,25733,42805,30783,25480,23807,25129,39466,196225,30464,59864,23736,45901,41114,24594,88486,44619,88570,23709,41080,45836,52650,104640,90453,48572,159042,47535,48098,35287,34371,34181,35461,42950,73512,38108,35385,26081,37102,27363,27157,24471,104450,37187
,35322,38796,35074,59106,47635,43363,44865,37014,42659,41463,65798,25540,42659,32295,25496,23811,25106,39446,199108,30448,62129,23734,45736,41173,24587,87218,44541,89032,23710,40816,45638,50552,104750,85179,48163,158857,47488,47933,35297,34371,34179,35472,42649,73726,38083,35370,26062,37972,27362,27654,24464,104590,37183
,35319,39170,35089,58867,47681,43753,44803,37277,42544,41339,65178,25348,42544,33606,25524,23816,25085,39464,199507,30422,67309,23735,45783,41415,24581,86883,44516,88810,23713,40515,45448,47719,104880,80452,48016,159322,45145,47718,35313,34371,34178,35484,42560,73951,38059,35351,26042,38991,27361,28187,24458,104720,37183
,35320,39738,35097,58812,47635,44033,44732,37483,42448,41202,64476,25186,42448,34229,25549,23821,25065,39467,200991,30444,67747,23738,45806,41473,24576,86667,44495,87815,23709,40468,45240,45521,105040,76266,48027,159880,43885,47627,35367,34371,34179,35493,42362,74148,38034,35344,26041,40349,27361,28849,24454,104780,37175
,35325,40388,35106,58708,47774,44685,44676,37647,42366,41061,64000,25043,42366,34351,25596,23825,25046,39458,201025,30618,63233,23744,46000,41753,24571,87229,44419,86490,23704,40350,45119,44031,105210,72550,47817,159626,43414,47516,35443,34371,34181,35504,42189,74739,38012,35342,26049,42099,27360,29456,24449,104810,37165
,35326,41035,35114,58789,47856,45912,44669,37789,42320,40895,63892,24938,42320,33703,25671,23832,25028,39493,197652,30615,59510,23753,46280,41643,24566,86098,44333,85268,23708,40339,44995,43559,105390,69199,47528,160363,43176,47480,35498,34371,34187,35514,42124,76329,38019,35339,26061,44090,27360,29773,24446,104910,37155
,35327,41692,35125,58682,48239,46711,44679,37870,42288,40730,64370,24854,42288,32528,25796,23840,25010,39536,194256,30619,57746,23766,46432,41604,24562,84204,44391,84317,23713,40300,44919,43641,105560,66215,47367,161255,43020,47221,35570,34371,34192,35527,42108,79051,38048,35337,26082,46575,27359,29879,24442,105010,37146
,35339,42326,35150,58636,48798,46249,44648,37819,42200,40626,64844,24764,42200,31098,26000,23846,24990,39489,192718,30636,57627,23791,46926,41449,24558,81787,44490,83807,23714,40359,44837,43746,105640,63574,47389,161441,42966,47214,35690,34371,34186,35560,42078,82475,38044,35338,26116,50084,27354,29557,24439,105030,37142
,35354,42848,35181,58700,49445,45724,44607,37686,42099,40546,64010,24680,42099,29628,26314,23854,24970,39617,192509,30708,58195,23825,47201,41371,24553,80284,44532,83538,23714,40325,44578,43980,105680,61230,47352,162094,42838,47051,35867,34371,34179,35604,42053,87295,38071,35340,26162,54313,27349,29034,24437,105020,37139
,35369,43153,35214,58496,50701,49803,44577,37388,42041,40478,61515,24611,42041,28359,26682,23854,24950,39620,193802,30587,59889,23863,47514,41332,24549,79535,44275,83430,23716,40351,44521,44047,105650,59201,47282,162352,42725,47144,36076,34371,34167,35629,42068,95149,38168,35343,26219,59317,27342,28352,24434,105010,37143
,35386,43256,35251,58829,52362,59472,44550,37023,41997,40420,58469,24551,41997,27243,27215,23855,24930,39679,195304,30608,63418,23905,47904,41197,24544,78794,44361,83421,23718,40295,44482,44121,105560,57420,47501,163401,42669,47082,36355,34371,34155,35654,42092,105200,38371,35348,26287,65728,27334,27622,24432,104990,37151
,35404,42913,35282,58796,54045,63171,44527,36727,41944,40344,54706,24497,41944,26502,28016,23878,24910,39700,197156,30772,73160,23951,47817,40993,24541,77992,44392,83221,23719,40228,44376,44217,105660,55706,47646,163535,42701,47007,36794,34371,34161,35720,42073,117750,38647,35353,26367,73775,27327,27185,24430,104950,37137
,35421,42341,35308,58695,54895,58502,44509,36456,41895,40269,51526,24449,41895,25969,29082,23905,24890,39625,198306,30703,92699,24000,47461,40705,24537,77721,44294,82992,23720,40340,44293,44415,105620,54137,47865,163909,42766,46906,37331,34371,34173,35797,42041,131280,39025,35358,26461,83005,27318,26870,24428,104900,37117
,35441,41635,35374,59140,54938,50451,44492,36200,41846,40208,49295,24409,41846,25579,30539,23928,24871,39713,199171,30736,114078,24050,46780,40361,24534,77816,44357,82802,23721,40304,43990,45054,105520,52828,48135,163689,42655,47127,37977,34371,34189,35878,42012,140020,39845,35364,26555,92930,27313,26629,24426,104840,37125
,35459,40850,35443,59405,54816,46957,44480,35973,41801,40156,48049,24375,41801,25304,32084,23947,24851,39744,201115,30731,119722,24102,46313,40124,24530,78916,44308,82610,23723,40226,43959,45998,105960,51687,48416,164346,42729,47074,38653,34371,34204,35955,41985,142150,40763,35371,26660,102000,27309,26456,24425,104780,37140
,35465,40148,35439,59289,54618,47077,44485,35815,41785,40111,47198,24341,41785,25010,33529,23942,24834,39851,202475,30668,107860,24158,46153,40052,24528,81078,44329,82589,23726,40276,43908,46859,105990,50597,49254,164251,42989,47090,39408,34372,34206,35989,41968,134740,41640,35381,26809,108860,27293,26317,24425,104770,37141
,35467,39493,35413,59165,55223,51240,44498,35697,41780,40073,46677,24310,41780,24752,34692,23928,24817,39906,204551,30676,92531,24220,46151,39917,24525,85566,44419,82634,23730,40214,43682,47491,105980,49602,50909,164283,43800,47153,40094,34372,34203,36001,41954,120380,42326,35393,26977,111790,27273,26215,24426,104770,37139
,35464,38910,35390,59093,56279,60465,44509,35605,41742,40035,46478,24283,41742,24568,35381,23912,24801,39923,207717,30609,88907,24285,46337,39923,24524,95266,44325,82583,23733,40129,43630,47732,106110,48733,54856,165129,44924,47417,40554,34372,34198,36011,41954,104910,42464,35405,27144,109780,27272,26139,24426,104780,37139
,35459,38392,35371,59249,56954,76390,44523,35537,41700,40009,46280,24261,41700,24427,35638,23897,24785,40088,215227,30702,100045,24336,46509,40005,24521,106271,44242,82524,23736,40162,43457,47553,106300,47929,62323,165316,46186,47534,40796,34373,34191,36011,41959,91286,42138,35417,27314,103590,27274,26088,24427,104800,37139
,35459,37980,35376,59385,57240,82678,44548,35478,41684,39984,46294,24246,41684,24305,35069,23895,24770,40327,228711,30931,109535,24382,46780,40147,24517,108518,44384,82604,23741,40198,43479,46544,106430,47255,68216,165669,45929,47806,40636,34374,34190,35990,41950,84200,41278,35430,27468,94118,27264,26053,24428,104790,37143
,35459,37637,35397,59593,56538,75302,44574,35431,41676,39962,46128,24235,41676,24203,34053,23902,24754,40586,235497,31049,101471,24418,46620,40530,24513,101298,44294,82721,23746,40185,43278,45023,106610,46666,67744,166175,44432,48011,40252,34374,34189,35960,41941,80332,40235,35444,27604,83313,27253,26033,24429,104790,37147
,35457,37353,35450,60051,55438,65531,44605,35406,41668,39947,46111,24232,41668,24137,32724,23921,24739,40827,227220,31127,84952,24453,46417,41077,24505,93974,44313,82762,23752,40094,43236,43030,106850,46165,61891,166390,43286,48286,39607,34376,34190,35916,41927,78430,39399,35457,27771,72896,27229,26031,24431,104780,37155
,35454,37116,35527,61136,54585,79918,44631,35393,41660,39933,46398,24233,41660,24088,31275,23951,24724,41237,213492,31165,71742,24481,46427,41473,24498,92840,44311,82951,23758,40103,43160,40777,107190,45729,58124,167405,42779,48502,38857,34377,34191,35869,41909,77606,38685,35470,27918,63421,27202,26036,24432,104770,37163
,35441,36894,35599,62834,54407,127155,44618,35375,41640,39912,46611,24228,41640,24010,30108,23982,24708,41564,206397,31332,64857,24482,46625,41570,24500,99250,44301,83098,23756,40151,43049,38361,107940,45301,60722,167647,42461,49118,38275,34376,34183,35854,41943,76659,38386,35477,27962,55985,27217,26025,24430,104800,37156
,35425,36699,35698,66924,53927,164814,44586,35364,41615,39890,46862,24226,41615,23927,29150,24028,24691,41666,203854,31495,62447,24471,46871,41618,24504,112181,44313,83263,23751,40152,42930,36014,108880,44912,77087,168412,42420,49212,37779,34374,34172,35850,41990,76069,38281,35481,27934,50013,27244,26010,24427,104840,37143
,35404,36538,35828,71677,53556,170246,44550,35356,41590,39866,47489,24219,41590,23853,28500,24081,24675,41551,208288,31881,62858,24454,47011,41662,24511,122575,44302,83449,23745,40103,42860,34175,109770,44556,103531,169548,42683,48975,37406,34372,34160,35843,41954,75737,38223,35483,27864,45390,27213,25991,24423,104880,37143
,35383,36403,36021,73114,52366,141665,44507,35356,41564,39841,48350,24218,41564,23785,28105,24152,24659,41270,212339,31926,64405,24435,47050,41491,24518,123656,44271,83656,23738,40023,42934,32660,110690,44243,137571,170705,43763,48472,37150,34369,34148,35838,41897,75766,38228,35483,27742,41852,27167,25971,24419,104920,37146
,35375,36281,36284,70539,51462,107239,44464,35387,41540,39830,49006,24245,41540,23732,27986,24276,24642,41020,211500,31942,67532,24418,46802,41311,24510,121570,44287,83802,23735,40075,42826,31554,111730,44011,232193,170961,46785,47668,37032,34369,34146,35836,41891,76449,38179,35485,27478,39013,27155,25958,24415,104950,37137
,35370,36175,36686,65946,50304,78919,44419,35439,41517,39823,49767,24280,41517,23689,28108,24432,24624,40673,208379,32110,69487,24405,46516,41059,24497,123302,44217,83953,23732,40043,42606,30747,112750,43828,295218,170655,49200,46976,36994,34369,34147,35832,41897,77479,38129,35487,27165,36821,27151,25956,24410,104970,37126
,35367,36089,37170,62607,49700,66861,44370,35478,41493,39802,50538,24334,41493,23652,28413,24606,24606,40423,207256,32050,68637,24393,46171,40894,24482,127482,44254,84231,23731,40123,42557,30179,113760,43697,235372,170279,47155,46536,37010,34370,34155,35835,41894,79099,38127,35490,26867,35131,27141,25950,24406,104990,37112
,35364,36016,37864,60827,49114,63738,44320,35526,41470,39779,51321,24392,41470,23620,28892,24795,24588,40261,206530,31614,66746,24386,45947,40735,24466,127175,44242,84592,23729,40080,42494,29820,114650,43600,129907,169416,44010,46301,37048,34371,34164,35834,41890,80756,38144,35493,26584,33845,27129,25960,24401,105000,37099
,35353,35946,39006,60100,48746,62337,44285,35643,41452,39767,51912,24399,41452,23591,29647,25010,24572,40282,207751,31528,65434,24387,45649,40557,24460,119740,44262,84883,23726,40076,42522,29542,115130,43478,78171,170280,42788,46002,37016,34370,34163,35799,41883,82132,38125,35483,26397,32649,27116,26017,24396,104980,37102
,35339,35883,40444,59465,48608,59335,44255,35776,41437,39759,52326,24395,41437,23565,30491,25213,24558,40330,209004,31095,65271,24397,45277,40548,24456,107764,44193,85268,23722,40053,42373,29396,115350,43369,62065,170873,42290,45758,36959,34369,34160,35752,41876,83046,38107,35467,26258,31635,27101,26119,24391,104940,37108
,35326,35827,42354,59183,48342,56513,44228,35921,41421,39750,52836,24395,41421,23542,31438,25439,24543,40653,212848,31123,66145,24415,45078,40233,24454,97307,44275,85814,23719,40052,42343,29397,115360,43279,54943,171082,42119,45614,36851,34367,34164,35701,41868,82597,38109,35460,26136,30838,27086,26238,24386,104890,37120
,35311,35778,44419,59107,48218,56278,44203,36053,41407,39741,53061,24404,41407,23522,32288,25631,24529,40909,217116,30935,67086,24444,44768,40287,24451,91736,44111,86487,23715,40025,42278,29554,115110,43219,51261,171384,42006,45559,36718,34366,34170,35651,41859,81174,38125,35453,26037,30194,27071,26394,24382,104820,37131
,35292,35739,46389,59151,48121,62092,44177,36091,41394,39734,53732,24451,41394,23511,32764,25635,24516,41213,221591,30888,68852,24486,44697,40168,24447,89326,44228,87775,23712,40052,42249,29796,114700,43230,49503,172234,41932,45485,36629,34365,34190,35603,41849,79287,38176,35444,25950,29596,27055,26690,24376,104760,37125
,35271,35706,47844,58968,48319,75387,44151,36081,41382,39728,54248,24521,41382,23503,32938,25550,24502,40995,229371,30909,72414,24541,44670,40194,24442,87128,44241,89360,23709,40025,42135,30171,114070,43268,48725,172923,41880,45467,36534,34363,34222,35576,41840,77215,38240,35435,25876,29077,27040,27008,24371,104690,37113
,35248,35681,48254,59073,48129,80341,44126,36035,41379,39722,55167,24636,41379,23500,32511,25409,24489,40548,239996,30724,78560,24615,44793,40237,24437,85632,44200,90282,23706,40014,42083,30894,112950,43390,48430,173107,41864,45311,36415,34362,34229,35540,41828,75613,38301,35420,25818,28657,27025,27377,24366,104620,37099
,35226,35657,47395,59101,48231,73084,44103,35962,41381,39716,56154,24784,41381,23498,31772,25223,24477,40025,250132,30704,89691,24705,44968,40329,24432,84062,44266,91577,23702,40101,42080,31753,111610,43544,48516,174699,41884,45209,36335,34361,34244,35511,41816,74273,38352,35404,25770,28295,27010,27701,24361,104540,37085
,35213,35617,45464,59114,48384,61407,44081,35872,41352,39709,57273,24896,41352,23486,30750,25051,24464,39850,261492,30736,109153,24797,45107,40415,24427,83111,44319,92856,23700,39994,41921,32729,110200,43507,48355,176587,41752,45291,36250,34360,34338,35494,41811,73461,38400,35398,25723,28001,26995,27716,24357,104440,37081
,35204,35573,43098,59295,48427,55172,44062,35777,41316,39700,58214,25027,41316,23471,29656,24880,24451,39700,270933,30781,148206,24906,45061,40592,24422,82717,44200,95565,23700,40005,41926,33679,108780,43430,48376,179501,41799,45310,36173,34360,34444,35483,41808,72921,38433,35397,25681,27701,26982,27584,24354,104330,37082
,35196,35529,40971,59214,48754,52058,44044,35699,41320,39692,58560,25268,41320,23457,28713,24675,24438,39681,271122,30790,216327,25021,44692,40650,24418,82260,44079,100480,23697,39972,41800,34371,107670,43533,48262,182730,41898,45294,36103,34360,34612,35488,41807,72690,38392,35393,25644,27404,26967,27327,24352,104200,37082
,35190,35486,39103,59388,49088,50734,44028,35634,41335,39683,58843,25589,41335,23443,27885,24474,24426,39660,260433,30640,268606,25155,44294,40745,24413,82428,44244,113650,23696,40000,41816,34480,106700,43702,48403,186547,41779,45302,36039,34360,34769,35488,41806,72498,38318,35391,25613,27124,26949,26998,24350,104070,37083
,35183,35444,37864,59674,49422,51083,44011,35599,41325,39675,58754,25885,41325,23429,27378,24362,24415,39623,245742,30723,249234,25359,43977,40916,24408,81758,44207,143130,23702,39916,41807,33877,105830,43836,48808,187803,42013,45168,35971,34359,34715,35487,41794,72176,38261,35399,25596,26917,26946,26715,24347,103970,37088
,35176,35405,37045,59801,49777,51841,43996,35582,41311,39667,58743,26268,41311,23416,27047,24288,24404,39548,232763,30735,180128,25604,43636,40978,24402,81806,44200,195920,23709,39994,41742,32850,105070,43990,49029,189320,42041,45175,35906,34359,34585,35488,41779,71832,38203,35411,25586,26746,26934,26450,24345,103870,37093
,35171,35366,36509,60139,50073,50775,43983,35580,41301,39659,58496,26816,41301,23403,26845,24225,24393,39629,223143,30598,119439,25827,43577,40838,24396,81571,44266,271970,23722,39951,41720,31491,104410,44216,48619,192621,42549,45248,35843,34358,34405,35500,41759,71709,38125,35426,25588,26607,26892,26209,24339,103770,37102
,35165,35329,36204,60236,50555,47720,43971,35586,41293,39652,58043,27566,41293,23391,26752,24177,24384,39694,219579,30642,85404,26060,43449,40764,24390,81734,44327,352700,23735,40009,41605,30136,103830,44492,48183,197082,43798,45227,35785,34357,34261,35521,41739,71654,38046,35440,25595,26490,26903,26001,24332,103670,37112
,35159,35304,35949,60962,50894,45269,43963,35593,41288,39646,57621,28519,41288,23388,26641,24125,24374,39700,219707,30567,72169,26384,43193,40772,24386,81819,44193,404610,23727,39977,41584,29232,103360,44784,48042,201318,44889,45045,35739,34358,34209,35539,41731,71462,38003,35437,25573,26358,26886,25878,24337,103550,37105
,35153,35284,35782,61353,51525,44995,43959,35602,41285,39641,57082,29752,41285,23390,26577,24080,24365,39874,222347,30620,68128,26723,43179,40615,24383,82017,44269,408410,23713,39958,41558,28548,102980,45125,48246,202479,44291,45211,35702,34358,34201,35563,41725,71249,37973,35427,25543,26232,26871,25801,24346,103410,37095
,35146,35266,35666,62434,52636,45742,43954,35588,41283,39636,56392,31409,41283,23391,26632,24042,24356,39948,224951,30585,67009,27044,43024,40579,24380,81915,44275,361630,23698,39991,41576,28133,102530,45533,49573,202292,43454,45181,35667,34359,34204,35631,41738,71092,37948,35416,25537,26117,26858,25753,24339,103270,37085
,35139,35251,35597,63890,53944,45971,43951,35570,41282,39632,55551,33475,41282,23394,26766,24013,24348,40168,224740,30837,66927,27324,42969,40475,24377,81935,44235,282570,23684,39961,41545,27885,102100,46019,52310,200457,43858,45096,35638,34360,34218,35724,41758,70963,37927,35403,25537,26013,26847,25727,24328,103140,37076
,35135,35238,35537,66640,55289,45149,43956,35579,41282,39628,54995,35872,41282,23402,26902,24001,24341,40435,224385,30809,68049,27485,42899,40645,24372,82504,44280,202610,23684,39985,41501,27594,101860,46594,57272,196884,45413,45180,35612,34360,34207,35779,41714,70873,37898,35390,25527,25932,26835,25690,24327,103000,37071
,35131,35227,35494,71103,55570,44623,43963,35597,41281,39624,54749,38297,41281,23410,27107,23998,24334,40696,223532,30875,69981,27550,42916,40740,24365,83310,44315,142620,23692,39883,41460,27345,101690,47260,60615,192848,45829,45258,35589,34359,34192,35854,41654,70805,37868,35378,25516,25864,26824,25656,24328,102870,37071
,35128,35219,35485,74370,55023,44742,43975,35614,41282,39621,54620,40321,41282,23421,27387,24007,24327,40698,221753,31189,72211,27541,42829,41055,24358,84699,44223,108750,23699,39934,41351,27210,101590,48066,58612,189922,44247,45213,35570,34358,34180,35983,41668,70774,37842,35363,25509,25808,26813,25638,24328,102740,37079
,35125,35210,35489,73512,54126,45109,43988,35634,41283,39618,54706,41203,41283,23431,27780,24022,24322,40761,221058,31314,75615,27446,42948,41366,24351,86473,44306,93370,23711,39962,41396,27131,101500,48996,54819,189625,43380,45187,35553,34357,34169,36174,41703,70757,37821,35350,25503,25759,26802,25626,24328,102610,37097
,35121,35195,35466,69342,53338,45734,43984,35654,41278,39613,54878,40470,41278,23426,28352,24017,24320,40533,221041,31696,79335,27184,43097,41725,24347,87852,44367,86848,23739,39930,41311,27033,101250,49949,54360,191490,44235,45304,35533,34356,34166,36473,41698,70690,37804,35342,25498,25701,26786,25599,24325,102540,37108
,35115,35178,35435,65508,53229,46702,43975,35674,41270,39607,55053,38781,41270,23415,29058,24010,24320,40258,221745,31751,82658,26841,43199,42124,24344,88651,44231,84147,23772,39967,41337,26950,100950,51018,57031,194727,45294,45284,35514,34355,34165,36878,41681,70624,37793,35336,25494,25642,26767,25570,24321,102500,37123
,35109,35160,35417,62826,53192,48359,43966,35694,41262,39601,55097,36268,41262,23403,30009,24002,24320,40085,224327,31542,89026,26432,43339,42261,24342,89998,44288,82473,23818,40014,41231,26902,100640,52300,62130,199585,44279,45190,35496,34354,34167,37339,41678,70528,37790,35331,25486,25589,26749,25543,24315,102470,37182
,35102,35143,35400,61559,53304,53673,43960,35716,41253,39595,54982,33423,41253,23389,31036,23998,24322,40010,228889,31266,103868,26000,43567,42487,24341,92268,44296,82095,23870,39950,41283,26878,100330,53791,67504,207771,42937,45277,35480,34353,34169,37859,41675,70480,37791,35327,25477,25539,26729,25518,24310,102450,37263
,35102,35126,35361,60738,53382,69881,43959,35738,41245,39589,54710,30976,41245,23379,32133,24021,24326,39995,236292,31091,135450,25672,43766,42632,24336,94120,44324,81315,23887,39995,41225,26868,100150,55434,73496,218419,42152,45267,35463,34352,34165,38730,41652,70496,37803,35322,25483,25494,26710,25499,24307,102440,37305
,35103,35110,35315,60313,53541,89635,43961,35760,41237,39584,54321,28973,41237,23372,33105,24054,24331,39965,244988,30976,183787,25391,44059,42588,24330,95326,44370,80717,23904,39912,41334,26870,100030,57320,81734,229375,41996,45181,35445,34350,34159,39586,41623,70543,37819,35318,25493,25454,26691,25484,24305,102440,37369
,35109,35094,35286,60345,53812,104856,43978,35782,41229,39578,54075,27600,41229,23366,33868,24103,24337,40038,260148,30950,224170,25125,44050,42669,24325,95881,44382,80343,23955,39952,41278,26908,99951,59568,87973,238780,42042,45173,35433,34349,34153,40383,41591,70643,37822,35315,25484,25417,26672,25470,24302,102440,37468
,35114,35078,35266,60157,54138,102147,44003,35803,41221,39572,53782,26647,41221,23362,34345,24158,24344,40197,276633,30766,245798,24888,43983,42653,24319,95467,44345,80093,24040,40010,41332,26965,99885,62198,86631,245322,42028,45298,35425,34347,34147,40860,41560,70763,37819,35313,25470,25383,26654,25458,24300,102460,37635
,35107,35066,35228,60061,55047,87197,44020,35823,41215,39568,53667,25948,41215,23356,33913,24187,24348,40246,281451,30917,258052,24699,43772,42593,24314,93715,44389,79726,24147,39996,41155,26968,99724,65069,94979,244318,42017,45257,35413,34346,34146,40520,41549,70765,37809,35306,25465,25359,26636,25451,24297,102480,37922
,35096,35055,35199,60228,55517,67370,44048,35842,41210,39564,53596,25478,41210,23353,33054,24213,24353,40559,271860,30900,246659,24544,43708,42295,24311,90387,44502,79369,24300,40021,41122,26965,99542,68407,115588,229970,42108,45294,35404,34346,34147,39669,41546,70764,37795,35299,25463,25339,26620,25448,24294,102510,38299
,35085,35045,35215,60257,56542,53727,44061,35857,41205,39560,53654,25153,41205,23350,32019,24252,24359,40611,256766,30810,212961,24412,43617,41779,24307,87908,44422,79064,24556,39907,41186,27040,99370,72435,109670,215344,42195,45239,35408,34346,34143,38571,41543,70771,37775,35287,25458,25320,26598,25441,24291,102560,38896
,35075,35035,35280,60019,57311,46804,44087,35871,41202,39557,53532,24952,41202,23351,30886,24303,24365,40769,244636,30707,178715,24302,43390,41386,24304,86420,44395,78803,24865,39903,41177,27147,99219,77235,81809,204951,42233,45309,35416,34345,34139,37497,41544,70864,37754,35273,25454,25303,26573,25435,24288,102610,39541
,35077,35027,35319,60075,57623,44120,44221,35884,41199,39553,53597,24747,41199,23367,29855,24370,24370,41009,238318,30780,154563,24209,43400,41090,24300,85171,44388,78641,25270,39914,41150,27211,99130,82677,60168,198696,42326,45193,35437,34345,34150,36863,41546,71102,37745,35278,25451,25294,26573,25435,24285,102650,40226
,35085,35018,35474,60185,57624,43075,44396,35894,41196,39550,53624,24580,41196,23389,28955,24456,24377,41421,234466,30769,139449,24129,43236,40950,24296,84514,44547,78520,25676,39954,41166,27283,99111,89085,52600,195316,42543,45197,35460,34345,34164,36441,41549,71137,37740,35288,25449,25285,26581,25436,24282,102700,40810
,35095,35011,35678,60038,57205,42768,44543,35906,41195,39547,53592,24505,41195,23419,28315,24566,24382,41970,233226,30781,127970,24069,43264,40963,24293,84148,44549,78469,26054,39931,41154,27406,99107,96927,50096,192635,42695,45347,35468,34346,34160,36136,41558,71391,37742,35273,25448,25280,26556,25440,24279,102750,41045
,35109,35004,36146,60223,56811,42985,44707,35915,41194,39544,53779,24470,41194,23455,27840,24703,24389,42525,234860,30832,118693,24020,43244,40888,24289,84295,44564,78444,26348,40014,41128,27570,99218,106200,49379,191643,43128,45314,35467,34346,34151,35942,41567,71823,37747,35251,25449,25274,26523,25443,24277,102810,41039
,35131,34997,37112,60405,56357,43489,44839,35904,41195,39541,53649,24381,41195,23481,27445,24878,24404,42827,236054,30679,109973,23965,43334,40679,24285,84331,44522,78257,26370,39973,41155,27762,99468,116670,49311,189963,43451,45275,35450,34343,34149,35776,41559,72528,37733,35246,25451,25247,26513,25439,24274,102890,40559
,35156,34990,38554,60792,56671,44451,45012,35883,41196,39538,53472,24288,41196,23507,27147,25093,24422,42818,237773,30907,102718,23912,43335,40536,24281,84301,44575,78028,26243,39953,41074,28018,100160,128960,49489,189721,43857,45369,35425,34340,34149,35658,41547,73650,37716,35245,25456,25211,26509,25433,24272,102990,39874
,35202,34984,40748,60998,57064,45138,45299,35857,41199,39536,53463,24213,41199,23549,26966,25317,24446,42445,239698,30838,96607,23869,43216,40493,24277,84141,44545,77919,25899,40049,41091,28313,101170,142980,49555,189909,44508,45349,35394,34336,34150,35600,41514,75064,37716,35241,25460,25172,26503,25421,24271,103070,39116
,35257,34979,43629,61721,57973,45054,45765,35827,41204,39533,53284,24151,41204,23601,26865,25572,24472,42034,242809,30903,91820,23832,43463,40329,24273,82617,44663,77845,25470,39929,41067,28702,103010,158070,49587,189546,46389,45337,35358,34333,34152,35579,41479,77061,37726,35238,25467,25130,26498,25405,24269,103170,38350
,35267,34974,46491,62643,58391,44283,46225,35797,41209,39531,53291,24120,41209,23643,26784,25950,24485,41837,246648,30881,88759,23797,43711,40303,24270,80655,44516,77731,25110,39919,41015,29288,106410,174760,49528,189408,50622,45311,35324,34329,34153,35541,41505,80268,37728,35234,25483,25090,26490,25411,24268,103290,37925
,35278,34969,48718,63606,58542,43760,46966,35765,41215,39528,53102,24104,41215,23696,26741,26390,24493,41724,247927,30964,86856,23765,43967,40159,24266,79432,44596,77619,24821,39915,40915,30015,111660,191540,49578,190181,58150,45432,35291,34325,34154,35518,41549,84264,37743,35230,25503,25051,26483,25422,24267,103420,37646
,35333,34964,49537,63658,58715,43470,48351,35736,41223,39525,52888,24101,41223,23757,26749,26784,24525,41878,250970,30873,86188,23755,44154,40122,24262,79081,44515,77527,24602,39994,40980,30949,117700,207170,49484,190761,62258,45547,35255,34321,34156,35503,41578,89387,37783,35226,25528,25009,26474,25406,24266,103560,37410
,35428,34959,48357,63780,59011,46466,50213,35708,41232,39523,52623,24106,41232,23839,26789,27180,24562,42071,258058,31148,84423,23751,43931,39968,24258,79142,44525,77450,24449,39910,40959,31976,122710,220650,49151,192166,58319,45450,35220,34317,34158,35525,41600,95056,37863,35222,25556,24968,26466,25384,24266,103690,37240
,35547,34957,45810,65197,60371,52384,52970,35661,41243,39521,52300,24094,41243,23988,26832,27702,24580,42158,268835,31070,83088,23732,43911,39945,24255,79355,44548,77396,24355,39953,40901,33112,124540,230480,48540,194131,54366,45406,35196,34315,34153,35599,41609,100770,37973,35218,25576,24929,26464,25381,24265,103710,37103
,35727,34954,42548,66546,62534,54714,55889,35611,41256,39519,52231,24079,41256,24179,26884,28217,24592,42116,278837,31251,81015,23710,43855,39985,24251,80114,44577,77358,24322,39930,40895,34174,122660,236310,48009,196261,55150,45485,35177,34313,34146,35806,41615,105550,38162,35214,25595,24891,26465,25382,24263,103680,37002
,35985,34952,39792,66723,64054,51416,58531,35587,41269,39518,52122,24071,41269,24371,26954,28711,24606,42073,280048,31204,78485,23689,43944,40139,24248,81157,44506,77334,24331,39934,40886,35167,117840,236390,47729,197567,55064,45568,35162,34313,34138,35976,41582,106850,38423,35210,25623,24855,26467,25386,24262,103650,36948
,36302,34950,37604,65393,64872,46935,60203,35568,41284,39516,51919,24069,41284,24582,27029,29114,24620,41683,273041,31322,76294,23669,43789,40427,24244,82077,44488,77325,24405,39945,40896,35918,111670,230630,47445,200538,53596,45617,35150,34313,34130,36425,41558,105690,38794,35207,25656,24819,26469,25393,24262,103610,36923
,36871,34950,36259,63462,64170,44591,59641,35547,41303,39515,51860,24059,41303,24878,27083,29201,24634,41441,264090,31429,74953,23656,43871,41029,24241,82224,44568,77318,24537,39989,40947,35921,106170,220900,47510,204059,54962,45570,35135,34311,34126,37311,41578,101930,39432,35203,25684,24782,26466,25379,24261,103560,36890
,37475,34950,35661,61989,63388,43502,57220,35495,41325,39514,51545,24049,41325,25204,27125,29107,24649,41125,256748,31536,74498,23645,44081,41980,24237,81158,44596,77319,24767,40017,40874,35465,102280,208480,47565,208378,57128,45753,35124,34309,34124,38918,41644,96408,40216,35200,25718,24746,26460,25359,24260,103510,36863
,37983,34951,35298,61481,61112,43022,53911,35462,41350,39515,51398,24075,41350,25506,27170,28854,24663,40932,254175,31862,75378,23636,44574,43343,24234,80043,44700,77361,25089,39936,40909,34609,100010,194160,47727,213080,60656,45645,35114,34307,34124,41990,41815,90831,41124,35197,25752,24709,26453,25369,24260,103440,36858
,38205,34952,35192,61034,58783,42749,50688,35438,41376,39515,51359,24110,41376,25794,27205,28491,24678,40579,255121,31960,78314,23627,45566,44723,24230,79635,44558,77412,25568,39950,40912,33503,98841,178850,48405,215297,66972,45517,35108,34306,34125,44676,42073,85446,41998,35194,25797,24675,26446,25387,24260,103390,36863
,37842,34949,35058,60807,56510,42745,48419,35390,41398,39511,51658,24115,41398,26091,27211,28060,24697,40443,256109,32379,87548,23610,46706,45172,24227,80721,44713,77434,26219,39965,40904,32331,98201,164190,49383,215493,70109,45729,35123,34307,34127,45216,42332,81379,42738,35192,25886,24650,26442,25379,24262,103430,36851
,37117,34945,34992,60705,55341,43049,46860,35390,41419,39507,52037,24111,41419,26349,27201,27594,24717,40438,258188,33298,106893,23590,47896,44840,24225,83440,44664,77442,27060,39929,40873,31137,98039,150290,50898,213529,68405,45790,35149,34311,34129,42387,42701,78537,43250,35191,25997,24630,26438,25366,24265,103520,36838
,36485,34939,35024,60781,55017,43477,45905,35369,41441,39502,53307,24112,41441,26569,27176,27159,24739,40408,262522,34535,128936,23569,49402,44101,24222,87590,44660,77413,28368,39935,40951,30080,97925,137620,55539,211390,75837,45785,35180,34312,34136,39224,43189,76413,43231,35190,26122,24612,26436,25368,24269,103630,36828
,35938,34933,35104,60708,54978,43934,45393,35352,41466,39497,55510,24114,41466,26708,27140,26749,24760,40410,268052,35546,135840,23548,51331,42725,24220,92774,44619,77373,30028,39883,40964,29132,97949,126100,68906,208707,92949,45946,35218,34314,34146,36812,43889,74945,42871,35189,26255,24596,26433,25374,24273,103760,36825
,35698,34931,35210,60851,55131,45820,44894,35337,41498,39495,59455,24129,41498,26669,27108,26416,24783,40517,272292,35531,127871,23528,53227,41419,24217,97768,44573,77329,31444,39936,40866,28448,97926,116110,80950,205651,92736,45952,35252,34321,34157,35930,44905,73955,41956,35188,26391,24581,26427,25373,24276,103870,36836
,35690,34931,35316,61426,55045,51352,44532,35324,41534,39495,64149,24149,41534,26513,27069,26136,24805,40633,272711,34747,120615,23508,54248,40501,24215,100294,44772,77283,32303,39996,40931,27920,97912,107340,75037,203651,72836,46151,35287,34329,34173,35632,46215,73277,40851,35188,26534,24568,26419,25371,24280,103980,36856
,35775,34931,35380,62497,54929,54306,44412,35312,41579,39495,69052,24179,41579,26179,27026,25898,24828,40553,273883,33859,124167,23488,54132,40115,24212,96890,44572,77300,32276,39917,40972,27492,98018,99943,60258,201343,57911,46304,35331,34341,34184,35447,48072,72627,39630,35188,26659,24557,26416,25370,24284,104100,36889
,36104,34931,35410,68800,54720,52478,44406,35301,41628,39496,72964,24214,41628,25759,26973,25707,24851,40621,274548,33359,146609,23469,53437,39990,24210,89605,44715,77332,31566,39997,41053,27162,98144,93599,51170,199984,52251,46678,35381,34351,34200,35442,50420,71835,38640,35189,26781,24546,26414,25370,24289,104220,36931
,36793,34930,35348,77314,54711,47497,44262,35290,41671,39494,75281,24238,41671,25347,26884,25580,24874,40640,275725,32972,181317,23452,52281,39900,24208,83294,44770,77308,30088,39956,41029,26873,98090,87775,48776,198262,49942,47453,35420,34343,34246,35382,52530,71213,38148,35189,26959,24536,26409,25371,24295,104390,36954
,37954,34928,35248,80016,54564,44249,44108,35279,41719,39491,75154,24265,41719,24942,26776,25497,24897,40563,278120,32773,202202,23436,50802,39817,24206,80023,44710,77271,28338,39921,41014,26637,97989,82613,48184,196253,48488,48049,35459,34329,34301,35392,54109,70646,37909,35189,27141,24525,26404,25372,24302,104570,36980
,39340,34926,35129,74444,54767,43041,44009,35268,41762,39489,72292,24290,41762,24576,26666,25441,24921,40686,279068,32437,191436,23421,48923,39814,24204,78962,44674,77234,26979,39974,40995,26494,97833,78269,47835,195560,47290,48208,35523,34311,34371,35445,53557,70134,37836,35189,27309,24516,26400,25374,24309,104750,37020
,40155,34925,35006,67722,54943,43047,43939,35257,41812,39486,67684,24324,41812,24252,26552,25410,24945,40673,276550,32188,161437,23407,47630,39771,24202,78272,44773,77200,25910,39922,41076,26405,97668,74520,48003,195013,46315,48260,35595,34292,34435,35620,51569,69686,37788,35189,27445,24507,26395,25375,24316,104920,37072
,39360,34924,34951,63435,55210,44673,43906,35251,41908,39483,62170,24394,41908,24047,26425,25393,24963,40780,272904,32155,134888,23393,46961,39740,24201,78469,44765,77193,25228,39841,41019,26282,97720,71100,49278,194071,45376,47865,35663,34289,34476,35977,48832,69284,37737,35190,27508,24499,26391,25377,24325,105130,37152
,37830,34923,34925,61833,55876,52337,43893,35247,42020,39481,56795,24479,42020,23906,26307,25383,24980,40835,266919,32310,117817,23380,46492,39704,24201,78269,44657,77195,24797,39913,40978,26179,97828,68045,52462,193682,44706,46919,35724,34292,34497,36449,45791,68937,37695,35191,27513,24492,26387,25379,24334,105330,37246
,36466,34922,34901,61399,56531,62194,43908,35244,42145,39478,52403,24589,42145,23805,26185,25399,24998,40895,263385,32687,104466,23367,46191,39684,24202,78135,44589,77204,24544,39915,40893,26128,97873,65326,59173,193261,44313,46535,35793,34301,34452,37444,43674,68729,37696,35192,27441,24487,26382,25381,24343,105540,37339
,35624,34922,34887,61072,57090,65008,43931,35241,42276,39474,49358,24711,42276,23738,26059,25415,25019,40955,262308,32976,90947,23355,45824,39716,24203,78971,44573,77215,24426,39923,40825,26124,97877,62897,70230,194213,44217,46139,35852,34314,34382,38411,42246,68591,37712,35193,27311,24481,26378,25383,24352,105730,37439
,35237,34922,34884,61122,57620,58832,43905,35234,42365,39475,47641,24792,42365,23666,25983,25365,25040,40890,262295,33116,80624,23346,45069,39687,24199,79554,44709,77208,24271,39962,40924,26200,97806,60636,71136,194179,44139,46121,35846,34308,34319,38787,41611,68418,37716,35195,27125,24475,26375,25383,24357,105820,37531
,35152,34922,34887,60949,58177,51357,43865,35225,42449,39477,46476,24872,42449,23603,25928,25290,25063,40883,265611,33303,74431,23337,44332,39705,24193,79887,44659,77196,24143,39911,40881,26346,97714,58577,61234,194208,43921,46103,35810,34299,34258,38120,41451,68260,37717,35197,26907,24469,26371,25383,24359,105860,37643
,35108,34923,34897,60487,58567,46547,43825,35217,42550,39474,45650,24969,42550,23566,25880,25215,25103,40598,268298,33678,71629,23330,43766,39796,24185,78973,44637,77177,24080,39871,40793,26505,97687,56767,51943,194934,43509,45972,35764,34305,34221,37261,41263,68149,37691,35202,26654,24463,26368,25383,24361,105880,37740
,35146,34924,34910,60945,59321,44419,43785,35209,42673,39470,45255,25089,42673,23540,25839,25138,25149,40456,272220,33945,69600,23323,43460,39833,24178,78279,44694,77157,24049,39919,40764,26711,97702,55132,48891,194797,43188,46099,35706,34317,34195,36603,41185,68072,37657,35207,26401,24458,26365,25382,24363,105880,37834
,35100,34926,34920,60995,60161,43772,43762,35200,42825,39469,44979,25251,42825,23503,25801,25060,25185,40414,275034,34388,68802,23317,43169,39777,24178,78192,44731,77160,24001,39896,40635,27100,97737,53654,48437,194490,43028,46190,35643,34329,34173,36427,41091,67993,37648,35207,26187,24453,26362,25382,24364,105890,37850
,35045,34927,34927,60951,60903,43785,43745,35192,43008,39468,44823,25451,43008,23467,25766,24987,25220,40254,277615,35269,67811,23311,42943,39759,24180,78449,44616,77164,23957,39903,40724,27532,97833,52222,48356,195743,42799,46198,35576,34357,34157,36454,41020,67923,37646,35206,26049,24448,26359,25381,24366,105890,37830
,35036,34929,34938,60775,61617,44188,43731,35181,43276,39467,44732,25692,43276,23437,25739,24922,25258,40215,276437,35914,66656,23306,42964,39734,24184,78468,44651,77193,23936,39958,40646,28003,97996,50935,48328,196267,42791,46400,35500,34349,34147,36426,41031,67963,37645,35212,25914,24444,26358,25380,24366,105880,37914
,35039,34931,34947,61095,62139,44897,43720,35170,43609,39467,44410,25987,43609,23413,25713,24866,25297,40164,274744,36027,66127,23302,42936,39728,24188,78502,44667,77220,23924,39909,40599,28429,98238,49792,48432,196574,42751,46715,35422,34372,34143,36381,41069,68029,37647,35221,25805,24439,26358,25378,24364,105860,38002
,35019,34933,34944,60835,62164,45265,43713,35171,43884,39466,44398,26303,43884,23399,25676,24829,25337,40162,271197,36082,65511,23299,42729,39737,24187,77966,44690,77177,23904,39907,40677,28573,98697,48776,48465,197374,42720,46984,35366,34485,34142,36192,41030,67974,37637,35224,25716,24436,26352,25379,24377,105830,37939
,34995,34936,34935,61136,61718,44892,43709,35177,44203,39465,44350,26692,44203,23392,25635,24805,25377,40160,269623,36399,65280,23298,42702,39708,24186,78191,44695,77120,23885,39954,40635,28569,99222,47860,48562,197300,42568,47827,35317,34715,34143,35987,40974,67885,37625,35227,25646,24432,26344,25379,24377,105810,37819
,34976,34937,34931,61228,60481,44433,43707,35173,44730,39464,44134,27187,44730,23387,25595,24788,25419,40117,269176,37329,64948,23298,42734,39661,24183,78490,44764,77024,23868,39889,40669,28387,99852,46959,48833,197625,42574,49099,35272,35013,34150,35948,40922,67787,37639,35230,25592,24429,26345,25381,24386,105790,37687
,34961,34938,34928,61526,59245,44288,43707,35168,45432,39463,44212,27811,45432,23386,25556,24779,25460,40065,268698,38729,64637,23298,42734,39682,24181,78533,44731,76933,23855,39948,40609,28127,100470,46074,49448,197672,42640,50725,35232,35257,34158,35963,40875,67683,37660,35233,25553,24426,26347,25382,24396,105770,37540
,34959,34940,34911,61999,58456,44601,43714,35169,46079,39463,44069,28605,46079,23392,25520,24782,25502,40063,269237,39875,64410,23299,42728,39652,24180,78588,44829,76999,23857,39910,40636,27840,100720,45347,50380,198050,42762,51976,35190,35053,34155,35935,40872,67647,37656,35239,25530,24422,26345,25381,24403,105720,37418
,34963,34943,34891,62549,58317,45694,43722,35172,46986,39462,44069,29578,46986,23400,25487,24792,25544,40062,270364,40811,64186,23300,42700,39628,24179,79079,44701,77111,23865,39894,40588,27568,100820,44701,50839,197989,42963,51853,35150,34714,34149,35909,40885,67629,37643,35246,25518,24419,26342,25379,24409,105660,37306
,34973,34946,34899,62307,58400,48607,43735,35175,48222,39462,44121,30729,48222,23412,25455,24803,25587,40089,272092,41709,64127,23302,42735,39748,24178,79155,44786,77238,23879,39925,40581,27515,100800,44150,50913,198943,42991,50823,35112,34467,34141,35873,40908,67566,37632,35254,25520,24415,26340,25378,24416,105590,37185
,34984,34949,34916,62022,57697,53545,43749,35177,50030,39461,44036,32031,50030,23425,25429,24817,25629,40121,273562,42870,64374,23305,42731,39694,24177,79463,44845,77351,23894,39971,40647,27558,100710,43652,51135,199076,43330,49451,35078,34350,34134,35874,40935,67493,37621,35262,25528,24412,26337,25376,24423,105530,37071
,34988,34954,34919,61614,56722,63685,43754,35174,52682,39460,44077,33730,52682,23423,25394,24845,25672,40121,275177,43575,64772,23305,42658,39708,24175,79711,44888,77367,23890,40085,40691,27644,100820,43169,51820,198998,43708,48484,35056,34292,34133,35850,40933,67431,37613,35266,25523,24409,26334,25377,24433,105540,37000
,34990,34958,34923,61615,55775,91933,43757,35168,56253,39458,44048,35480,56253,23416,25380,24875,25715,40090,277567,43663,65395,23304,42637,39693,24174,80394,44793,77335,23879,39918,40651,27769,100910,42711,53369,199961,44296,47821,35040,34287,34135,35817,40922,67368,37607,35268,25515,24407,26330,25378,24446,105590,36949
,34992,34964,34933,61239,54535,117687,43759,35161,61029,39455,43801,37274,61029,23408,25359,24907,25759,40210,279557,42760,67075,23303,42725,39723,24172,81320,44919,77187,23866,39920,40523,27878,101070,42170,56057,200402,45642,47295,35030,34301,34138,35723,40915,67318,37602,35269,25509,24404,26326,25375,24457,105640,36908
,34994,34970,34947,61684,53821,117501,43761,35153,66740,39453,43941,38783,66740,23399,25340,24933,25803,40269,284112,42021,69737,23302,42593,39664,24170,82921,44769,77001,23852,39950,40518,27990,101160,41627,66366,201543,48420,47231,35022,34331,34141,35611,40907,67268,37597,35269,25504,24401,26322,25371,24468,105700,36877
,35005,34975,34981,61494,53229,90117,43773,35146,73121,39451,43895,39599,73121,23391,25326,24931,25843,40492,290537,41127,74599,23304,42565,39621,24169,85435,44847,76900,23842,39918,40532,28117,100670,41212,84063,202113,50247,47469,35008,34332,34139,35496,40897,67179,37588,35271,25507,24399,26318,25382,24483,105780,36842
,35022,34981,35016,61337,52808,65251,43788,35139,80257,39449,43813,39673,80257,23383,25314,24911,25882,40623,302572,40467,83786,23306,42598,39705,24167,91350,44874,76823,23833,39853,40561,28231,99959,40845,95530,203253,49708,48220,34994,34325,34136,35386,40891,67088,37577,35273,25513,24397,26314,25397,24498,105870,36811
,35020,34987,35041,61568,52622,51811,43810,35137,87978,39446,43811,38820,87978,23375,25304,24890,25921,40912,317472,39681,104900,23310,42601,39674,24166,102949,44840,76787,23822,39915,40598,28361,99171,40494,100722,204895,47652,48829,34980,34330,34134,35333,40868,66980,37567,35275,25519,24395,26310,25392,24514,105980,36781
,35017,34994,35068,61720,52865,46699,43834,35137,95424,39444,43756,37384,95424,23367,25296,24858,25959,41251,325645,37950,128629,23313,42675,39678,24165,113262,44981,76778,23811,39999,40572,28467,98347,40156,115899,207046,46830,49036,34968,34336,34132,35305,40846,66887,37557,35276,25524,24392,26305,25383,24529,106090,36755
,35040,35003,35146,61646,53183,46319,43843,35117,101160,39441,43788,35362,101160,23365,25287,24796,26001,41499,322897,36214,130256,23312,42667,39628,24163,112075,44935,76680,23804,39989,40545,28437,97795,39778,171763,210204,46311,48394,34964,34331,34130,35284,40883,66907,37556,35278,25530,24386,26301,25385,24529,106120,36746
,35084,35014,35231,61584,53582,49302,43851,35093,105860,39439,43752,33111,105860,23365,25278,24720,26044,41872,316166,34557,113108,23309,42583,39641,24161,109386,44817,76676,23797,39911,40551,28345,97383,39392,333994,214870,46001,47903,34963,34326,34129,35273,40931,66972,37560,35279,25534,24379,26297,25389,24522,106130,36742
,35114,35021,35325,61615,54113,57172,43863,35095,109210,39436,43837,31106,109210,23365,25270,24637,26087,42083,312051,33249,97504,23307,42608,39666,24159,122574,45008,76575,23795,39969,40524,28230,96904,39007,492547,227819,45959,47718,34968,34318,34128,35252,40968,67072,37564,35281,25542,24371,26293,25392,24513,106130,36737
,35145,35029,35406,61847,54329,74376,43882,35104,112290,39433,43759,29347,112290,23367,25263,24550,26131,42029,314344,32577,89623,23305,42693,39707,24157,156601,44933,76540,23794,39900,40542,28093,96496,38628,413846,248346,46726,47507,34975,34314,34128,35233,40958,67189,37570,35283,25547,24362,26289,25394,24502,106130,36731
,35289,35050,35393,61798,54351,91942,43911,35097,116430,39431,43778,28067,116430,23369,25258,24471,26177,41958,317848,31967,88694,23303,42611,39690,24155,179457,44972,76901,23780,39981,40492,27963,96443,38275,227681,268636,47693,47455,34970,34330,34127,35226,40970,67235,37580,35286,25534,24353,26285,25396,24493,106160,36711
,35442,35072,35345,61750,54135,98240,43947,35086,123220,39428,43699,27092,123220,23372,25253,24398,26223,42317,319417,31892,98258,23304,42655,39698,24153,165599,45026,77399,23763,39908,40518,27834,96521,37939,122430,286322,47246,47349,34961,34356,34125,35229,40979,67248,37591,35289,25515,24344,26281,25398,24486,106200,36688
,35514,35098,35276,61822,53737,95775,44032,35078,131750,39425,43715,26344,131750,23376,25249,24321,26271,43054,318376,31798,122551,23303,42538,39666,24151,131203,44978,78120,23764,39892,40526,27692,96677,37611,99287,300446,45959,47609,34974,34376,34124,35242,40977,67324,37609,35292,25495,24335,26277,25399,24478,106250,36676
,35480,35122,35203,62190,53571,107358,44144,35071,139270,39422,43760,25795,139270,23381,25247,24250,26319,44072,318597,31999,145782,23304,42546,39775,24150,105331,44989,78805,23770,39915,40563,27555,96842,37297,99218,292138,44608,47961,34991,34399,34123,35265,40971,67340,37624,35296,25476,24325,26273,25400,24470,106320,36668
,35408,35126,35192,62267,53824,125043,44180,35065,143690,39421,43858,25348,143690,23382,25246,24203,26365,44792,324157,32147,141410,23316,42487,39756,24149,93885,45120,79167,23765,39978,40538,27450,96773,37011,104033,269727,43559,48777,34990,34436,34123,35305,40972,67279,37618,35302,25459,24317,26270,25401,24467,106410,36660
,35312,35121,35205,62256,54360,125058,44223,35060,140510,39419,43650,25011,140510,23383,25248,24168,26411,44597,331037,32373,117655,23332,42516,39701,24149,90924,45010,79215,23757,39903,40610,27362,96599,36743,113453,257836,42951,50048,34983,34472,34123,35366,40971,67187,37604,35309,25444,24309,26267,25403,24467,106520,36655
,35334,35118,35235,62546,55656,102638,44360,35055,129820,39422,43654,24807,129820,23384,25247,24140,26459,43541,335360,32520,95242,23356,42561,39738,24149,94988,45058,78708,23752,39949,40583,27299,96321,36490,138279,260133,42800,50706,34979,34521,34124,35401,40981,67066,37583,35319,25450,24298,26263,25404,24467,106640,36652
,35388,35114,35274,63197,57150,77991,44582,35051,114890,39426,43717,24686,114890,23385,25246,24117,26508,42198,331985,32600,81357,23383,42612,39649,24149,100747,45101,77964,23747,39976,40566,27255,96006,36251,180596,269898,42604,50333,34973,34563,34125,35447,40994,66955,37563,35330,25463,24286,26260,25405,24468,106790,36651
,35425,35098,35292,63883,60202,62166,44823,35046,97969,39418,43653,24542,97969,23385,25258,24098,26557,41403,325913,32523,75706,23396,42884,39673,24149,100039,44964,77318,23743,39954,40487,27192,95645,36021,242761,283415,42356,49700,34970,34543,34125,35602,40965,66963,37564,35338,25464,24284,26258,25406,24469,107040,36649
,35474,35079,35306,64547,64249,54337,45233,35042,82498,39407,43731,24416,82498,23386,25264,24081,26608,40930,317994,32434,73608,23409,43251,39673,24149,92472,45042,76720,23740,39940,40488,27140,95365,35802,342660,298754,42190,49515,34966,34501,34125,35781,40923,67018,37572,35346,25463,24285,26256,25406,24471,107340,36648
,35458,35073,35315,64724,69703,50793,45731,35039,70783,39412,43655,24351,70783,23387,25278,24070,26659,40641,311680,32255,74172,23418,43225,39746,24149,86725,45109,76347,23737,39920,40511,27134,95195,35595,401322,315759,42194,50904,34962,34446,34126,36000,40932,67152,37583,35354,25465,24278,26258,25407,24474,107610,36648
,35467,35072,35325,64404,76055,49429,46511,35035,62333,39420,43596,24312,62333,23389,25291,24062,26712,40378,306712,32313,76099,23429,43104,39679,24150,83642,45166,76106,23734,39976,40591,27166,95084,35400,330538,330057,42046,53710,34959,34387,34126,36192,40954,67327,37595,35363,25468,24269,26262,25407,24477,107890,36649
,35580,35072,35365,63611,81613,48701,48019,35032,56460,39420,43787,24247,56460,23395,25289,24054,26778,40180,302351,32166,78843,23473,42753,39716,24150,82446,45230,76075,23731,39936,40583,27221,94919,35215,205059,344498,42083,57054,34956,34363,34128,36243,40945,67360,37594,35380,25473,24251,26252,25408,24478,108270,36645
,35757,35074,35410,63132,84997,49080,49925,35030,52641,39418,43596,24184,52641,23404,25281,24047,26850,40160,299658,32281,83684,23530,42503,39693,24151,81706,45311,76158,23729,39940,40593,27327,94751,35042,118998,351820,42118,56841,34954,34352,34130,36162,40927,67389,37590,35400,25479,24229,26238,25409,24480,108650,36641
,36180,35080,35472,62704,84425,49912,52536,35027,50065,39414,43685,24129,50065,23412,25274,24041,26919,40053,298426,32255,90843,23583,42462,39709,24152,81187,45340,76200,23727,39983,40613,27485,94613,34876,81632,352443,42154,52998,34953,34339,34132,36001,40916,67526,37586,35422,25484,24228,26244,25410,24481,109080,36636
,36616,35088,35534,62539,79354,51163,55143,35025,48556,39410,43582,24085,48556,23422,25268,24037,26989,39943,296020,32231,105482,23637,42482,39715,24153,80811,45431,76290,23725,40003,40554,27724,94486,34719,65221,342884,42162,49553,34952,34331,34134,35818,40905,67758,37581,35445,25488,24233,26255,25411,24482,109460,36631
,37053,35096,35516,62297,71810,53496,57228,35023,47190,39418,43652,24076,47190,23434,25266,24037,27069,39865,296225,32018,132871,23694,42411,39795,24155,80534,45370,76352,23723,39948,40573,28094,94358,34577,57748,324835,42249,47941,34949,34329,34136,35839,40893,68083,37576,35463,25498,24224,26251,25413,24487,109520,36627
,37262,35106,35493,62273,64839,57696,57906,35022,46193,39428,43644,24082,46193,23446,25268,24040,27152,39820,295657,31966,178507,23746,42286,39685,24156,80114,45468,76442,23722,39916,40584,28567,94230,34444,53822,303857,42285,47273,34947,34330,34139,35922,40882,68620,37572,35478,25507,24212,26244,25414,24491,109440,36622
,37004,35116,35470,62096,59194,61928,56504,35022,45594,39425,43607,24103,45594,23460,25277,24045,27241,39734,294450,31923,236045,23798,42376,39812,24157,80021,45439,76869,23721,39946,40575,29223,94114,34324,51738,282111,42399,47425,34942,34335,34142,36103,40873,69163,37565,35492,25519,24202,26235,25416,24497,109280,36622
,36526,35125,35545,62132,55626,64124,53885,35021,45241,39417,43570,24126,45241,23474,25291,24050,27331,39755,294508,31829,279427,23840,42470,39733,24159,79894,45479,77332,23719,39939,40620,29932,93998,34211,50546,265331,42441,48146,34938,34341,34144,36310,40867,70149,37559,35506,25528,24193,26227,25417,24503,109060,36624
,36064,35140,35648,62237,53114,63058,50756,35017,44749,39416,43514,24114,44749,23482,25307,24049,27414,39684,294908,31539,289341,23831,42445,39752,24158,80230,45445,77762,23718,39975,40526,30743,93860,34083,50003,251920,42394,48593,34943,34340,34144,36295,40854,71659,37562,35521,25522,24185,26234,25416,24505,108910,36614
,35734,35156,36066,62148,51633,60244,47926,35012,44288,39417,43651,24089,44288,23487,25330,24046,27497,39679,294549,31107,267850,23799,42472,39747,24157,80092,45373,78090,23717,40030,40538,31485,93714,33956,49803,242318,42372,48028,34952,34335,34143,36231,40840,74219,37567,35537,25509,24177,26244,25414,24506,108760,36602
,35603,35164,36737,62112,50757,58273,46141,35007,43990,39416,43576,24064,43990,23492,25360,24044,27579,39621,294315,30896,231454,23758,42472,39651,24156,80140,45345,77704,23716,39938,40594,31921,93560,33822,49553,235463,42088,47261,34957,34331,34141,36199,40842,77899,37577,35552,25495,24167,26261,25412,24507,108610,36609
,35571,35169,38015,61869,50124,61217,44951,35001,43768,39414,43530,24037,43768,23497,25400,24041,27663,39617,295931,30696,191206,23712,42546,39668,24154,80020,45294,77065,23715,39940,40570,32125,93406,33690,49290,230413,42059,46682,34960,34327,34140,36239,40849,85257,37586,35567,25479,24157,26277,25410,24508,108440,36622
,35490,35181,40556,61823,49751,69696,44288,34995,43519,39413,43615,24018,43519,23504,25465,24039,27764,39616,295995,30609,157263,23681,42653,39693,24152,79693,45283,76544,23715,39954,40670,31881,93274,33609,49069,226768,41955,46372,34961,34325,34138,36375,40846,99417,37581,35578,25462,24155,26271,25407,24509,108180,36626
,35415,35196,44129,61948,49711,101932,43980,34989,43292,39411,43505,24002,43292,23513,25545,24036,27873,39560,295760,30414,129738,23659,42552,39675,24151,79505,45400,76055,23714,39982,40729,31408,93147,33547,48856,222745,41853,46212,34962,34324,34136,36639,40840,121660,37571,35588,25445,24155,26259,25405,24511,107890,36628
,35313,35207,48841,62100,49309,170687,43804,34979,43116,39409,43644,23986,43116,23522,25625,24034,27975,39618,295966,30430,109530,23633,42750,39660,24149,80028,45289,75745,23714,39948,40696,30735,93033,33446,48543,219667,41897,46256,34962,34323,34134,36949,40839,155470,37557,35590,25427,24145,26240,25401,24513,107560,36635
,35210,35224,53187,62149,49390,223108,43762,34970,42975,39407,43527,23972,42975,23532,25709,24033,28079,39556,296884,30456,94681,23611,42849,39660,24148,80111,45365,75536,23713,39991,40792,29970,92918,33340,48430,217540,41903,46087,34961,34322,34132,37463,40840,198490,37543,35589,25410,24133,26221,25399,24515,107250,36642
,35136,35244,55803,62017,49117,225933,43622,34974,42862,39405,43539,23965,42862,23542,25808,24035,28194,39553,296912,30401,84008,23611,43381,39740,24146,79946,45207,75419,23713,39912,40720,29461,92754,33267,48289,215098,41740,45983,34965,34322,34131,38233,40829,237130,37543,35606,25403,24126,26222,25397,24519,107110,36642
,35077,35267,56238,62034,49003,186510,43491,34982,42777,39403,43570,23961,42777,23552,25899,24040,28316,39528,297222,30469,77514,23622,44129,39743,24144,79839,45362,75363,23713,39995,40818,29039,92577,33208,48346,214249,41888,45962,34970,34323,34130,38994,40814,264420,37549,35624,25401,24120,26230,25395,24523,107040,36641
,35035,35291,53373,62081,49011,144903,43444,34980,42708,39401,43581,23959,42708,23568,26004,24044,28443,39467,297065,30367,73953,23638,45501,39726,24142,79843,45262,75378,23713,40011,40774,28581,92395,33150,48366,212317,41779,45738,34975,34324,34130,38811,40825,257110,37557,35622,25402,24113,26229,25394,24529,107010,36636
,35007,35316,49124,62112,48971,115107,43435,34975,42660,39400,43695,23958,42660,23585,26093,24050,28578,39495,297491,30369,72544,23658,47020,39710,24141,80092,45414,75423,23713,39931,40859,28149,92216,33100,48413,211198,41821,45796,34980,34325,34129,38313,40844,229780,37566,35610,25405,24107,26228,25393,24535,107000,36631
,34987,35346,44443,61894,48885,99628,43429,34979,42646,39399,43568,23960,42646,23593,26081,24061,28724,39494,298842,30308,71929,23680,47916,39670,24140,80143,45389,75373,23713,39946,40906,27802,92089,33055,48950,210551,41724,45852,34987,34327,34129,37698,40821,187730,37563,35600,25408,24100,26230,25392,24541,106970,36642
,34976,35376,40732,62161,48840,89171,43412,34985,42646,39397,43576,23962,42646,23599,26024,24073,28880,39439,298881,30425,71325,23703,48220,39765,24140,80043,45295,75281,23714,39932,40885,27505,91987,33017,50194,209723,41731,45710,34994,34329,34128,37527,40789,144250,37557,35587,25412,24093,26233,25392,24547,106930,36647
,34975,35410,38458,62024,48826,77697,43466,34991,42675,39396,43495,23967,42675,23618,25953,24086,29049,39431,299703,30428,70240,23729,47646,39695,24141,79617,45426,75249,23714,39956,40940,27236,91875,32985,52232,209060,41863,45803,35002,34332,34127,37937,40784,112880,37551,35568,25417,24086,26236,25392,24554,106920,36653
,34980,35444,37080,62110,49019,64166,43549,34998,42708,39395,43517,23972,42708,23645,25865,24099,29227,39422,300104,30436,68178,23758,47318,39698,24141,79454,45430,75219,23714,39919,40864,26999,91774,32960,53210,208302,41800,45679,35010,34334,34126,39079,40785,92514,37544,35547,25425,24079,26239,25391,24560,106920,36659
,34972,35470,36291,62137,48741,54399,43572,34998,42674,39396,43540,23971,42674,23668,25784,24111,29408,39428,301670,30562,65967,23783,46591,39728,24141,79625,45361,75010,23715,40006,40763,26792,91713,32948,51909,208431,41740,45661,35010,34335,34128,41150,40786,81642,37541,35533,25436,24074,26247,25390,24573,106940,36667
,34961,35494,35892,62229,48551,49332,43601,34996,42620,39398,43408,23969,42620,23701,25705,24127,29599,39397,302113,30525,64361,23807,45639,39778,24140,79550,45415,74752,23717,39981,40809,26613,91656,32945,49730,209001,41704,45738,35007,34336,34132,44568,40787,76310,37539,35521,25450,24071,26256,25388,24584,106980,36677
,34950,35519,35607,62259,48561,48162,43713,34994,42571,39400,43427,23966,42571,23755,25613,24130,29791,39437,300702,30578,62944,23830,44460,39717,24139,79028,45415,74621,23719,39907,40721,26460,91660,32948,48262,208115,41671,45547,35002,34336,34137,48482,40769,73010,37538,35509,25465,24068,26268,25385,24598,107000,36691
,34941,35544,35473,62282,48620,48650,43898,34992,42525,39403,43521,23964,42525,23830,25525,24134,29995,39433,302849,30486,62168,23853,43544,39702,24139,79332,45430,74544,23721,39974,40706,26327,91677,32959,47341,207546,41771,45687,34996,34336,34142,52084,40746,71373,37538,35497,25481,24065,26281,25383,24613,107030,36709
,34940,35572,35348,62346,48589,48945,44076,34993,42498,39405,43444,23961,42498,23937,25472,24185,30245,39362,302267,30681,61656,23881,43032,39774,24139,79490,45527,74416,23722,39985,40688,26207,91493,32979,47227,207043,41693,45749,34993,34337,34143,51638,40736,69994,37542,35484,25502,24062,26291,25382,24627,107140,36726
,34943,35602,35269,62162,48458,47698,44322,34996,42487,39409,43426,23959,42487,24080,25434,24251,30518,39370,303436,30738,61431,23910,42798,39757,24140,79393,45569,74342,23724,39953,40698,26099,91251,33004,46947,206543,41692,45647,34991,34337,34143,49383,40730,68933,37547,35471,25524,24059,26302,25380,24641,107280,36747
,34946,35637,35266,62381,48388,46060,44826,35002,42486,39413,43584,23957,42486,24235,25406,24282,30788,39344,303122,30622,60686,23941,42601,39788,24141,79510,45567,74359,23725,40017,40744,26010,91179,33048,47014,205928,41703,45659,34990,34338,34143,45982,40711,68195,37560,35459,25548,24057,26313,25379,24656,107360,36788
,34950,35675,35298,62238,48359,44623,45406,35011,42503,39417,43451,23955,42503,24422,25386,24302,31072,39395,304335,30541,59897,23970,42437,39700,24143,79663,45587,74506,23727,39978,40743,25930,91151,33102,46815,206112,41726,45716,34989,34338,34142,42897,40688,67754,37577,35448,25572,24055,26326,25379,24672,107410,36843
,34952,35712,35272,62407,48308,43890,46177,35012,42560,39421,43511,23956,42560,24725,25357,24335,31346,39401,304816,30601,59667,23985,42376,39678,24143,79783,45467,74899,23729,39935,40709,25842,91041,33125,46856,205810,41612,45587,34979,34339,34148,40382,40703,67214,37580,35436,25595,24053,26349,25379,24689,107420,36873
,34953,35753,35236,62392,48138,43523,46896,35015,42648,39425,43423,23959,42648,25051,25332,24370,31633,39358,304637,30415,59432,23993,42287,39718,24144,79728,45431,75530,23732,39986,40677,25755,90919,33144,46907,206330,41677,45565,34967,34340,34155,38353,40729,66761,37581,35425,25616,24052,26377,25381,24706,107400,36909
,34947,35793,35221,62610,47959,43655,47241,35022,42749,39430,43527,23962,42749,25426,25309,24377,31992,39375,305285,30480,59259,23999,42402,39717,24144,79647,45525,76283,23734,39969,40709,25675,90818,33223,46944,206286,41715,45504,34951,34341,34163,37138,40702,66335,37600,35411,25634,24050,26407,25382,24723,107370,37006
,34937,35840,35216,62472,47875,44031,47326,35033,42881,39435,43490,23965,42881,25762,25294,24383,32390,39417,306260,30516,58807,24004,42373,39728,24144,79726,45609,77169,23736,39978,40755,25600,90730,33322,46845,206230,41766,45589,34937,34342,34172,36454,40663,66117,37628,35399,25653,24049,26440,25384,24740,107330,37145
,34936,35912,35206,62372,47802,44335,46850,35057,43040,39440,43504,23969,43040,25873,25300,24415,32782,39402,307247,30453,58783,24011,42445,39778,24148,79447,45665,78844,23740,39942,40697,25538,90669,33385,46915,206693,41730,45539,34937,34343,34179,35995,40660,65940,37657,35402,25674,24047,26472,25389,24759,107290,37259
,34938,35994,35199,62478,47792,44615,46118,35093,43244,39447,43463,23973,43244,25855,25319,24465,33190,39427,307932,30352,58880,24020,42284,39762,24153,79783,45614,80596,23745,39912,40746,25484,90624,33445,46980,206261,41894,45632,34942,34344,34185,35765,40664,65813,37685,35409,25694,24046,26505,25394,24777,107260,37417
,34930,36096,35224,62543,47834,44221,45282,35119,43511,39453,43493,23978,43511,25672,25349,24540,33660,39365,309141,30415,59094,24031,42266,39753,24159,79518,45553,81951,23751,39964,40631,25435,90602,33511,47028,206881,41966,45498,34951,34345,34190,35620,40675,65679,37724,35421,25720,24045,26540,25401,24796,107230,37676
,34919,36205,35264,62552,47651,43659,44431,35152,43857,39460,43492,23983,43857,25399,25387,24636,34176,39441,309060,30328,59326,24043,42356,39766,24166,79849,45535,82949,23756,39918,40700,25393,90596,33585,47202,207060,41950,45560,34962,34346,34195,35565,40688,65562,37760,35432,25744,24044,26577,25409,24815,107200,38059
,34930,36282,35270,62488,47671,43101,44043,35234,44264,39467,43451,23986,44264,25086,25415,24743,34634,39340,309862,30285,59527,24050,42340,39754,24171,79894,45633,82564,23755,39971,40711,25355,90572,33687,47683,207162,41879,45586,34961,34347,34201,35475,40672,65290,37749,35431,25743,24041,26615,25415,24828,107230,38530
,34947,36356,35286,62610,47733,42837,43838,35330,44751,39473,43465,23987,44751,24757,25446,24878,35105,39403,310437,30347,59725,24059,42357,39770,24176,80103,45758,81583,23752,39958,40653,25323,90563,33804,47982,207726,41775,45618,34956,34348,34207,35401,40651,64998,37719,35425,25734,24038,26656,25421,24839,107290,39160
,34937,36437,35327,62518,47746,42614,43669,35435,45464,39481,43511,23988,45464,24501,25494,25018,35772,39431,310339,30225,60035,24064,42331,39866,24182,79868,45576,80663,23746,40030,40685,25295,90568,33924,48145,207360,41824,45661,34956,34348,34213,35366,40649,64932,37686,35419,25732,24034,26692,25430,24849,107380,40142
,34921,36532,35439,62779,47728,42531,43563,35531,46269,39489,43511,23988,46269,24283,25552,25191,36507,39452,312259,30305,60025,24072,42233,39757,24188,80429,45752,79656,23740,39982,40683,25272,90563,34047,48091,208631,41990,45716,34957,34348,34219,35351,40658,64922,37651,35412,25733,24030,26727,25441,24858,107480,41306
,34920,36673,35566,62614,47709,42485,43448,35575,47095,39495,43529,23989,47095,24117,25605,25485,37179,39442,311978,30431,60315,24105,42236,39784,24194,80023,45849,78791,23743,40001,40681,25253,90754,34171,47682,208607,41908,45607,34955,34349,34215,35338,40684,64829,37631,35406,25741,24027,26778,25447,24868,107550,42774
,34923,36843,35854,62781,47614,42575,43354,35586,47862,39502,43489,23990,47862,23986,25670,25838,37786,39464,313222,30345,60362,24146,42247,39852,24201,80348,45691,77984,23749,40091,40582,25236,90688,34294,47624,208098,41950,45677,34954,34349,34207,35323,40716,64658,37620,35401,25749,24025,26833,25453,24877,107630,44309
,34930,37041,36354,62737,47613,42680,43300,35544,48662,39508,43591,23991,48662,23888,25737,26225,38531,39390,313288,30231,59838,24206,42402,39756,24206,80069,45677,77220,23755,39991,40631,25224,90906,34411,47451,208264,41899,45582,34959,34349,34199,35331,40764,64501,37617,35395,25764,24024,26866,25460,24885,107710,45626
,34940,37273,37077,63023,47791,42691,43275,35475,49325,39515,43484,23992,49325,23815,25825,26617,39339,39469,313266,30317,59793,24271,42257,39790,24213,80279,45686,76529,23762,39969,40612,25215,91198,34522,47500,208770,41803,45622,34970,34349,34190,35346,40817,64343,37625,35389,25779,24022,26892,25469,24894,107800,46544
,34928,37495,38439,62932,47709,42536,43258,35380,49391,39528,43462,23994,49391,23747,25984,27033,40207,39449,314119,30251,59982,24290,42247,39797,24225,80044,45830,75875,23764,40068,40705,25210,91379,34627,47399,208934,41793,45583,34998,34349,34183,35347,40823,64268,37635,35387,25757,24016,26931,25496,24903,108010,46493
,34914,37749,40032,62912,47734,42373,43252,35276,49139,39544,43584,23997,49139,23691,26177,27404,41124,39466,315092,30301,60297,24298,42232,39784,24240,80398,45772,75334,23765,39937,40627,25209,91629,34719,47515,208581,41684,45685,35040,34349,34177,35347,40814,64224,37655,35386,25721,24008,26972,25532,24914,108260,45867
,34926,38113,41730,62741,47867,42342,43298,35200,48668,39560,43544,24000,48668,23650,26422,27660,42031,39411,315383,30408,60431,24334,42235,39836,24258,80302,45761,74949,23765,40011,40669,25207,92093,34805,47306,208248,41709,45631,35074,34349,34172,35364,40847,64175,37705,35384,25703,23996,27008,25566,24924,108540,44539
,34948,38566,42939,62490,48111,42372,43367,35137,48032,39576,43481,24003,48032,23620,26674,27806,42967,39399,316311,30290,60563,24390,42306,39877,24276,80245,45832,74746,23764,39950,40603,25207,92748,34876,47321,209065,41751,45630,35118,34350,34167,35392,40895,64128,37779,35382,25693,23983,27041,25605,24935,108820,42828
,34958,39009,42965,62905,48098,42344,43351,35094,47266,39595,43576,24006,47266,23607,26906,27748,43950,39379,316001,30421,60539,24444,42207,39863,24288,80107,45779,74849,23765,40059,40628,25217,93745,34906,47206,208624,41682,45613,35215,34351,34162,35405,40873,64088,37845,35386,25649,23981,27076,25652,24945,109070,41248
,34965,39552,42086,62689,48122,42325,43328,35062,46453,39615,43526,24010,46453,23602,27099,27567,44974,39430,317013,30230,60451,24523,42256,39819,24298,79837,45727,75253,23766,39958,40627,25230,94756,34910,47253,209027,41684,45716,35329,34353,34158,35435,40857,64041,37933,35391,25609,23982,27109,25700,24956,109310,39837
,34980,40275,40362,62964,48151,42455,43381,35043,45721,39637,43662,24013,45721,23610,27204,27235,46081,39414,316593,30283,60121,24683,42150,39801,24307,79549,45833,75724,23766,40085,40603,25247,96479,34904,47153,208901,41685,45705,35448,34358,34156,35490,40908,63965,38098,35401,25630,23985,27141,25757,24970,109520,38860
,34995,41242,38554,62866,48309,42414,43502,35032,45058,39659,43561,24017,45058,23621,27240,26826,47255,39374,317323,30268,60223,24908,42252,39764,24318,79827,45858,76462,23766,40033,40592,25264,98469,34883,47184,208984,41806,45623,35553,34362,34152,35604,41046,63859,38331,35411,25681,23988,27170,25812,24985,109710,38179
,34994,42338,37199,62887,48402,42312,43600,35012,44574,39668,43540,24023,44574,23612,27161,26485,48384,39367,316739,30183,59365,25141,42286,39798,24334,79779,45853,77995,23768,40025,40585,25258,100680,34828,47454,209319,41833,45608,35640,34357,34153,35754,41224,63735,38545,35400,25752,23986,27186,25834,24993,109950,37635
,34987,43680,36217,62867,48510,42305,43800,34993,44213,39674,43522,24028,44213,23595,27021,26169,49559,39343,317235,30277,59446,25455,42190,39773,24354,79605,45993,79777,23769,40059,40656,25243,103120,34755,47688,208781,41858,45666,35698,34350,34154,36044,41563,63602,38843,35384,25845,23979,27195,25845,25002,110190,37247
,34978,45457,35712,62780,48568,42329,44184,34978,43939,39677,43549,24034,43939,23580,26827,25837,50927,39424,316601,30263,59039,25863,42250,39853,24375,80027,45918,82179,23768,40009,40657,25228,104850,34683,47526,209552,41744,45558,35642,34346,34157,36433,42122,63461,39315,35360,25930,23974,27201,25848,25009,110430,37030
,34969,47689,35486,62772,48614,42310,44687,34965,43765,39680,43690,24041,43765,23564,26608,25530,52429,39389,316884,30281,58941,26417,42265,39758,24398,79991,45928,84355,23766,40044,40584,25212,105830,34606,47277,210405,41806,45611,35535,34344,34161,37112,42964,63323,40130,35338,26025,23967,27204,25850,25019,110630,36922
,34978,50333,35288,62957,48490,42190,45725,34961,43705,39687,43538,24049,43705,23557,26452,25347,53947,39369,317929,30360,59027,27205,42293,39847,24419,80114,45933,85557,23766,39945,40628,25200,104930,34519,47171,209980,41764,45505,35439,34345,34162,38183,44271,63220,41699,35341,26179,23962,27203,25875,25048,110650,36792
,34995,53511,35174,62770,48540,42082,46818,34962,43755,39695,43625,24057,43755,23555,26318,25227,55592,39375,318244,30378,58764,28130,42166,39837,24442,80379,45930,85475,23766,40033,40621,25191,103130,34425,47254,210273,41793,45582,35340,34349,34164,39784,46081,63142,43739,35353,26339,23958,27200,25906,25086,110560,36687
,35006,57547,35151,62738,48408,41937,47688,34965,43861,39705,43595,24066,43861,23554,26174,25144,57466,39350,317999,30356,58704,29496,42292,39831,24464,79979,46039,83821,23766,40070,40627,25185,101000,34348,47287,210189,41846,45744,35226,34352,34167,42095,48040,63069,46762,35370,26512,23954,27193,25946,25136,110480,36652
,35019,62232,35176,62879,48426,41966,48269,34969,44059,39716,43572,24075,44059,23556,26040,25096,59576,39399,318392,30308,58955,30876,42246,39808,24489,80287,46188,81435,23766,40071,40726,25184,98964,34262,47354,210743,41836,45615,35117,34354,34172,44093,50218,63017,50066,35388,26660,23950,27184,25989,25190,110350,36648
,35043,67602,35130,63031,48392,41987,47886,34970,44463,39725,43574,24082,44463,23556,25952,25048,61891,39351,318101,30284,59020,32100,42260,39797,24517,80318,46042,78597,23766,40020,40658,25191,97889,34147,47209,210380,41795,45491,35071,34361,34175,44805,52525,63016,52990,35389,26673,23946,27180,26008,25224,110180,36610
,35067,73633,35075,62901,48447,42007,46935,34970,44978,39736,43592,24089,44978,23559,25888,25019,64374,39293,317711,30354,59722,32976,42262,39828,24548,80185,45953,76159,23764,40036,40664,25206,97883,33924,47304,210375,41947,45661,35050,34368,34178,43142,54955,63045,53817,35384,26618,23941,27178,26021,25257,110000,36568
,35102,79748,35041,62666,48385,42057,45768,34971,45547,39747,43470,24097,45547,23562,25838,25018,67267,39299,319090,30319,59725,32951,42254,39877,24580,80495,46024,74821,23764,40030,40613,25222,98929,33834,47240,210678,41838,45635,35039,34366,34190,40927,57673,63097,52648,35379,26499,23937,27172,26061,25292,109780,36543
,35132,85186,35017,63031,48357,42248,44620,34972,46148,39762,43563,24105,46148,23567,25803,25042,70558,39341,320212,30249,60176,32239,42287,39842,24613,80529,46138,74087,23763,40055,40692,25247,101550,33785,47111,211325,41946,45612,35037,34362,34205,38420,60141,63170,49789,35372,26343,23933,27166,26111,25337,109570,36524
,35111,88866,35020,62946,48490,42346,44080,34969,46769,39784,43551,24112,46769,23581,25777,25093,74074,39344,320922,30339,60582,30810,42213,39826,24647,80325,46128,73709,23762,39995,40671,25292,106770,33689,47295,210502,41974,45635,35025,34362,34219,37165,60972,63251,46180,35368,26193,23929,27161,26142,25412,109580,36510
,35071,90279,35034,62916,48580,42259,43797,34966,47331,39812,43652,24120,47331,23597,25761,25169,78189,39260,321419,30194,60751,29079,42340,39806,24682,80274,46165,73617,23762,40006,40654,25348,114290,33587,47565,212055,41959,45588,35012,34363,34229,36393,60173,63392,42883,35366,26047,23925,27155,26183,25515,109680,36499
,35025,88692,35062,62977,48429,42203,43562,34962,47893,39848,43672,24127,47893,23621,25758,25270,82938,39381,321615,30288,60578,27624,42332,39790,24717,80348,46108,73670,23761,40056,40634,25423,124070,33478,47730,211512,41901,45576,35004,34363,34247,35931,57327,63438,40589,35364,25910,23921,27148,26236,25641,109820,36496
,34979,84357,35092,62917,48547,42037,43422,34958,48331,39889,43684,24135,48331,23648,25767,25396,88032,39400,321511,30300,60707,26400,42316,39850,24753,80327,46068,73825,23760,39985,40629,25507,133200,33371,47754,211203,41764,45610,34999,34362,34262,35725,53269,63537,39164,35361,25793,23917,27140,26318,25795,109990,36495
,34961,78244,35088,62909,48591,42015,43312,34959,48300,39927,43712,24149,48300,23661,25783,25542,93649,39322,321661,30263,60437,25657,42260,39789,24788,80316,46231,73787,23760,40105,40684,25560,138830,33288,48238,210890,41872,45625,34990,34362,34251,35558,49366,64100,38360,35360,25742,23916,27119,26487,26005,110080,36480
,34957,71217,35072,62826,48700,42013,43244,34962,48019,39970,43650,24166,48019,23672,25807,25708,100100,39345,320349,30217,60311,25189,42318,39832,24823,80402,46187,73698,23760,40021,40617,25611,139340,33216,48302,211734,41913,45578,34980,34362,34232,35487,46181,64803,38027,35361,25723,23915,27093,26711,26237,110160,36463
,34967,64319,35057,62910,48641,42183,43241,34962,47529,40016,43679,24184,47529,23691,25849,25937,107150,39352,320365,30263,60295,24869,42231,39836,24857,80618,46116,73688,23761,39990,40744,25674,133910,33148,48903,211765,41859,45692,34971,34362,34212,35467,44375,65602,37847,35361,25734,23914,27065,26978,26508,110260,36444
,35004,58360,35041,62894,48772,42006,43270,34962,46894,40073,43669,24202,46894,23718,25903,26205,114940,39358,319999,30208,59943,24680,42321,39817,24891,80672,46204,73699,23762,39991,40719,25753,125470,33085,49342,211764,41861,45572,34963,34362,34192,35500,43344,66327,37833,35361,25763,23915,27036,27287,26865,110370,36425
,35010,53618,35030,62871,48635,41992,43268,34967,46288,40151,43649,24223,46288,23749,25946,26399,123710,39330,321549,30215,60034,24511,42284,39904,24928,80709,46167,73591,23763,40023,40724,25869,116610,33020,49263,211787,41777,45674,34958,34362,34184,35583,42736,66711,37734,35362,25751,23915,27004,27634,27203,110480,36422
,35016,49886,35022,63044,48660,41985,43262,34972,45677,40241,43708,24244,45677,23789,25994,26602,133280,39292,322113,30313,59832,24393,42328,39859,24966,80504,46156,73478,23763,40053,40711,26015,108750,32958,48575,212209,41857,45600,34955,34362,34180,35696,42473,66833,37647,35364,25734,23916,26971,27992,27739,110610,36424
,35028,47020,35018,62917,48640,41943,43274,34967,44966,40365,43657,24267,44966,23862,26078,26952,143620,39346,321954,30270,59904,24265,42294,39847,25005,80493,46222,73498,23765,40024,40740,26195,103050,32899,47908,212420,41908,45743,34953,34362,34179,35826,42123,66372,37598,35365,25742,23917,26936,28424,28490,110720,36425
,35048,44863,35017,62941,48629,41850,43289,34960,44262,40506,43771,24289,44262,23959,26185,27407,154450,39275,321340,30302,59793,24160,42268,39801,25044,80408,46131,73620,23766,40006,40744,26412,99127,32844,47243,211595,41815,45628,34953,34361,34178,35952,41833,65661,37568,35367,25770,23918,26902,28894,29745,110840,36424
,35099,43234,35027,62853,48613,42002,43285,34951,43794,40606,43674,24304,43794,24033,26276,27789,165960,39324,322555,30251,59624,24131,42288,39875,25076,80624,46170,73753,23767,40114,40681,26636,96522,32798,47079,211816,41805,45607,34951,34361,34175,36084,41563,64755,37525,35365,25810,23919,26878,29282,31537,111050,36426
,35167,42041,35045,62882,48720,41955,43275,34942,43435,40714,43786,24316,43435,24124,26391,28275,177330,39348,322002,30080,59943,24143,42292,39916,25106,81056,46139,74088,23768,40049,40712,26917,94724,32757,46819,211857,41917,45487,34949,34360,34170,36203,41336,63902,37486,35362,25876,23919,26860,29655,34215,111280,36427
,35228,41033,35058,62995,48779,42025,43264,34949,43103,40846,43777,24328,43103,24292,26553,29050,187980,39334,321615,30215,60119,24163,42189,39877,25138,81083,46305,74467,23769,40048,40744,27232,93738,32719,46831,212135,41862,45747,34950,34361,34166,36184,41129,63329,37456,35359,25979,23920,26842,30215,38275,111520,36402
,35295,40247,35078,62872,48836,41941,43252,34962,42823,41020,43609,24338,42823,24525,26765,30038,196960,39276,323016,30258,59880,24201,42286,39885,25170,81076,46179,75233,23770,40017,40742,27686,93249,32683,46967,211906,41832,45657,34952,34361,34163,36126,40960,62912,37432,35356,26120,23920,26827,30989,44061,111750,36371
,35404,39596,35130,62823,48938,41886,43250,34962,42594,41268,43733,24351,42594,24752,27067,31399,202790,39326,323055,30239,59893,24262,42221,39833,25196,80953,46240,76831,23770,40051,40693,28255,92480,32651,46881,211053,41896,45658,34956,34358,34163,36125,40898,62715,37417,35352,26321,23921,26811,32379,52128,111930,36355
,35521,39080,35191,63039,49133,41821,43251,34960,42409,41586,43730,24364,42409,25083,27457,32856,205230,39305,323013,30221,60211,24328,42191,39900,25222,80706,46240,78869,23772,40042,40668,29135,91752,32621,46938,212033,41831,45637,34962,34355,34165,36163,40880,62638,37407,35348,26585,23922,26796,34175,61868,112090,36344
,35640,38690,35279,63104,49182,41840,43253,34960,42264,42004,43614,24379,42264,25501,27868,34653,204390,39350,324202,30270,60286,24404,42310,39837,25245,80618,46193,82591,23773,40132,40653,30339,91242,32594,47000,211846,41853,45641,34972,34349,34167,36215,40898,62529,37403,35344,26840,23923,26782,36088,71702,112210,36329
,35749,38388,35365,63040,49168,41829,43255,34959,42152,42513,43717,24395,42152,26146,28359,36263,200160,39274,323844,30133,59754,24473,42285,39926,25271,80213,46205,86377,23773,40160,40747,32115,90838,32567,46814,212941,41927,45622,34981,34344,34170,36326,40926,62439,37402,35340,27149,23924,26768,37883,78939,112290,36314
,35798,38065,35381,62995,49404,42111,43248,34959,42055,43077,43673,24410,42055,27137,29090,37143,192360,39324,323477,30187,60001,24481,42425,39898,25317,80355,46224,89276,23775,40069,40758,34708,90326,32533,46846,212471,41896,45621,35002,34348,34171,36556,40863,62348,37393,35338,27670,23925,26753,39351,81080,112330,36305
,35810,37771,35364,62927,49405,42230,43238,34959,41977,43750,43635,24426,41977,28523,29905,37220,182390,39358,322824,30135,60147,24463,42288,39818,25373,80319,46210,90619,23782,40026,40641,38159,89834,32496,46787,211882,41833,45578,35026,34355,34172,36890,40772,62271,37382,35337,28271,23928,26738,40307,77501,112350,36299
,35815,37533,35325,62794,49404,42352,43226,34958,41920,44516,43710,24440,41920,30484,30892,36289,171710,39323,323051,30217,60144,24437,42289,39847,25426,80173,46231,88594,23771,40074,40736,42866,89538,32456,46865,212937,41851,45640,35016,34365,34171,37341,40682,62195,37371,35335,28977,23930,26724,40095,68768,112350,36293
,35800,37334,35270,63088,49495,42260,43214,34958,41879,45430,43727,24457,41879,32875,31852,34845,160960,39323,323618,30255,60452,24402,42269,39883,25481,80247,46168,85108,23779,40121,40714,48712,89334,32414,46778,213712,41883,45623,34998,34375,34168,37827,40592,62136,37361,35333,29667,23932,26710,39159,57889,112320,36288
,35709,37169,35214,62991,49438,42109,43203,34958,41848,46624,43843,24485,41848,36036,32524,33204,150970,39314,323115,30223,60094,24372,42330,39934,25546,80246,46260,81181,23787,40063,40634,55304,89150,32383,46678,212888,41901,45634,35004,34373,34168,38614,40534,62144,37358,35335,30209,23934,26694,37427,47823,112300,36283
,35593,37033,35160,62919,49448,41941,43192,34957,41824,48107,43662,24516,41824,39323,32973,31490,141660,39292,322906,30207,60529,24345,42321,39877,25611,80208,46192,77278,23782,40042,40643,61018,88997,32354,46830,212835,41907,45759,35017,34367,34169,39291,40493,62179,37357,35339,30592,23937,26678,35418,39648,112270,36279
,35507,36926,35108,62965,49300,41832,43181,34955,41816,49596,43756,24557,41816,42037,33036,30210,133040,39334,323502,30151,60477,24310,42319,39881,25669,80357,46195,75255,23787,40148,40666,64115,88920,32313,46742,213054,41939,45759,35033,34357,34168,39689,40456,62237,37358,35334,30697,23939,26661,33738,34191,112230,36277
,35434,36856,35063,62919,49279,41913,43171,34953,41813,51197,43727,24600,41813,43643,32842,29166,125040,39295,324104,30249,60593,24276,42354,39862,25721,80505,46161,74061,23791,40122,40695,63548,88865,32269,46867,212890,41878,45712,35053,34345,34169,39305,40431,62303,37359,35327,30598,23940,26644,32431,30865,112180,36274
,35388,36760,35039,63251,49252,41987,43164,34955,41789,53205,43835,24623,41789,43307,32406,28444,117830,39308,324460,30287,60714,24259,42358,39830,25757,81053,46217,73431,23791,40112,40689,59106,88718,32231,46869,213752,41923,45685,35057,34346,34183,38645,40423,62310,37355,35328,30165,23943,26635,31897,29021,112130,36271
,35364,36652,35026,63131,48938,42020,43160,34957,41760,55410,43836,24644,41760,41377,31831,27950,111230,39320,324039,30307,60709,24250,42275,39872,25777,80369,46163,73221,23791,40061,40681,52557,88546,32195,46756,213246,41934,45767,35058,34349,34202,37765,40425,62297,37350,35330,29579,23945,26630,31794,28077,112080,36267
,35348,36561,35022,63051,48825,41903,43155,34954,41729,57606,43708,24664,41729,38364,31111,27632,104860,39342,323840,30273,60755,24245,42207,39990,25790,80608,46123,72932,23789,40005,40627,45602,88369,32156,46770,213284,41891,45677,35098,34346,34223,37538,40458,62296,37346,35335,28927,23947,26627,32133,27402,112050,36264
,35355,36479,35026,63334,48755,41901,43153,34951,41701,59759,43776,24690,41701,34941,30365,27467,99040,39333,324777,30175,60907,24242,42332,39907,25786,80422,46229,72721,23787,40156,40676,39555,88191,32117,46772,213531,41929,45722,35152,34342,34245,37437,40507,62301,37342,35338,28272,23949,26624,32627,27037,112030,36260
,35396,36423,35026,63143,48745,41698,43153,34952,41696,61758,43904,24745,41696,31987,29884,27386,93565,39283,324248,30215,61053,24234,42269,39883,25735,80466,46107,72593,23792,40090,40632,35470,88062,32078,46981,213710,41901,45650,35165,34338,34260,37217,40521,62286,37338,35332,27835,23951,26612,33032,26688,111960,36257
,35485,36379,35029,63303,48850,41687,43154,34954,41698,63511,43966,24815,41698,29529,29539,27386,88231,39316,324638,30228,61208,24226,42276,39920,25654,80818,46191,72509,23798,40074,40613,32840,87945,32038,46879,214351,41905,45721,35180,34334,34272,36729,40543,62271,37335,35323,27498,23953,26598,33269,26435,111890,36255
,35588,36344,35041,63263,48893,41751,43163,34958,41713,65087,43978,24908,41713,27924,29299,27498,83389,39325,324828,30321,61248,24221,42349,39915,25563,80622,46159,72367,23806,40067,40617,31327,87844,31997,46866,214106,42010,45680,35236,34329,34285,36287,40583,62318,37332,35312,27200,23955,26582,32862,26264,111810,36253
,35746,36314,35060,63264,48846,41753,43165,34962,41731,66300,43816,25016,41731,26844,29179,27650,78919,39298,324232,30366,61395,24217,42294,39911,25456,80501,46130,72218,23813,40167,40645,30569,87739,31956,47016,214018,41815,45649,35327,34325,34296,35850,40657,62405,37331,35301,26956,23957,26566,32012,26152,111740,36251
,36093,36274,35087,63087,48705,41658,43164,34959,41718,66662,43831,25089,41718,25987,29161,27774,74980,39275,324491,30295,61636,24216,42331,39992,25324,80342,46168,72097,23815,40143,40600,30094,87562,31913,46786,214011,41843,45760,35457,34329,34299,35632,40803,62416,37334,35300,26758,23956,26551,30916,26027,111840,36249
,36576,36231,35120,63253,48884,41756,43161,34954,41699,66443,43828,25163,41699,25387,29228,27862,71443,39332,323991,30260,61790,24218,42366,39944,25183,80526,46135,71988,23815,40095,40624,29950,87360,31870,47013,214207,41953,45771,35650,34336,34298,35511,41001,62484,37341,35303,26596,23954,26536,29722,25918,112010,36247
,36997,36195,35171,63488,48874,41745,43158,34947,41678,65735,43892,25280,41678,24995,29369,27833,68191,39299,324003,30385,61958,24225,42309,39996,25031,80419,46139,71875,23813,40043,40572,30231,87152,31826,47057,214155,41960,45794,35856,34343,34293,35410,41292,62640,37349,35306,26476,23950,26521,28731,25850,112230,36245
,37348,36160,35231,63381,48854,41790,43156,34940,41663,64588,43803,25428,41663,24760,29564,27732,65249,39304,324842,30407,62172,24234,42403,39916,24882,80593,46036,71768,23811,40074,40603,30694,86941,31781,47220,214596,41961,45800,36121,34351,34287,35349,41612,62875,37358,35311,26383,23946,26504,27863,25805,112460,36243
,37295,36114,35276,63379,48902,41806,43159,34946,41684,62951,43894,25579,41684,24542,29783,27520,62605,39291,325512,30246,62215,24243,42262,39966,24776,80521,46096,71681,23810,40130,40666,30948,86766,31737,47761,214294,41970,45951,36630,34362,34288,35321,41963,63310,37366,35315,26279,23944,26489,27292,25760,112620,36242
,37079,36068,35327,63410,48998,41914,43165,34957,41725,60988,43939,25770,41725,24376,30025,27270,60230,39296,325321,30344,62180,24251,42430,39901,24694,80557,46129,71604,23810,40083,40635,31120,86610,31692,47962,215251,41853,45808,37212,34372,34292,35316,42276,63775,37374,35318,26182,23942,26475,26890,25724,112760,36241
,36746,36019,35386,63486,49028,41807,43172,34971,41769,58863,43901,26034,41769,24289,30274,26986,58141,39372,325992,30377,62201,24260,42453,39896,24617,80629,46185,71536,23809,40130,40663,31107,86444,31646,48258,215442,41877,45888,37858,34385,34296,35344,42484,64367,37382,35323,26103,23941,26455,26598,25706,112860,36241
,36495,35974,35469,63554,49019,41784,43182,34986,41826,56705,44011,26392,41826,24242,30524,26721,56278,39341,325493,30432,62257,24268,42420,39973,24554,80627,46131,71473,23807,40130,40567,30980,86286,31600,48026,214330,41988,45914,38450,34396,34299,35385,42581,64884,37390,35327,26035,23938,26433,26402,25699,112940,36240
,36630,35947,35586,63792,49215,41785,43203,34990,41892,54852,43863,26801,41892,24140,30785,26623,54553,39331,326824,30325,62545,24264,42344,39908,24516,80874,46172,71404,23805,40144,40729,30787,86173,31553,47770,215583,41980,45717,38798,34397,34296,35381,42440,64860,37403,35331,25966,23933,26417,26220,25690,113170,36238
,36898,35930,35753,63603,49242,41853,43228,34990,41975,53194,43950,27362,41975,24035,31023,26616,52973,39284,327499,30276,62592,24255,42349,39842,24495,80744,46153,71338,23803,40140,40695,30511,86072,31505,47446,215292,41918,45657,38952,34393,34290,35358,42263,64622,37416,35334,25902,23925,26403,26076,25685,113410,36236
,37252,35916,35979,63488,49427,41823,43266,34990,42080,51908,44017,28123,42080,23947,31253,26692,51540,39257,326643,30365,62565,24246,42452,39897,24481,80847,46170,71263,23801,40080,40596,30206,85988,31456,47374,215093,41880,45814,38781,34388,34280,35371,42189,64307,37429,35337,25844,23916,26387,25997,25701,113680,36233
,37520,35907,36252,63562,49414,41751,43309,34989,42209,50855,43973,29220,42209,23871,31427,26856,50221,39386,327269,30345,62294,24235,42417,39935,24477,80907,46094,71191,23798,40146,40576,29840,85902,31407,47362,216073,41963,45793,38376,34381,34273,35341,42256,63954,37441,35340,25793,23905,26372,25953,25729,113910,36230
,37631,35898,36698,63578,49553,41818,43332,34988,42372,49895,44045,30523,42372,23827,31471,27012,48953,39339,327541,30344,62643,24213,42421,39915,24489,80722,46295,71150,23796,40125,40599,29294,85754,31357,47329,216673,41915,45725,37817,34376,34263,35330,42693,63772,37456,35343,25754,23900,26357,25894,25738,113860,36230
,37847,35891,37176,63628,49583,41793,43355,34989,42571,49046,44012,32435,42571,23798,31389,27232,47754,39321,328344,30262,62761,24187,42514,39898,24508,80853,46211,71114,23794,40118,40661,28688,85582,31307,47279,216830,42011,45774,37187,34371,34256,35317,43204,63655,37471,35346,25723,23896,26341,25839,25750,113670,36232
,38405,35887,37616,63711,49672,41787,43373,34988,42769,48374,43994,35055,42769,23786,31224,27677,46639,39318,327201,30336,63038,24158,42461,39940,24537,80558,46135,71095,23794,40220,40653,28030,85403,31254,47338,216645,42009,45748,36634,34364,34287,35301,43679,63676,37486,35350,25698,23886,26326,25810,25810,113460,36234
,39398,35885,37940,63920,49806,41774,43400,34987,42995,47790,43973,38824,42995,23780,30945,28278,45583,39334,327891,30213,63251,24130,42348,39962,24569,80916,46183,71070,23794,40086,40617,27385,85217,31202,47288,217542,41951,45896,36143,34359,34339,35285,44021,63750,37499,35353,25678,23874,26310,25790,25903,113200,36236
,41006,35881,37937,63657,49883,41827,43487,34990,43346,47097,43994,44329,43346,23750,30342,28821,44567,39350,328298,30213,63320,24116,42417,39932,24577,80576,46188,70974,23791,40158,40615,26975,85045,31154,47186,216930,41974,45850,35852,34357,34355,35279,43730,63705,37501,35356,25660,23864,26292,25744,25972,112890,36235
,43048,35878,37815,63855,49921,41792,43600,34994,43751,46393,44097,51527,43751,23715,29619,29525,43594,39302,327722,30329,63434,24109,42430,39901,24577,80739,46217,70852,23788,40143,40628,26679,84876,31107,47138,217045,42010,45750,35664,34356,34391,35277,43103,63615,37497,35359,25644,23855,26273,25693,26071,112560,36233
,43864,35877,37685,63565,49971,41858,43718,34999,44136,45765,44037,61081,44136,23678,28862,30479,42631,39307,328776,30268,63783,24106,42431,39965,24579,80366,46334,70724,23782,40129,40650,26425,84711,31063,47094,217710,42087,45831,35536,34357,34465,35274,42323,63576,37492,35362,25634,23851,26253,25644,26265,112210,36230
,43493,35877,37553,63610,50012,41908,43830,35004,44520,45159,43991,72472,44520,23644,28123,31784,41699,39308,329145,30283,63963,24107,42392,39948,24581,80810,46253,70594,23776,40161,40666,26239,84548,31019,46827,217939,42046,45762,35456,34359,34616,35272,41485,63525,37484,35365,25627,23848,26232,25597,26550,111860,36226
,41540,35877,37731,63497,49822,41915,43958,35006,44929,44537,44135,84746,44929,23637,27641,33581,40823,39344,328852,30282,63777,24111,42392,40004,24580,80850,46288,70496,23784,40139,40612,26110,84373,30962,46844,218035,42113,45806,35358,34359,34852,35277,40978,63345,37475,35368,25623,23842,26214,25565,26877,111610,36224
,39181,35879,37975,63533,49724,41877,44085,35005,45305,43934,44117,95426,45305,23638,27292,35828,39991,39318,328851,30347,64062,24118,42503,39999,24580,80766,46269,70417,23795,40101,40591,26038,84197,30902,46895,218082,42192,45872,35270,34359,35205,35284,40616,63132,37465,35371,25623,23835,26196,25538,27342,111410,36221
,37472,35881,38117,63442,49733,41896,44194,35005,45698,43353,44071,101530,45698,23651,27029,38917,39195,39305,327969,30258,64216,24128,42469,39995,24588,80920,46316,70330,23814,40117,40638,26066,84033,30839,46812,217729,42306,45802,35205,34359,35802,35297,40455,62877,37451,35372,25625,23829,26179,25517,27951,111220,36222
,36334,35884,38124,63394,49739,41869,44312,35003,46030,42807,44071,99984,46030,23666,26854,42395,38438,39318,327503,30238,64507,24142,42504,39984,24600,80954,46233,70255,23834,40114,40619,26163,83884,30778,46815,217433,42390,45830,35154,34359,36492,35308,40409,62631,37438,35374,25631,23823,26161,25498,28778,111080,36224
,35870,35893,37773,63233,49501,41791,44355,35004,46066,42356,44078,90896,46066,23648,26741,46277,37727,39387,327567,30283,64854,24167,42430,39938,24612,81078,46164,70223,23828,40114,40542,26226,83732,30733,46945,218163,42426,45641,35116,34362,37327,35299,40313,62583,37431,35377,25645,23817,26140,25474,30009,111010,36214
,35625,35904,37279,63463,49411,41840,44362,35004,45954,41965,44083,77514,45954,23621,26688,49870,37060,39324,328249,30164,65009,24199,42499,39936,24625,80846,46150,70205,23815,40112,40605,26336,83591,30695,46953,218183,42349,45828,35088,34367,37866,35283,40236,62613,37426,35379,25664,23810,26117,25449,31506,111000,36201
,35456,35916,36779,63227,49419,41768,44358,35004,45796,41610,44072,63098,45796,23604,26700,52586,36415,39384,328409,30254,65057,24233,42413,39890,24641,80921,46260,70238,23812,40116,40591,26548,83524,30660,47038,218898,42210,45962,35070,34373,37903,35263,40225,62634,37418,35390,25684,23803,26096,25425,33451,111010,36203
,35373,35928,36282,63017,49281,41889,44328,35003,45570,41298,44042,50226,45570,23594,26764,53713,35807,39366,328217,30271,65112,24268,42469,39918,24658,80852,46256,70281,23815,40128,40581,26868,83484,30628,46898,217886,42179,45724,35059,34379,37336,35244,40243,62669,37409,35404,25707,23796,26076,25402,35506,111050,36209
,35258,35945,35977,63389,49264,41883,44252,35004,45289,41026,44148,41185,45289,23586,26826,52484,35284,39344,328769,30187,65406,24307,42461,39903,24673,80934,46339,70219,23815,40105,40574,27298,83409,30594,47019,218707,42189,45778,35045,34381,36617,35244,40241,62713,37402,35387,25732,23789,26053,25390,37659,111120,36206
,35158,35962,35759,63167,49134,41743,44150,35005,44979,40789,44181,35594,44979,23591,26927,49605,34809,39316,329190,30240,65297,24346,42436,39933,24688,81326,46250,70146,23825,40122,40543,27862,83328,30561,46991,218506,42293,45784,35032,34382,35856,35252,40243,62753,37393,35362,25757,23782,26031,25381,39599,111210,36200
,35119,35981,35582,63139,49071,41844,44008,35009,44613,40587,44126,32231,44613,23621,27076,45857,34335,39391,329329,30228,65589,24388,42529,39961,24704,81259,46239,70051,23868,40130,40518,28642,83264,30530,47019,218784,42335,45770,35024,34382,35304,35255,40264,62784,37386,35371,25783,23775,26009,25377,40785,111340,36197
,35105,36000,35450,62969,49108,41824,43852,35013,44240,40415,44097,30200,44240,23675,27286,41804,33883,39376,329592,30314,65782,24427,42598,39947,24719,81135,46244,69979,23939,40201,40611,29566,83204,30501,47108,218663,42278,45803,35018,34382,34866,35261,40294,62786,37377,35390,25808,23769,25989,25374,41422,111460,36193
,35066,36007,35342,63126,49194,41801,43729,35008,43984,40269,44169,28666,43984,23750,27609,38386,33461,39410,328968,30217,65713,24451,42504,39982,24735,80868,46246,70127,24001,40126,40577,30713,83137,30472,47256,218835,42347,45768,35006,34383,34633,35281,40324,62773,37367,35394,25829,23763,25980,25364,41101,111530,36192
,35026,36010,35260,62844,49103,41860,43625,35002,43776,40146,44102,27707,43776,23859,28017,35694,33062,39420,328779,30158,65882,24470,42512,40032,24752,80878,46295,70342,24091,40199,40692,31915,83068,30444,47418,219643,42464,45799,34993,34384,34513,35302,40358,62737,37356,35394,25847,23757,25978,25352,40275,111570,36191
,35001,36012,35211,62768,49035,41832,43530,34991,43569,40044,44194,27040,43569,23999,28493,33972,32683,39347,329084,30205,66144,24479,42421,39979,24766,80616,46244,70599,24257,40104,40588,33171,83001,30418,47432,218698,42344,45742,34982,34385,34450,35333,40390,62510,37342,35400,25862,23752,25978,25348,39509,111610,36192
,34983,36012,35182,62936,49232,41840,43456,34980,43381,39960,44281,26654,43381,24178,29028,32976,32325,39407,328671,30167,66378,24483,42473,40061,24780,80496,46222,70851,24509,40113,40490,34349,82936,30392,47298,219403,42341,45707,34971,34387,34434,35358,40425,62227,37329,35406,25876,23747,25980,25347,38618,111650,36192
,34966,36015,35147,62915,49199,41806,43422,34988,43221,39897,44079,26286,43221,24463,29664,32578,31987,39304,328243,30272,66283,24493,42466,40015,24795,80584,46350,70903,24748,40136,40570,35041,82876,30368,47059,218795,42218,45844,34961,34389,34375,35338,40484,62090,37320,35401,25888,23741,25982,25337,37723,111710,36192
,34952,36019,35116,62858,49065,41916,43429,35000,43077,39848,44265,26018,43077,24794,30323,32677,31667,39384,328309,30235,66439,24503,42481,39975,24808,80882,46292,70863,25138,40166,40564,35512,82818,30344,47054,218622,42259,45755,34954,34391,34317,35299,40550,61996,37313,35392,25898,23737,25985,25332,36739,111770,36192
,34945,36024,35100,62918,49103,41994,43439,35024,42953,39816,44138,25907,42953,25144,31010,33214,31365,39402,328217,30203,66802,24512,42543,39955,24821,80924,46234,70824,25707,40079,40550,35732,82762,30322,47035,218478,42218,45850,34947,34393,34285,35252,40611,61890,37307,35381,25909,23732,25989,25325,35644,111840,36192
,34940,36032,35089,62900,49186,41969,43493,35049,42837,39793,44116,25882,42837,25490,31659,33988,31080,39380,327671,30180,67214,24518,42472,39928,24831,80857,46209,70747,26610,40123,40547,35832,82708,30300,47025,218285,42215,45777,34941,34396,34264,35201,40667,61793,37300,35369,25916,23727,25994,25326,34459,111900,36192
,34932,36037,35070,62874,49144,42056,43652,35037,42694,39752,44203,25826,42694,25806,32091,34989,30812,39401,328166,30270,67512,24505,42466,39993,24828,80732,46182,70581,27980,40116,40647,36175,82654,30279,46997,218503,42155,45889,34938,34401,34249,35169,40703,61654,37283,35365,25911,23722,26000,25368,32977,111960,36192
,34925,36041,35051,62857,49128,42079,43892,35014,42546,39709,44005,25775,42546,26061,32392,35900,30558,39403,328105,30291,67751,24485,42526,40018,24819,80861,46196,70380,29886,40138,40597,36532,82600,30257,47146,217952,42104,45777,34937,34408,34238,35143,40730,61505,37262,35363,25899,23718,26007,25431,31427,112020,36193
,34914,36060,35033,62862,49125,42140,44205,35011,42403,39668,44117,25780,42403,26267,32618,36465,30319,39349,327825,30294,67460,24461,42502,40035,24805,80826,46291,70143,32568,40163,40644,36937,82551,30237,47210,218193,42181,45818,34934,34418,34237,35119,40744,61440,37245,35362,25890,23713,26012,25496,29954,112070,36193
,34903,36084,35017,62871,49202,42078,44581,35018,42264,39631,44101,25793,42264,26386,32741,36568,30093,39352,327959,30338,67967,24437,42595,40003,24788,80960,46221,69902,35976,40131,40589,37225,82505,30217,47204,219006,42140,45701,34933,34430,34240,35098,40750,61415,37228,35362,25880,23709,26018,25569,28592,112130,36193
,34912,36097,35009,62730,49228,42089,45070,35017,42137,39607,44134,25720,42137,26248,32728,35689,29878,39397,328229,30216,68112,24418,42604,40025,24770,80951,46171,69763,40031,40121,40621,37262,82455,30197,47062,217781,42185,45690,34939,34432,34233,35073,40770,61290,37202,35359,25866,23704,26026,25657,27547,112190,36195
,34925,36110,35005,62834,49385,41988,45568,35024,42019,39589,44157,25609,42019,25980,32590,34255,29673,39364,327228,30321,68051,24402,42490,40023,24751,81307,46202,69668,44145,40165,40657,37004,82401,30179,46937,218607,42205,45629,34948,34433,34224,35051,40787,61196,37178,35355,25853,23700,26035,25750,26717,112260,36198
,34923,36122,35004,62827,49432,41858,46123,35059,41905,39576,44148,25508,41905,25653,32382,32350,29480,39376,327602,30438,68204,24388,42472,40037,24730,81128,46272,69585,48199,40063,40745,36222,82371,30161,46831,218464,42172,45908,34961,34433,34216,35029,40801,61220,37153,35352,25837,23696,26044,25841,26174,112330,36204
,34917,36138,35003,62947,49813,41863,46610,35119,41799,39565,44168,25393,41799,25280,32070,30302,29296,39370,327376,30337,68699,24376,42565,39962,24706,80793,46322,69522,51151,40138,40768,34953,82269,30143,46912,217686,42298,45846,34975,34435,34208,35012,40806,61426,37134,35348,25826,23692,26052,25928,25820,112400,36211
,34914,36175,34996,62837,49947,41903,46726,35198,41708,39546,44300,25224,41708,24910,31530,28589,29117,39294,327056,30388,68695,24373,42599,39945,24678,80889,46327,69473,51216,40076,40650,33442,82278,30126,47005,219248,42338,45758,34972,34454,34200,35012,40769,61716,37142,35343,25850,23689,26051,25998,25549,112480,36204
,34911,36221,34986,62928,50369,41989,46660,35313,41627,39526,44071,25037,41627,24553,30882,27251,28944,39280,327614,30263,68731,24375,42484,39976,24648,80908,46358,69442,48337,40206,40800,31850,82306,30109,46877,219158,42305,45774,34964,34482,34193,35022,40711,62327,37166,35339,25889,23685,26045,26052,25365,112560,36192
,34907,36267,34978,62662,50702,42000,46360,35448,41554,39508,44096,24837,41554,24231,30146,26410,28779,39321,326944,30337,68918,24381,42494,39973,24616,80780,46280,69415,43357,40135,40782,30410,82215,30093,46923,218793,42453,45818,34957,34512,34187,35036,40652,63457,37189,35333,25927,23682,26038,26105,25250,112650,36189
,34902,36314,34969,62611,51156,42002,45977,35631,41489,39490,44146,24639,41489,23951,29387,25897,28621,39288,326702,30288,69282,24391,42522,40005,24583,81004,46254,69402,37464,40084,40771,29183,82091,30077,46812,218116,42339,45735,34952,34542,34181,35054,40582,65120,37221,35327,25969,23678,26029,26142,25183,112740,36193
,34895,36361,34961,62952,51580,41981,45663,35927,41427,39475,44261,24487,41427,23786,28727,25506,28472,39328,325847,30262,69316,24409,42544,40050,24549,80420,46325,69438,32448,40130,40711,28565,82060,30063,46875,218767,42485,45763,34951,34580,34172,35075,40487,67681,37278,35323,26020,23675,26020,26125,25094,112840,36191
,34889,36403,34956,62358,51807,42020,45414,36292,41371,39461,44078,24361,41371,23683,28138,25272,28330,39330,325536,30262,69790,24432,42569,40090,24514,80372,46120,69490,28885,40122,40735,28319,82054,30049,46862,218447,42401,45742,34955,34613,34163,35100,40386,70552,37345,35319,26070,23672,26010,26081,25014,112940,36197
,34881,36446,34950,62389,51828,41988,45426,36744,41320,39448,44124,24239,41320,23619,27658,25180,28195,39283,323758,30312,69805,24461,42601,40038,24478,80165,46241,69567,26757,40117,40771,28356,81986,30036,47110,217409,42386,45653,34977,34618,34152,35118,40270,73461,37415,35317,26126,23669,25999,26006,24967,113040,36230
,34874,36483,34945,62236,51651,41934,45566,37219,41275,39437,44088,24132,41275,23586,27272,25200,28065,39336,323836,30126,69827,24494,42678,40067,24442,80086,46192,69648,25612,40188,40838,28629,81909,30024,47072,217676,42442,45777,35008,34611,34142,35136,40156,75459,37483,35316,26176,23666,25987,25916,24936,113150,36286
,34877,36500,34943,62298,51398,41950,45784,37728,41236,39431,44058,24059,41236,23543,27003,25205,27939,39342,323423,30289,70256,24523,42607,40062,24409,79876,46181,69659,24905,40156,40879,29137,81893,30009,46932,216969,42498,45788,35021,34569,34145,35166,40098,75633,37532,35304,26182,23663,25979,25857,24902,113290,36344
,34884,36504,34943,62441,50827,42013,46069,38174,41201,39429,44034,24007,41201,23507,26818,25275,27816,39318,323169,30196,70646,24554,42610,40038,24376,79834,46183,69645,24543,40141,40768,29749,81900,29993,46843,216743,42422,45661,35041,34517,34151,35192,40063,74403,37566,35288,26168,23661,25971,25808,24874,113460,36432
,34891,36503,34944,62202,50602,42059,46323,38494,41169,39427,44053,23966,41169,23490,26711,25432,27698,39341,323283,30217,70705,24594,42490,40063,24344,80075,46195,69655,24255,40177,40806,30404,81898,29975,46816,216818,42490,45667,35081,34510,34161,35232,40030,71827,37597,35284,26150,23658,25964,25746,24852,113610,36546
,34899,36494,34947,62080,50305,41904,46567,38657,41142,39427,44071,23936,41142,23482,26663,25690,27584,39386,323021,30162,70885,24639,42572,40014,24314,80125,46227,69671,24090,40139,40791,30980,81898,29958,46745,216681,42467,45593,35141,34515,34171,35264,40002,68687,37621,35282,26123,23656,25957,25688,24838,113770,36709
,34911,36473,34948,62269,50093,41940,46945,38445,41121,39430,44040,23916,41121,23471,26617,26103,27477,39295,322066,30171,70772,24683,42443,40067,24282,79794,46286,69658,23958,40181,40873,31317,81912,29948,46811,216278,42495,45645,35263,34514,34173,35230,39977,65837,37595,35272,26085,23654,25950,25664,24835,113950,36976
,34922,36445,34949,61926,49817,41964,47282,37967,41103,39434,44087,23902,41103,23459,26596,26631,27373,39307,322508,30132,71435,24733,42515,40027,24251,80276,46272,69656,23871,40143,40848,31418,81925,29940,46693,216819,42461,45584,35434,34512,34173,35172,39952,63697,37583,35259,26042,23652,25943,25650,24838,114130,37315
,34936,36410,34951,62032,49858,41847,47477,37415,41091,39440,44161,23899,41091,23455,26622,27318,27275,39344,321014,30080,71056,24785,42561,39991,24219,80164,46186,69678,23818,40095,40994,31034,81946,29934,46834,216236,42436,45599,35577,34510,34172,35099,39910,62276,37539,35259,25992,23650,25937,25645,24849,114330,37752
,34948,36370,34954,61945,49656,41965,47518,36810,41079,39445,43982,23900,41079,23452,26679,28063,27179,39338,321473,30124,71478,24848,42487,40069,24190,80395,46318,69738,23788,40177,41002,30348,81960,29928,46849,216515,42435,45647,35760,34508,34170,35023,39865,61388,37483,35262,25941,23648,25930,25640,24861,114510,38210
,34947,36327,34959,62098,49525,41911,47133,36332,41060,39443,44016,23881,41060,23438,26739,28908,27083,39359,320984,30051,71858,24946,42533,40035,24168,79891,46282,69896,23738,40173,41048,29405,81918,29916,46804,216206,42361,45518,36080,34500,34169,34998,39827,60676,37414,35259,25912,23647,25922,25603,24853,114580,38776
,34940,36282,34967,61945,49670,41977,46548,35922,41040,39437,44107,23858,41040,23419,26815,29672,26988,39277,321299,29996,71808,25062,42612,40037,24151,80027,46364,70136,23688,40150,41046,28360,81851,29901,46723,215927,42381,45545,36529,34489,34167,34991,39792,60212,37338,35255,25893,23646,25914,25553,24839,114610,39274
,34933,36235,34970,61895,49702,42090,45803,35630,41021,39431,44032,23836,41021,23402,26933,30277,26896,39383,321050,29976,72688,25188,42583,40063,24136,80339,46263,70374,23652,40148,41067,27512,81775,29886,46702,215727,42314,45560,36973,34478,34165,34989,39773,60087,37253,35252,25874,23645,25905,25501,24823,114630,39517
,34927,36186,34974,61820,49517,42075,45001,35419,41002,39424,44042,23814,41002,23384,27080,30657,26807,39356,321719,29965,72555,25324,42656,40015,24122,80016,46219,70672,23623,40114,41116,26776,81691,29870,46812,215173,42311,45511,37319,34468,34163,34991,39759,60146,37167,35250,25858,23644,25897,25446,24806,114640,39531
,34914,36135,34990,61816,49437,42185,44377,35259,40985,39417,44142,23796,40985,23367,27221,30362,26720,39327,321424,30051,73378,25469,42711,40009,24109,80183,46225,71196,23601,40187,41101,26291,81614,29856,46749,215488,42423,45529,37490,34462,34161,34982,39742,60136,37101,35249,25849,23643,25890,25394,24794,114640,39120
,34899,36083,35009,61877,49553,42297,43849,35152,40969,39410,44115,23781,40969,23353,27384,29737,26637,39341,320421,29937,73346,25622,42563,39971,24098,79513,46350,71815,23584,40123,41031,25951,81538,29843,46654,215504,42554,45482,37526,34454,34159,34971,39725,60145,37044,35249,25842,23643,25884,25343,24784,114640,38530
,34901,36030,35032,61852,49498,42431,43454,35105,40954,39403,44191,23766,40954,23338,27607,28862,26556,39388,320295,29976,73896,25767,42663,40004,24087,79648,46251,72479,23573,40174,41110,25710,81459,29829,46787,215554,42546,45597,37315,34467,34154,34963,39705,60189,36988,35249,25840,23642,25879,25290,24774,114640,37829
,34907,35978,35052,61823,49485,42498,43159,35100,40940,39396,44206,23754,40940,23324,27884,27871,26478,39365,318978,29919,73762,25912,42672,39969,24078,79622,46223,73161,23567,40159,41178,25551,81381,29815,46653,215071,42659,45505,36981,34455,34148,34955,39684,60255,36939,35249,25839,23642,25876,25238,24765,114640,37214
,34901,35929,35044,61877,49418,42495,42989,35108,40936,39396,44197,23752,40936,23315,28168,27041,26404,39313,320149,29891,74089,26086,42611,39993,24069,79497,46291,73756,23555,40109,41144,25394,81308,29801,46881,214813,42663,45448,36624,34461,34146,34949,39669,60273,36906,35249,25829,23642,25871,25194,24755,114700,36789
,34891,35883,35022,62060,49422,42539,42899,35139,40935,39399,44246,23755,40935,23308,28502,26304,26334,39283,320337,29976,74318,26260,42634,40038,24061,79390,46356,74306,23543,40148,41170,25266,81239,29786,46871,214719,42714,45502,36249,34469,34144,34944,39655,60286,36882,35249,25815,23642,25867,25153,24745,114800,36480
,34883,35838,35006,62253,49437,42517,42829,35191,40936,39402,44140,23759,40936,23303,28978,25763,26267,39337,319078,29885,74564,26435,42574,39975,24054,79678,46275,74811,23532,40122,41196,25195,81183,29772,46859,214317,42705,45502,35918,34480,34142,34938,39647,60405,36863,35249,25808,23643,25864,25116,24734,114920,36296
,34876,35794,34989,62095,49307,42447,42792,35267,40939,39406,44391,23766,40939,23298,29568,25364,26202,39343,318180,29865,75143,26593,42680,39976,24047,79552,46303,75263,23523,40129,41184,25156,81136,29758,46829,215103,42698,45592,35621,34490,34140,34933,39640,60579,36851,35249,25802,23643,25863,25082,24725,115050,36195
,34869,35751,34959,62139,49375,42291,42771,35372,40946,39413,44281,23776,40946,23295,30153,25115,26138,39407,319194,29917,75065,26679,42686,39995,24042,79695,46258,75692,23520,40115,41308,25108,81070,29741,46932,214937,42556,45589,35413,34498,34139,34935,39622,60640,36843,35249,25789,23644,25868,25045,24723,115180,36084
,34863,35709,34930,62028,49541,42250,42763,35489,40953,39420,44227,23788,40953,23293,30860,24988,26076,39373,319012,29852,75485,26723,42692,40020,24037,79874,46265,76052,23520,40165,41241,25068,81006,29724,47006,214858,42563,45422,35257,34506,34137,34940,39605,60722,36838,35249,25777,23645,25878,25010,24723,115310,35996
,34856,35671,34903,61901,49409,42135,42786,35667,40964,39429,44440,23802,40964,23293,31791,24949,26015,39391,319365,29997,75902,26745,42710,40015,24034,79992,46237,76331,23523,40274,41477,25053,80991,29705,46955,214850,42521,45510,35139,34510,34136,34949,39581,61012,36839,35249,25768,23646,25882,24976,24726,115450,35965
,34851,35634,34896,62054,49449,42211,42816,35847,40974,39438,44473,23816,40974,23292,32964,24997,25955,39395,318724,30013,75992,26740,42743,39995,24031,79892,46416,76513,23526,40169,41442,25050,80994,29686,47110,215197,42672,45512,35053,34516,34136,34957,39559,61461,36842,35249,25765,23647,25885,24945,24728,115600,35960
,34848,35593,34893,62124,49520,42415,42805,35928,40977,39441,44614,23820,40977,23287,34410,25117,25902,39385,318658,30092,76208,26701,42827,40115,24025,79985,46482,76499,23521,40187,41684,25034,80991,29680,47186,214208,42680,45602,34976,34534,34133,34953,39573,61885,36846,35250,25792,23648,25911,24925,24725,115800,35926
,34847,35554,34970,62032,49640,42465,42783,35956,40977,39442,44699,23818,40977,23280,36182,25311,25852,39487,317765,30114,76478,26643,43006,40153,24019,80127,46496,76318,23514,40263,41935,25020,80992,29677,47277,215073,42888,45857,34916,34555,34129,34944,39598,62561,36852,35250,25839,23649,25942,24912,24719,116020,35890
,34848,35514,35049,61858,49661,42500,42756,35940,40976,39443,44515,23817,40976,23272,38332,25561,25805,39537,318189,30179,76790,26571,42854,40144,24014,80444,46385,76133,23507,40321,42122,25022,80991,29678,47156,214975,42980,45821,34875,34579,34125,34941,39632,63457,36857,35251,25876,23650,25940,24901,24713,116270,35866
,34849,35476,35142,61598,49510,42232,42730,35884,40976,39443,44443,23814,40976,23265,40835,25875,25760,39592,317125,30140,77044,26498,42835,40066,24008,79948,46449,75827,23499,40228,41857,25035,80991,29679,47004,214363,42743,45563,34848,34602,34122,34940,39667,64985,36864,35251,25921,23651,25930,24894,24706,116520,35849
,34850,35451,35229,61534,49275,42110,42736,35785,40978,39447,44372,23811,40978,23260,43957,26285,25706,39483,317523,30024,77185,26444,42656,39997,24003,80134,46381,75077,23495,40142,41765,25046,81004,29670,47149,213976,42655,45542,34832,34609,34119,34931,39667,67166,36877,35251,26012,23653,25941,24889,24700,116750,35844
,34851,35433,35314,61555,49245,42085,42750,35662,40981,39453,44541,23809,40981,23257,47369,26753,25651,39421,316737,29885,77749,26403,42683,39985,23998,80088,46234,74147,23491,40206,41802,25068,81010,29657,47035,214263,42756,45498,34822,34608,34117,34924,39656,70617,36899,35252,26113,23654,25958,24885,24695,116980,35845
,34853,35416,35367,61289,49230,42084,42775,35508,40985,39460,44503,23806,40985,23256,51072,27279,25595,39444,316843,30010,77964,26393,42766,39999,23994,80071,46379,73124,23488,40115,41959,25103,81043,29644,47060,214393,42730,45440,34826,34605,34114,34924,39642,75610,36920,35252,26224,23656,25971,24882,24687,117210,35854
,34856,35401,35395,61672,49195,42124,42800,35345,40990,39469,44607,23804,40990,23256,54624,27823,25541,39483,315942,29932,78438,26399,42709,39963,23990,79637,46338,72071,23486,40066,42052,25155,81065,29630,47077,214144,42705,45305,34834,34599,34112,34932,39625,81717,36941,35252,26327,23658,25983,24880,24678,117440,35864
,34859,35384,35469,61417,49196,42242,42783,35235,40997,39477,44657,23808,40997,23250,57708,28366,25496,39379,316494,30004,79030,26407,42745,40007,23986,79416,46396,71256,23486,40122,42208,25250,80967,29620,46959,213981,42677,45368,34821,34597,34114,34965,39616,89196,36953,35252,26354,23660,25996,24881,24673,117740,35859
,34863,35367,35562,61519,49210,42428,42752,35146,41007,39486,44556,23813,41007,23245,60039,28856,25455,39404,314375,29958,78835,26418,42695,40040,23983,79258,46345,70570,23487,40160,42247,25377,80829,29611,47118,213426,42568,45386,34803,34595,34118,35019,39609,95993,36963,35251,26343,23662,26008,24883,24669,118060,35848
,34867,35341,35685,61620,49318,42322,42719,35055,41019,39497,44763,23819,41019,23238,61183,29279,25416,39434,315911,29986,79278,26434,42578,39950,23980,79441,46219,69879,23489,40116,42341,25506,80683,29603,47092,213850,42623,45293,34784,34591,34122,35063,39607,100910,36962,35249,26332,23665,26019,24877,24655,118360,35838
,34872,35313,35814,62102,49333,42561,42688,34974,41033,39510,44739,23826,41033,23233,61017,29600,25378,39459,314508,29837,79145,26448,42715,40054,23977,79606,46349,69278,23493,40165,42367,25655,80542,29595,47209,214113,42594,45490,34765,34587,34127,35119,39609,101680,36967,35248,26303,23667,26030,24870,24639,118670,35827
,34878,35294,36004,61895,49304,42450,42681,34916,41048,39531,44684,23836,41048,23241,59240,29628,25342,39432,315053,29890,79380,26449,42733,40025,23974,79358,46240,68941,23500,40174,42483,25878,80469,29585,47384,213406,42494,45435,34755,34582,34128,35250,39597,98937,36973,35246,26231,23670,26043,24870,24627,119000,35821
,34885,35278,36180,62103,49453,42245,42689,34871,41066,39557,44873,23848,41066,23254,56456,29492,25305,39477,314706,29940,79459,26438,42689,39994,23972,78978,46296,68753,23510,40077,42480,26124,80436,29575,47347,214117,42574,45461,34748,34577,34127,35405,39582,94019,36979,35245,26143,23673,26055,24872,24617,119320,35816
,34893,35262,36243,61587,49570,42371,42705,34836,41086,39588,44777,23864,41086,23277,52959,29295,25270,39427,314341,29859,79852,26418,42628,40001,23970,78700,46295,68658,23523,40133,42524,26385,80428,29564,47671,213583,42564,45475,34743,34573,34126,35568,39612,87560,36986,35243,26037,23677,26068,24874,24605,119620,35811
,34900,35246,36231,61425,49570,42221,42735,34809,41109,39624,44801,23879,41109,23304,49101,29022,25236,39373,314161,29752,80061,26384,42744,39946,23968,78717,46245,68650,23539,40090,42410,26634,80466,29554,47769,213395,42526,45306,34738,34568,34125,35721,39653,81679,36990,35241,25933,23681,26080,24876,24592,119880,35807
,34904,35232,36083,61099,49478,42266,42766,34781,41135,39655,44923,23885,41135,23308,45482,28632,25198,39492,314380,29765,80366,26327,42694,39957,23969,78911,46229,68682,23550,40197,42334,26798,80530,29544,48359,213010,42530,45389,34730,34557,34123,35822,39646,77230,36977,35239,25885,23683,26085,24876,24579,120020,35801
,34907,35218,35874,60844,49654,42105,42807,34757,41165,39687,44721,23888,41165,23307,42164,28186,25159,39437,314441,29773,80496,26248,42809,40028,23971,78945,46366,68771,23562,40139,42440,26917,80629,29534,48794,212645,42657,45368,34720,34544,34121,35891,39627,73847,36955,35236,25863,23685,26087,24875,24566,120060,35795
,34910,35206,35600,60819,49651,42063,42879,34736,41194,39724,44725,23890,41194,23322,39323,27787,25119,39434,313397,29851,81092,26158,42841,39990,23974,79484,46321,68888,23575,40167,42354,26971,80885,29524,48511,212881,42635,45451,34711,34530,34119,35900,39621,71179,36933,35233,25850,23690,26089,24875,24552,120090,35789
,34913,35194,35313,60957,49637,41966,42969,34720,41227,39767,44688,23894,41227,23349,36870,27396,25080,39441,312630,29774,81720,26048,42671,40003,23978,79193,46360,69044,23590,40111,42341,26995,81225,29514,47996,212428,42584,45316,34702,34517,34117,35883,39622,68972,36909,35230,25848,23695,26089,24874,24537,120060,35784
,34916,35182,35168,60656,49639,41960,43052,34714,41274,39824,44929,23907,41274,23374,34870,26996,25042,39451,312679,29699,81535,25895,42796,39935,23981,79073,46287,69323,23619,40174,42229,27028,81405,29503,47526,212225,42455,45313,34694,34512,34114,35866,39626,66792,36881,35227,25851,23700,26088,24874,24523,119860,35778
,34919,35170,35082,60663,49558,42002,43157,34712,41326,39891,44824,23925,41326,23415,33226,26607,25004,39496,312347,29744,82005,25713,42679,40029,23984,79189,46323,69647,23653,40181,42151,27083,81638,29493,47329,211875,42359,45371,34687,34511,34111,35832,39641,64843,36853,35224,25863,23704,26086,24874,24509,119590,35773
,34922,35158,35014,60594,49338,42004,43267,34715,41386,39966,44725,23952,41386,23486,31886,26229,24967,39424,312859,29772,81964,25526,42742,40043,23988,79104,46443,69943,23691,40099,42105,27123,82043,29482,47235,211365,42320,45270,34680,34516,34108,35878,39673,63226,36830,35222,25882,23708,26083,24874,24496,119250,35762
,34926,35146,34974,60518,49618,42046,43408,34720,41449,40053,44845,23982,41449,23588,30808,25875,24930,39491,311735,29605,82623,25324,42760,40012,23992,79558,46280,70214,23730,40040,42136,27201,82668,29472,47116,211853,42362,45294,34675,34523,34106,35923,39737,61879,36814,35219,25910,23713,26081,24875,24483,118890,35749
,34934,35142,34955,60567,49458,41991,43688,34718,41493,40147,44733,23999,41493,23727,29889,25584,24894,39440,311814,29826,83005,25087,42655,39988,23998,79465,46350,70461,23772,40196,41992,27478,83605,29462,47158,210628,42260,45348,34673,34523,34107,35809,39810,60829,36794,35216,25960,23718,26081,24878,24466,118640,35755
,34945,35139,34954,60491,49426,41830,44043,34714,41531,40251,44691,24016,41531,23914,29138,25337,24860,39471,311784,29753,83532,24836,42772,40087,24005,79384,46403,70633,23816,40175,41811,27861,84854,29453,47098,211168,42367,45358,34675,34525,34111,35643,39945,60007,36779,35212,26021,23723,26082,24883,24447,118430,35764
,34959,35139,34974,60700,49375,41847,44354,34710,41579,40375,44741,24033,41579,24133,28575,25116,24827,39460,311655,29713,83549,24580,42788,40021,24012,79031,46398,70750,23852,40138,41801,28240,86623,29443,47158,211330,42427,45289,34673,34529,34115,35430,40163,59394,36809,35209,26092,23728,26083,24887,24433,118250,35759
,34976,35140,35007,60644,49571,41897,44676,34707,41631,40513,44875,24059,41631,24401,28150,24930,24794,39481,310955,29730,84258,24329,42753,40031,24019,78909,46268,70763,23887,40176,41788,28661,88621,29434,47243,210256,42342,45313,34672,34539,34121,35209,40468,58941,36854,35206,26169,23734,26085,24893,24421,118070,35752
,34986,35132,35023,60568,49436,41861,45167,34707,41683,40646,44856,24115,41683,24795,27765,24788,24762,39422,310836,29754,83759,24111,42739,39996,24027,78662,46354,70446,23938,40116,41570,29237,91209,29424,47260,210703,42323,45249,34683,34569,34129,35120,41047,58527,36871,35203,26241,23739,26087,24900,24405,117830,35728
,34994,35121,35038,60732,49525,41912,45680,34707,41744,40793,44787,24186,41744,25256,27454,24682,24730,39407,310622,29604,84630,23918,42757,40016,24035,78634,46407,69989,23987,40138,41466,29862,93694,29415,47291,211315,42312,45274,34698,34613,34138,35083,41698,58185,36884,35200,26315,23745,26088,24908,24388,117570,35699
,35021,35109,35062,60817,49691,41910,46127,34710,41809,40947,45029,24287,41809,25727,27259,24615,24699,39420,310722,29655,85670,23730,42982,40052,24044,79011,46419,69429,24040,40182,41458,30465,95654,29406,47126,211346,42371,45273,34701,34645,34150,35060,42424,57961,36901,35198,26388,23751,26091,24917,24373,117320,35708
,35053,35098,35090,60824,49605,41974,46489,34713,41887,41122,44934,24404,41887,26214,27142,24584,24669,39442,310489,29566,85475,23562,42870,40044,24051,78859,46416,68835,24084,40125,41338,31021,96824,29397,47153,211165,42406,45242,34700,34683,34162,35053,43067,57813,36920,35196,26462,23757,26093,24926,24357,117080,35727
,35064,35094,35111,60812,49692,42071,46651,34713,42014,41369,44888,24473,42014,26755,27031,24561,24641,39441,310417,29596,86170,23453,42910,40053,24054,78907,46413,68455,24073,40127,41298,31520,96430,29387,47186,211371,42399,45223,34703,34770,34169,35045,43342,57613,36948,35196,26548,23764,26091,24930,24343,116980,35722
,35069,35094,35131,60671,49612,42153,46682,34711,42168,41656,44981,24541,42168,27302,26965,24562,24614,39430,309722,29787,86584,23379,42829,40008,24055,78537,46577,68162,24037,40179,41046,31892,95093,29377,47244,211108,42362,45297,34708,34867,34175,35047,43330,57425,36974,35197,26636,23772,26088,24931,24330,116960,35710
,35076,35096,35178,60816,49671,42073,46498,34709,42337,41959,44949,24671,42337,27764,26966,24631,24588,39376,309576,29647,86832,23319,42786,39989,24054,78784,46388,67868,23993,40138,41114,32086,92644,29367,47439,210686,42494,45323,34710,34981,34177,35035,42964,57277,37022,35199,26716,23780,26085,24933,24318,116940,35705
,35082,35099,35237,60596,49618,42192,46210,34707,42522,42284,44955,24845,42522,28158,27024,24744,24563,39445,309737,29685,87081,23278,42799,39986,24052,78898,46381,67611,23939,40164,40987,32096,89677,29357,47532,211107,42275,45298,34712,35076,34179,35025,42443,57165,37047,35203,26791,23788,26083,24935,24305,116970,35700
,35091,35097,35257,60642,49658,42125,45942,34705,42723,42636,44893,24994,42723,28603,27157,24826,24539,39398,310172,29722,87510,23254,42897,40011,24052,79215,46505,67417,23881,40090,40859,31686,86854,29348,47444,211687,42324,45206,34719,35098,34194,35101,41966,57086,37062,35203,26869,23797,26079,24935,24294,117040,35694
,35102,35095,35283,60461,49793,42033,45691,34703,42938,43003,45016,25191,42938,28951,27358,24944,24516,39406,310027,29897,87786,23241,42841,40053,24051,79327,46487,67268,23822,40077,40932,31072,84184,29340,47651,210803,42481,45208,34728,35080,34212,35193,41495,57029,37068,35204,26938,23807,26077,24936,24283,117130,35690
,35113,35090,35330,60656,50019,42137,45431,34702,43148,43377,45067,25500,43148,29119,27567,25141,24493,39406,309590,29939,88452,23245,42817,40102,24051,79655,46485,67150,23754,40123,40874,30321,82167,29331,47768,210955,42493,45225,34739,34950,34235,35257,40994,57081,37080,35203,27003,23816,26074,24936,24272,117260,35686
,35125,35086,35454,60666,49907,42177,45223,34700,43365,43755,44963,25923,43365,29091,27822,25424,24471,39389,309910,29999,89072,23255,42830,40004,24050,79531,46584,67065,23686,40150,40927,29525,80641,29323,47758,210892,42471,45221,34750,34781,34258,35302,40524,57161,37094,35204,27054,23826,26073,24938,24262,117410,35683
,35144,35096,35565,60476,50006,42168,45250,34699,43624,44133,45064,26466,43624,28629,28247,25815,24449,39443,310778,29976,89497,23238,42847,40034,24047,79356,46447,67016,23644,40210,40861,28854,79710,29313,47742,210948,42588,45240,34755,34689,34257,35251,40263,57115,37098,35214,27054,23835,26079,24948,24250,117470,35684
,35165,35109,35827,60590,49994,42095,45390,34697,43890,44505,44993,27187,43890,27949,28738,26326,24428,39444,310534,30060,90041,23213,42931,40056,24043,79304,46323,66995,23613,40116,40901,28308,79323,29302,47554,211277,42419,45277,34759,34623,34249,35168,40108,57033,37106,35226,27024,23843,26087,24963,24238,117500,35688
,35193,35125,36437,60464,50060,42323,45621,34694,44158,44869,45061,28019,44158,27142,29234,26979,24408,39443,310849,30111,90733,23190,42926,40042,24040,79597,46274,67013,23586,40087,40735,27905,79412,29293,47555,212010,42542,45193,34767,34572,34245,35108,39973,56954,37123,35240,26990,23852,26098,24976,24227,117560,35687
,35224,35141,37284,60498,50121,42355,45881,34691,44412,45216,45120,29068,44412,26283,29719,27746,24388,39469,310393,30042,91446,23166,42991,40016,24036,79838,46341,67051,23563,40173,40793,27697,80045,29283,47802,211176,42448,45177,34777,34543,34242,35059,39887,56874,37143,35255,26939,23861,26112,24992,24215,117630,35685
,35241,35142,38726,60426,50141,42589,46162,34691,44602,45525,45114,30636,44602,25520,30136,28763,24369,39492,311286,30005,92143,23155,42917,40061,24032,80186,46438,67070,23535,40144,40739,27829,81206,29273,47988,212065,42478,45186,34781,34531,34239,35048,39873,56828,37213,35266,26847,23870,26123,25017,24204,117680,35701
,35258,35136,40274,60253,50247,42569,46386,34692,44749,45804,45157,32446,44749,24835,30489,29833,24351,39457,311248,30133,92760,23148,42819,40099,24029,80009,46405,67101,23508,40171,40757,28256,82844,29263,48477,212151,42514,45213,34787,34548,34243,35051,39893,56793,37294,35275,26738,23879,26137,25044,24193,117760,35721
,35274,35128,41630,60228,50169,42651,46413,34696,44887,46051,45238,34687,44887,24339,30742,30949,24335,39361,310678,29959,92927,23144,42880,40114,24025,79010,46446,67116,23482,40153,40710,28893,85459,29253,48437,212631,42438,45282,34789,34601,34253,35087,39957,56764,37316,35282,26621,23888,26145,25077,24182,117820,35720
,35297,35118,42713,60204,50404,42463,46298,34699,44998,46265,45231,36908,44998,23968,30905,31947,24318,39493,311369,30028,93861,23142,42819,40023,24022,78936,46359,67146,23459,40061,40674,29765,88336,29244,48494,212509,42506,45091,34796,34704,34274,35135,40024,56736,37327,35287,26504,23897,26151,25111,24172,117910,35714
,35345,35112,42851,60133,50410,42451,45919,34693,45036,46449,45437,38890,45036,23720,30967,32521,24301,39460,312118,29953,94236,23138,42872,40092,24026,78806,46352,67287,23446,40197,40749,31181,91519,29240,48379,212791,42412,45236,34836,34836,34321,35110,40003,56697,37334,35298,26418,23908,26185,25123,24165,118180,35715
,35407,35108,42668,60079,50499,42377,45411,34685,45035,46603,45390,40401,45035,23563,30932,32770,24284,39398,311593,29947,94223,23135,42867,40010,24033,78764,46221,67462,23438,40085,40652,32779,94332,29239,48276,212282,42457,45195,34888,35021,34387,35074,39949,56655,37357,35309,26353,23920,26227,25129,24160,118530,35718
,35484,35104,42564,60295,50343,42460,44816,34673,45027,46713,45481,40800,45027,23472,30816,32591,24267,39502,311575,29800,94003,23133,42860,40041,24042,78968,46236,67659,23433,40159,40733,34471,95694,29239,48128,212219,42450,45113,34950,35358,34468,35074,39831,56608,37438,35305,26289,23933,26243,25135,24155,118940,35717
,35572,35100,43650,60146,50417,42421,44199,34662,45004,46796,45641,40448,45004,23433,30614,32047,24250,39511,312437,29990,94986,23134,42874,39973,24052,78919,46233,67853,23430,40096,40730,36057,95863,29240,47841,212786,42489,45241,35016,35776,34562,35102,39695,56564,37545,35296,26243,23947,26253,25143,24151,119370,35715
,35650,35091,46905,60151,50412,42387,43711,34667,44951,46872,45699,39100,44951,23388,30258,31230,24237,39476,311946,29915,95108,23135,42861,40031,24063,78784,46295,67926,23429,40243,40689,37091,94345,29241,47865,212598,42426,45152,35068,36221,34696,35156,39637,56546,37770,35301,26239,23959,26276,25162,24148,119730,35717
,35734,35082,52484,60280,50403,42375,43297,34677,44897,46932,45722,37212,44897,23355,29832,30283,24226,39595,312762,29837,95219,23139,42827,40062,24075,78431,46267,67941,23429,40173,40711,37727,91902,29242,47826,213255,42474,45289,35118,36403,34832,35260,39607,56533,38017,35309,26260,23970,26304,25188,24145,120080,35719
,35834,35071,61197,60082,50655,42524,43012,34690,44822,46992,45694,34951,44822,23361,29332,29397,24216,39529,312004,29843,96291,23144,42891,40022,24089,78658,46297,67988,23431,40140,40709,37837,88813,29244,47817,213176,42591,45266,35155,36050,34988,35404,39579,56549,38157,35316,26303,23982,26327,25225,24142,120380,35724
,35949,35061,72039,60325,50554,42492,42809,34705,44759,47011,45714,32571,44759,23379,28827,28592,24207,39543,312310,29781,97033,23151,43086,40047,24103,79042,46319,68025,23435,40111,40654,37603,85496,29246,47910,213521,42434,45148,35191,35485,35126,35596,39561,56567,38256,35323,26364,23994,26351,25270,24139,120680,35730
,36092,35058,81999,60343,50707,42703,42639,34708,44808,47062,45915,30741,44808,23362,28469,28128,24195,39549,313029,29673,97462,23164,42976,40027,24117,79583,46311,67929,23436,40184,40689,37134,82888,29249,47995,213574,42457,45278,35263,35058,35143,36005,39539,56516,38247,35327,26424,24009,26380,25310,24137,121200,35732
,36262,35058,90052,60349,50448,42499,42511,34705,44909,47111,45940,29199,44909,23338,28206,27882,24184,39607,311551,29763,97610,23180,42885,39981,24132,79683,46354,67801,23436,40164,40723,36543,80676,29251,47985,213873,42541,45209,35341,34717,35103,36414,39526,56450,38241,35331,26497,24026,26411,25355,24136,121760,35734
,36424,35058,93557,60234,50776,42543,42441,34707,45013,47163,46143,28040,45013,23317,28019,27771,24172,39567,312461,29797,98341,23199,42964,40020,24148,80013,46423,67755,23436,40127,40663,35818,79317,29254,47979,213498,42580,45184,35422,34543,35028,36909,39525,56377,38240,35334,26577,24042,26438,25437,24134,122280,35734
,36603,35059,94446,60372,50807,42290,42408,34710,45135,47211,46034,27160,45135,23297,27939,27831,24161,39641,313048,29709,99010,23220,42891,40014,24165,79949,46428,67772,23437,40224,40759,35110,78458,29256,47946,213613,42706,45186,35490,34462,34926,37189,39540,56314,38315,35337,26672,24057,26464,25540,24133,122740,35737
,36883,35062,92569,60291,50849,42261,42375,34705,45285,47231,46181,26497,45285,23291,27978,28144,24151,39625,312588,29756,99108,23239,42855,39997,24181,79287,46322,67777,23439,40147,40715,34902,77725,29260,47872,214251,42713,45097,35496,34409,34834,36989,39579,56327,38734,35342,26809,24076,26495,25620,24132,123090,35757
,37200,35065,87225,60310,50765,42333,42354,34700,45442,47244,46202,26015,45442,23289,28154,28630,24141,39600,312815,29706,99783,23258,42901,39991,24197,79509,46302,67876,23442,40157,40662,34855,77195,29263,47635,213991,42788,45186,35472,34389,34742,36712,39640,56376,39295,35346,26977,24095,26524,25724,24131,123320,35783
,37517,35069,79678,60417,51005,42456,42368,34695,45604,47253,46322,25677,45604,23291,28486,29269,24132,39674,311964,29724,100761,23278,42938,39979,24213,79554,46350,68163,23445,40204,40646,34815,77045,29266,47460,214495,42711,45150,35421,34386,34630,36662,39727,56447,40009,35351,27128,24114,26553,25841,24131,123270,35818
,37817,35074,70919,60369,50898,42421,42394,34694,45756,47267,46231,25447,45756,23294,28984,29986,24123,39600,312666,29702,100973,23299,43014,40012,24230,79792,46420,68780,23448,40220,40672,34744,77064,29269,47283,214284,42691,45198,35356,34395,34518,37075,39849,56534,40715,35356,27292,24132,26578,26008,24130,123060,35857
,38100,35072,61698,60329,51068,42533,42390,34719,45853,47320,46254,25220,45853,23290,29668,30836,24114,39604,313419,29866,101729,23324,42981,40020,24252,80222,46451,69343,23448,40192,40622,34458,76835,29269,47277,215081,42854,45153,35297,34380,34455,38083,39960,56628,41296,35360,27554,24139,26581,26321,24128,122790,35874
,38317,35067,53697,60213,51176,42574,42386,34759,45913,47394,46250,25032,45913,23284,30557,31627,24105,39638,313621,29663,101982,23351,42991,39991,24277,79597,46426,70611,23447,40203,40622,34029,76575,29267,47342,214780,42784,45322,35247,34359,34411,39913,40152,56740,41661,35364,27837,24140,26573,26719,24125,122470,35887
,38449,35063,47514,60374,51104,42681,42369,34792,45955,47457,46231,24887,45955,23278,31627,32269,24092,39606,314018,29717,102744,23376,42904,40083,24302,79351,46405,72675,23446,40165,40645,33355,76396,29264,47536,214961,42836,45154,35206,34342,34374,43409,40370,56801,41652,35370,28138,24141,26560,27203,24121,122050,35915
,38495,35058,42932,60633,51116,42656,42360,34829,45966,47525,46341,24774,45966,23271,32914,32672,24078,39634,314235,29828,103303,23401,43103,39997,24327,79526,46545,76343,23445,40120,40680,32569,76255,29261,47561,214173,42818,45218,35180,34327,34345,48000,40760,56891,41421,35376,28407,24140,26542,27718,24117,121610,35953
,38240,35054,40228,60406,51110,42467,42430,34894,45923,47654,46307,24681,45923,23269,34558,32446,24079,39640,313703,29868,104326,23431,43124,40031,24354,79399,46522,82254,23443,40137,40622,31642,76188,29257,47612,214622,42924,45210,35205,34328,34307,53877,41501,57080,40845,35377,28567,24136,26523,28300,24113,121310,35982
,37937,35050,38425,60655,51086,42420,42524,34962,45837,47800,46428,24608,45837,23267,36437,31845,24084,39628,314520,29885,104691,23460,43139,40048,24380,79959,46381,90598,23441,40219,40658,30718,76160,29252,47871,215163,43097,45178,35259,34335,34270,60816,42576,57398,40174,35377,28660,24133,26501,28835,24110,121090,36020
,37558,35046,37325,60751,51121,42220,42630,35042,45733,47920,46421,24563,45733,23265,38540,30841,24069,39668,313554,29871,105172,23491,43051,40011,24408,80300,46466,103290,23439,40191,40690,30001,76150,29249,47976,215822,43029,45142,35313,34346,34235,65547,44091,57798,39626,35380,28699,24127,26475,29239,24105,120860,36103
,37382,35044,36814,60676,51342,42117,42732,35115,45597,48017,46464,24534,45597,23264,40823,29646,24048,39630,314626,29877,106709,23518,43039,40060,24434,80373,46537,119230,23436,40170,40625,29444,76156,29245,48221,215334,42951,45135,35378,34359,34204,65434,45730,58389,39236,35385,28692,24122,26447,29508,24101,120680,36213
,37614,35048,36536,60550,51339,42213,42760,35118,45399,48113,46392,24491,45399,23260,43059,28623,24042,39609,315620,29935,107644,23525,43134,40025,24452,80099,46617,136320,23435,40186,40708,29176,76138,29237,48336,215327,42929,45107,35475,34358,34182,57589,47088,59354,39233,35394,28630,24127,26421,29386,24097,120680,36331
,38546,35054,36620,60737,51436,42196,42753,35090,45165,48177,46455,24451,45165,23255,45042,27684,24038,39637,315959,30015,108643,23523,43117,40065,24466,80266,46564,151050,23435,40226,40658,29086,76108,29228,48588,215720,42860,45224,35581,34353,34166,48123,48196,60589,39517,35404,28541,24136,26394,29086,24094,120770,36478
,40528,35063,36914,60401,51195,42285,42725,35052,44913,48148,46366,24418,44913,23250,46307,26885,24032,39627,315374,30165,109456,23517,43226,40078,24479,80151,46548,158300,23435,40218,40633,29231,76137,29227,48610,215741,42721,45105,35674,34347,34148,40786,48932,62261,40209,35417,28440,24147,26367,28718,24090,120900,36645
,43651,35074,37634,60367,51372,42267,42679,35003,44645,48068,46628,24392,44645,23245,47021,26225,24026,39618,315367,30149,110125,23507,43237,40053,24489,80445,46636,156880,23435,40149,40583,29496,76186,29228,48745,214795,42692,45234,35748,34341,34130,37355,49170,64096,41090,35431,28337,24159,26339,28304,24087,121090,36852
,47558,35086,38618,60616,51305,42217,42627,34964,44381,47911,46454,24389,44381,23240,46882,25805,24021,39641,315460,30170,110243,23497,43380,40068,24501,81086,46717,146530,23435,40221,40653,29664,76092,29223,48714,215245,42721,45172,35812,34339,34119,36167,49062,66126,42333,35434,28286,24170,26307,28042,24082,121320,37140
,50362,35100,40216,60477,51149,42171,42570,34927,44119,47736,46533,24396,44119,23235,46189,25554,24015,39638,314544,30415,110360,23487,43296,40125,24512,81130,46746,131460,23434,40219,40606,29830,75972,29217,48793,215019,42712,45159,35852,34338,34112,35734,48739,67975,43515,35435,28247,24182,26275,27821,24078,121570,37478
,50775,35113,42860,60611,51300,42131,42501,34870,43848,47573,46673,24418,43848,23231,45096,25425,24009,39621,315651,30491,110272,23473,43228,40066,24522,81425,46651,115390,23434,40194,40603,29979,76018,29212,48876,214371,42640,45285,35784,34338,34106,35472,48102,69500,44301,35434,28231,24193,26241,27598,24072,121880,37908
,48061,35127,46557,60524,51331,42056,42431,34811,43585,47442,46623,24444,43585,23228,43683,25422,24002,39629,315139,30657,110014,23460,43285,40108,24531,81575,46871,100770,23434,40185,40647,30132,76107,29206,49034,214081,42893,45259,35669,34338,34103,35469,47189,70439,44532,35434,28212,24204,26207,27378,24067,122200,38360
,44704,35150,51288,60504,51288,42143,42385,34783,43369,47443,46698,24446,43369,23225,42162,25532,23993,39676,315595,30926,110432,23452,43270,40108,24538,81358,46778,89807,23431,40236,40668,30351,76197,29197,49049,214525,42920,45128,35568,34339,34099,35413,46037,70034,43921,35442,28100,24214,26175,27116,24064,122460,38792
,41553,35178,56137,60059,51321,42065,42351,34768,43177,47535,46744,24445,43177,23223,40523,25744,23983,39615,314917,31019,109666,23448,43338,40136,24542,81332,46733,81495,23426,40171,40579,30594,76284,29186,48659,213728,43171,45174,35467,34340,34095,35448,44811,68881,42730,35454,27961,24224,26143,26848,24062,122700,39162
,39573,35189,59631,60039,51305,42022,42333,34754,42998,47662,46928,24445,42998,23218,38777,26046,23973,39650,314219,30999,109832,23444,43226,40170,24549,81443,46811,76247,23422,40137,40707,30842,76252,29173,48255,214264,43021,45106,35343,34341,34092,35514,43797,67161,41236,35467,27803,24229,26111,26581,24061,122950,39459
,38408,35199,60280,59909,51493,42181,42326,34745,42836,47860,46876,24451,42836,23215,37012,26398,23962,39614,314945,30855,109736,23441,43232,40130,24555,81176,46714,73086,23416,40252,40637,31091,76181,29160,47999,214158,42901,45255,35222,34344,34091,35699,42920,65159,39764,35482,27646,24231,26080,26326,24060,123210,39642
,37639,35228,58057,59590,51350,42095,42295,34740,42685,48228,46977,24482,42685,23221,35338,26890,23951,39660,315260,30917,110362,23439,43244,40104,24553,81358,46875,71085,23411,40197,40619,31318,76148,29148,47816,214198,42762,45162,35163,34346,34094,36100,42369,63531,38785,35495,27584,24234,26049,26129,24054,123480,39535
,37119,35264,53514,59571,51737,42077,42270,34738,42549,48661,47041,24527,42549,23229,33795,27374,23940,39632,315046,30744,110891,23438,43153,40174,24549,81030,46811,70082,23405,40260,40633,31534,76119,29134,47717,213584,42680,45200,35130,34350,34100,36719,41998,62078,38101,35508,27561,24237,26017,25965,24048,123760,39248
,36723,35305,48310,59323,51502,42156,42254,34741,42425,49192,47211,24585,42425,23245,32363,27708,23929,39680,315129,30454,111352,23439,43120,40161,24543,80772,46832,69409,23400,40188,40658,31712,76098,29127,47869,212991,42558,45175,35110,34354,34107,37556,41732,60975,37694,35522,27535,24237,25987,25815,24041,124050,38856
,36466,35347,43456,59373,51707,42185,42258,34746,42316,49623,47309,24654,42316,23261,31129,27912,23917,39698,315044,30285,112533,23441,43183,40161,24538,79813,46813,69111,23394,40176,40551,31875,76082,29120,47909,213864,42532,45162,35104,34358,34116,38680,41547,60101,37481,35536,27518,24238,25955,25687,24033,124350,38427
,36300,35374,40419,59338,51483,42336,42330,34748,42231,50072,47400,24716,42231,23254,30388,27802,23906,39665,314628,30227,113608,23445,43101,40260,24552,79719,46982,68587,23388,40140,40672,32076,76028,29094,47969,213053,42532,45283,35097,34365,34123,39517,41397,59465,37309,35550,27504,24243,25922,25586,24028,124680,38122
,36232,35397,38385,59254,51796,42336,42445,34750,42162,50504,47375,24784,42162,23240,29965,27520,23896,39682,315391,30004,114864,23451,43176,40213,24573,79837,47010,68105,23383,40191,40720,32269,75985,29061,48428,214084,42483,45210,35097,34373,34130,40757,41267,58990,37214,35565,27485,24250,25887,25506,24024,125020,37921
,36237,35424,37143,59344,51731,42539,42559,34754,42103,50869,47613,24872,42103,23225,29730,27120,23885,39753,314730,30056,115187,23461,43102,40206,24591,79868,46988,67912,23378,40154,40675,32479,75961,29055,48584,213920,42563,45200,35115,34379,34146,43405,41083,58568,37150,35579,27479,24255,25852,25443,24021,125370,37822
,36317,35454,36494,59341,51996,42696,42699,34758,42056,51145,47799,24978,42056,23212,29713,26646,23874,39645,314014,29940,115368,23473,43043,40175,24610,79867,47135,67854,23374,40176,40649,32635,75980,29055,48642,214797,42545,45136,35146,34387,34163,46997,40880,58217,37125,35594,27464,24259,25818,25396,24017,125710,37863
,36492,35498,36044,59423,51926,43023,42926,34768,42023,51254,47806,25090,42023,23220,29964,26159,23863,39702,313386,29935,115662,23483,43210,40215,24636,79871,47118,67681,23368,40164,40641,32704,76120,29038,48471,215016,42500,45149,35182,34401,34166,49633,40652,57880,37146,35609,27367,24264,25783,25363,24013,126110,38165
,36744,35552,35822,59445,51997,43522,43183,34779,41998,51215,47803,25222,41998,23239,30428,25680,23853,39683,314112,29869,116464,23496,43071,40190,24661,79388,47091,67551,23363,40175,40628,32680,76330,29018,48138,216206,42594,45151,35232,34416,34169,47689,40421,57576,37196,35625,27235,24268,25748,25342,24009,126510,38654
,37017,35617,35641,59460,52122,44142,43480,34793,41985,51036,48194,25389,41985,23271,30969,25277,23842,39672,314382,29926,116673,23509,43038,40273,24687,79292,47156,67602,23357,40236,40692,32352,76633,29000,47694,217630,42637,45194,35292,34436,34167,44084,40167,57331,37259,35642,27096,24272,25713,25338,24005,126890,39316
,37346,35692,35537,59687,52248,44452,43773,34809,41977,50714,48441,25586,41977,23314,31625,24932,23831,39680,314603,29886,117944,23526,43169,40280,24708,80042,47368,67805,23352,40161,40693,31916,76999,28984,47550,217871,42655,45286,35371,34455,34172,40047,39925,57120,37326,35659,26948,24273,25679,25344,24000,127250,40075
,37772,35774,35414,59898,52166,44600,43973,34819,41955,50167,48394,25822,41955,23338,32618,24695,23822,39675,315106,29860,118582,23557,43066,40344,24699,80147,47230,68084,23349,40210,40728,31448,77315,28971,47458,217806,42613,45174,35489,34461,34224,38830,39784,56906,37395,35671,26804,24262,25652,25343,23996,127590,41067
,38198,35868,35312,59764,52298,44356,44093,34829,41931,49474,48673,26108,41931,23364,33691,24524,23813,39710,314158,29979,118596,23596,43025,40336,24675,79989,47239,68524,23347,40160,40690,31029,77673,28961,47548,216117,42726,45237,35631,34463,34296,38626,39690,56711,37454,35681,26665,24246,25627,25345,23991,127900,42025
,38864,35980,35256,59975,52229,43889,44199,34838,41909,48720,48931,26377,41909,23432,34727,24400,23804,39705,315578,29941,118826,23639,43195,40335,24646,79882,47291,69281,23345,40238,40687,30788,78089,28952,47494,215072,42708,45243,35807,34466,34365,38925,39616,56529,37473,35697,26521,24226,25604,25359,23986,128160,42787
,39540,36108,35228,60211,52214,43387,44236,34848,41889,47898,49075,26683,41889,23524,35618,24314,23795,39681,313825,29959,118640,23685,43042,40384,24610,79694,47464,70339,23343,40261,40626,30708,78606,28943,47557,213550,42826,45188,36001,34470,34439,39632,39562,56366,37466,35715,26386,24203,25583,25381,23981,128360,43211
,39525,36251,35212,60351,52278,42910,43976,34866,41876,46990,49135,27209,41876,23591,36163,24224,23787,39692,314879,30002,118330,23731,43056,40302,24576,79473,47361,71471,23340,40162,40711,30987,79315,28935,47697,212033,42887,45349,36188,34481,34529,40405,39495,56268,37421,35730,26294,24181,25564,25413,23977,128430,43127
,39046,36415,35207,60489,52494,42390,43606,34886,41866,46064,49492,27820,41866,23684,36392,24145,23780,39683,314333,30052,118507,23778,43078,40372,24540,79460,47358,72893,23337,40227,40697,31473,80241,28927,47547,211576,42843,45140,36365,34498,34617,41183,39433,56199,37357,35743,26226,24158,25545,25456,23972,128410,42791
,38006,36584,35226,60905,52491,42323,43261,34910,41859,45115,49727,28405,41859,23815,36093,24094,23772,39716,313626,30183,118619,23826,43112,40400,24501,79449,47488,75065,23333,40158,40674,32066,81235,28920,47524,211051,42978,45277,36556,34522,34712,41784,39382,56130,37272,35758,26169,24133,25529,25503,23967,128350,42345
,37081,36774,35253,61084,52371,42274,42925,34935,41855,44206,49851,28969,41855,24014,35443,24056,23765,39698,313963,30156,118448,23875,43098,40409,24460,79523,47524,77534,23330,40242,40692,32677,82450,28913,47701,210695,42955,45209,36731,34553,34796,42177,39343,56069,37181,35772,26126,24106,25513,25563,23963,128200,41884
,36670,37044,35248,61516,52500,42227,42723,34956,41853,43520,50044,29541,41853,24334,34420,23998,23757,39697,314781,30162,118381,23928,43165,40404,24425,79371,47605,80735,23327,40184,40742,33070,84356,28904,47657,209956,42957,45265,36818,34579,34815,42030,39320,55996,37122,35785,26101,24075,25494,25652,23958,127840,41670
,36619,37355,35236,61513,52452,42104,42583,34977,41853,42955,50375,30022,41853,24752,33224,23938,23749,39740,315277,30230,118640,23982,43087,40422,24393,78620,47658,83661,23325,40178,40713,33344,86561,28895,47524,209263,42978,45073,36862,34608,34803,41543,39309,55928,37076,35797,26089,24041,25473,25754,23953,127350,41598
,36862,37656,35224,61603,52441,42069,42458,34995,41854,42477,50631,30397,41854,25342,32059,23884,23740,39743,315581,30201,119109,24034,43075,40403,24363,78802,47748,85701,23323,40271,40693,33483,89055,28886,47316,208931,43024,45197,36874,34651,34771,40767,39308,55870,37035,35809,26084,24007,25452,25896,23951,126800,41499
,37293,37964,35212,61344,52633,42023,42362,35015,41857,42081,51096,30612,41857,26018,30950,23835,23732,39738,316622,30208,119578,24085,43101,40446,24334,78886,47604,86375,23321,40250,40749,33463,91549,28877,47361,209188,43049,45308,36869,34701,34723,39846,39314,55826,37002,35822,26087,23973,25432,26053,23949,126200,41359
,37599,38319,35217,61160,52732,42045,42290,35047,41864,41733,51562,30377,41864,26742,30168,23801,23724,39729,315612,30297,119527,24141,43149,40494,24300,78330,47548,84669,23319,40208,40662,33487,93769,28868,47394,208353,43061,45319,36857,34745,34678,39102,39324,55825,36972,35834,26109,23935,25416,26144,23940,125590,40968
,37921,38673,35228,61020,52705,42059,42236,35082,41873,41438,51925,29911,41873,27380,29598,23775,23716,39715,316680,30272,120261,24197,43255,40506,24267,78714,47652,81785,23318,40185,40810,33705,95601,28860,47277,208431,43103,45087,36854,34798,34632,38434,39338,55841,36951,35847,26139,23897,25403,26234,23928,125010,40463
,38346,39013,35243,60452,52744,42166,42211,35126,41884,41204,52406,29303,41884,27728,29150,23756,23710,39751,316449,30197,120811,24233,43190,40553,24234,78639,47752,78103,23316,40182,40733,34295,96750,28852,47332,208885,43135,45215,36889,34849,34573,37711,39357,55874,36937,35862,26177,23857,25391,26336,23927,124380,39801
,38821,39317,35259,60408,52710,42134,42198,35169,41896,41015,52948,28612,41896,27842,28865,23741,23705,39806,317092,30282,121720,24262,43242,40580,24204,78125,47657,74158,23314,40194,40746,35105,97330,28844,47170,208726,43071,45173,36951,34914,34513,37030,39379,55911,36933,35877,26216,23819,25380,26472,23929,123790,39088
,39297,39510,35267,60030,52788,42326,42161,35182,41904,40846,53431,27937,41904,27465,28906,23723,23696,39775,316361,30339,121905,24307,43378,40586,24189,78254,47704,71568,23312,40235,40704,36204,96826,28837,47228,208362,43250,45118,37082,35048,34480,36519,39409,55909,36946,35890,26229,23790,25369,26720,23925,123570,38492
,38747,39614,35274,59957,52737,42444,42124,35185,41911,40703,54142,27295,41911,26858,29116,23706,23687,39747,317383,30186,122357,24355,43427,40612,24182,78206,47738,69650,23309,40266,40825,37449,95812,28830,47284,208713,43220,45176,37241,35215,34458,36114,39442,55893,36971,35904,26231,23767,25358,27038,23921,123500,37959
,37809,39682,35277,59961,52801,42436,42089,35194,41918,40591,54944,26786,41918,26068,29396,23692,23686,39786,317053,30073,122897,24391,43422,40712,24175,78479,47798,68273,23306,40285,40688,38539,94442,28823,47562,209254,43162,45210,37401,35375,34437,35806,39478,55876,37004,35915,26235,23744,25349,27421,23918,123500,37521
,36598,39674,35280,59952,52884,42405,42062,35207,41926,40502,55786,26385,41926,25221,29711,23680,23689,39822,317887,30121,123227,24422,43536,40693,24173,79004,47878,67361,23303,40252,40780,39589,93222,28817,47475,208878,43289,45236,37556,35542,34420,35580,39516,55858,37047,35927,26235,23724,25340,27849,23916,123570,37160
,35973,39455,35294,59934,52871,42306,42065,35229,41937,40426,56330,26113,41937,24683,30006,23673,23687,39786,318094,29940,123199,24457,43517,40745,24178,79195,47924,66751,23300,40228,40753,40717,92456,28810,47580,208883,43273,45062,37684,35744,34398,35413,39541,55846,37111,35952,26226,23704,25332,28329,23913,123650,36876
,35544,39132,35311,60196,52961,42325,42081,35265,41950,40362,57065,25963,41950,24283,30243,23669,23684,39804,320535,30036,124238,24483,43815,40660,24186,79436,47823,66409,23297,40214,40743,41765,92082,28803,47640,209709,43361,45206,37779,35939,34376,35298,39561,55837,37187,35981,26214,23684,25324,28794,23911,123740,36653
,35316,38760,35326,60271,52949,42263,42110,35308,41964,40318,57327,25940,41964,23979,30330,23669,23683,39784,318683,29938,123726,24511,43804,40729,24199,79089,47821,66347,23294,40274,40844,42782,92655,28795,47383,208247,43357,45287,37852,36133,34355,35250,39587,55825,37263,36012,26196,23666,25318,29319,23910,123890,36489
,35219,38353,35336,60524,52899,42298,42146,35368,41980,40283,58026,26040,41980,23770,30278,23671,23682,39798,319088,29909,124406,24528,43805,40815,24213,79211,47792,66475,23291,40258,40776,43562,93580,28788,47512,209024,43335,45173,37882,36291,34335,35238,39613,55814,37344,36043,26179,23648,25312,29787,23908,124050,36368
,35110,37974,35336,60808,53025,42267,42158,35467,41995,40235,58226,26258,41995,23626,30055,23671,23681,39826,318845,29857,125152,24493,43808,40937,24212,79058,47878,66465,23288,40273,40826,43914,94928,28784,47576,208875,43266,45169,37792,36320,34316,35196,39626,55812,37445,36062,26190,23629,25308,29901,23907,124140,36250
,35034,37614,35327,60895,53030,42110,42165,35592,42012,40187,58697,26611,42012,23542,29724,23672,23680,39872,318886,29732,125801,24432,43845,40888,24205,79134,47784,66478,23285,40313,40883,43811,96069,28782,47541,208422,43107,45069,37628,36270,34297,35157,39637,55814,37548,36075,26211,23609,25304,29856,23906,124220,36149
,35010,37269,35306,61853,52950,42155,42182,35751,42030,40143,58865,27060,42030,23544,29314,23671,23680,39888,318907,29846,126088,24368,43895,40921,24204,79059,47933,66789,23283,40239,40875,42984,96494,28779,47486,208126,43038,45137,37436,36144,34279,35135,39660,55815,37660,36087,26235,23590,25298,29658,23905,124280,36079
,35014,36954,35277,62902,53255,42206,42204,35928,42050,40102,59067,27651,42050,23595,28855,23671,23681,39929,319409,29765,126193,24296,43973,40889,24204,78696,47826,67257,23280,40202,40878,41715,95922,28775,47539,208437,42964,45074,37209,35961,34263,35126,39693,55817,37768,36097,26260,23571,25295,29423,23904,124340,36028
,34994,36718,35240,64713,53168,42213,42237,36117,42073,40077,59128,28471,42073,23607,28450,23686,23680,39865,319495,29879,127410,24216,43862,40736,24196,77892,47732,67443,23277,40213,40882,40110,93689,28776,47675,208435,43052,45092,36895,35746,34246,35144,39728,55811,37823,36109,26278,23553,25294,29231,23904,124460,35974
,34977,36528,35200,66189,53196,42220,42284,36303,42098,40058,59169,29441,42098,23633,28068,23703,23679,39918,320250,29902,127365,24137,44058,40698,24191,77783,47909,67757,23275,40207,40793,38318,90680,28777,47826,208543,43144,45211,36558,35515,34231,35174,39777,55801,37856,36121,26294,23535,25286,29142,23904,124580,35925
,34985,36367,35151,68002,53351,42131,42313,36472,42125,40046,59076,30671,42125,23690,27653,23730,23677,39904,319948,29859,127459,24047,44095,40673,24184,77812,47904,68397,23272,40270,40893,36505,87432,28780,48084,208543,43106,45168,36247,35247,34216,35215,39853,55792,37882,36132,26296,23519,25319,29361,23904,124720,35907
,35007,36234,35103,68839,53437,42146,42356,36611,42155,40036,58913,31954,42155,23779,27258,23756,23676,39893,320223,29908,128209,23961,44189,40529,24184,77893,47924,69659,23270,40211,40912,34760,84157,28782,48384,208866,43105,45093,35963,34982,34202,35261,39955,55780,37900,36142,26292,23502,25310,29766,23904,124860,35899
,35039,36116,35078,69459,53701,42094,42480,36719,42190,40016,59131,33254,42190,23936,26996,23753,23679,39932,321612,29928,129920,23935,44312,40511,24219,78257,47963,71219,23267,40228,40871,33275,81798,28772,48802,209872,43114,45123,35779,34830,34192,35289,40082,55755,37917,36152,26308,23485,25293,30482,23903,124910,35866
,35088,36016,35062,68947,53684,42145,42623,36782,42228,39993,59124,34367,42228,24140,26798,23742,23684,39950,320053,29886,129229,23933,44239,40381,24272,78251,47873,73816,23265,40278,40875,31968,79945,28757,48990,209294,43183,45125,35651,34728,34182,35310,40246,55725,37940,36161,26317,23468,25278,31297,23901,124930,35827
,35133,35935,35051,67745,53892,42164,42839,36743,42273,39972,59161,35130,42273,24349,26627,23728,23691,39985,319912,29970,130074,23932,44188,40415,24319,78438,47921,78543,23263,40275,40909,30784,78696,28742,49091,209731,43173,45133,35553,34641,34174,35327,40443,55690,37942,36171,26338,23451,25278,32161,23899,124960,35793
,35193,35870,35043,66527,54059,42198,43046,36641,42321,39951,59419,35502,42321,24581,26488,23717,23697,40043,319387,29985,130327,23939,44144,40294,24373,78931,47951,85043,23262,40289,40934,29752,77901,28727,49318,209249,43118,45249,35491,34575,34167,35340,40686,55655,37951,36181,26344,23435,25281,32933,23897,124980,35761
,35326,35819,35028,65687,54217,42273,43087,36480,42363,39934,59570,34954,42363,24897,26356,23728,23697,39989,320690,29981,131006,23944,43986,40221,24459,79277,47801,93817,23260,40263,41010,28942,77385,28709,49707,209621,43287,45110,35452,34522,34161,35354,41022,55630,38047,36185,26252,23419,25272,33295,23894,124960,35738
,35489,35778,35014,64479,54275,42210,43049,36288,42406,39920,59727,33879,42406,25229,26240,23749,23695,40007,320906,30215,131014,23953,43954,40272,24551,79498,47940,102380,23258,40281,40871,28296,77163,28693,49910,209725,43528,45136,35442,34482,34155,35361,41429,55608,38172,36188,26121,23403,25263,33392,23892,124950,35720
,35648,35752,35001,63604,54230,42398,42908,36069,42449,39907,60043,32480,42449,25588,26153,23779,23691,40078,321451,30180,131220,23966,43881,40276,24646,79390,47932,108410,23257,40352,40952,27784,77223,28674,50240,208996,43601,45128,35458,34460,34151,35373,41860,55608,38292,36190,25976,23387,25254,33059,23889,124920,35705
,35805,35732,34990,63143,54388,42361,42713,35853,42497,39896,60498,30909,42497,25913,26083,23819,23687,40072,322283,30248,132420,23983,43866,40207,24733,79255,47711,109050,23255,40253,40959,27406,77523,28657,50560,210207,43937,45206,35500,34448,34146,35378,42343,55615,38410,36191,25822,23373,25249,32471,23886,124900,35693
,35951,35701,34987,62828,54477,42453,42568,35703,42570,39891,61039,29465,42570,26094,26004,23860,23688,40003,322220,30269,132721,24016,43951,40222,24768,79055,47858,103130,23254,40288,40995,27110,77922,28655,50287,210393,44287,45203,35580,34422,34143,35341,42958,55566,38511,36197,25695,23360,25262,31843,23887,125020,35680
,36076,35669,34988,62485,54614,42495,42437,35600,42655,39889,61853,28151,42655,26173,25933,23907,23691,40117,322550,30455,132886,24057,44000,40208,24770,79040,47873,94015,23253,40308,41017,26923,78479,28660,49582,209966,44652,45160,35686,34396,34141,35289,43641,55508,38587,36206,25582,23350,25284,31135,23890,125200,35668
,36186,35638,34991,62277,54599,42586,42276,35545,42739,39889,62551,27142,42739,26108,25880,23983,23696,40058,321200,30504,133687,24097,43958,40142,24777,78491,47947,84196,23252,40288,41065,26904,79286,28665,48918,210762,44710,45284,35811,34373,34139,35226,44332,55502,38662,36215,25469,23340,25309,30289,23892,125380,35657
,36266,35610,34996,62171,54827,42542,42124,35539,42828,39892,63552,26336,42828,25942,25843,24075,23703,40014,321927,30571,134474,24140,44006,40265,24764,78382,47926,76036,23251,40335,41009,27019,80233,28673,48603,211328,44718,45164,35953,34354,34138,35162,45026,55523,38706,36224,25367,23331,25338,29403,23895,125580,35648
,36246,35594,34999,62214,54894,42674,42067,35606,42927,39897,64728,25709,42927,25681,25821,24150,23701,40147,322543,30617,134527,24190,44244,40315,24690,78623,47735,71746,23250,40323,41049,27189,81342,28683,48456,211148,44652,45202,36113,34347,34138,35128,45785,55545,38646,36233,25299,23322,25366,28644,23899,125800,35641
,36178,35582,35001,62447,54717,42770,42046,35719,43026,39904,65553,25230,43026,25366,25818,24243,23697,40054,322485,30865,134695,24241,44224,40418,24591,78955,47866,69553,23249,40249,41127,27489,82427,28692,48524,212111,44630,45209,36284,34346,34138,35107,46492,55588,38529,36241,25251,23314,25393,27959,23903,126030,35636
,36085,35574,35009,62413,54963,42770,42044,35879,43132,39915,67090,24903,43132,25006,25828,24336,23702,40024,323710,30926,135953,24293,44272,40553,24468,79436,47730,68553,23249,40248,41157,27910,83566,28705,48725,212414,44732,45176,36465,34350,34138,35088,47102,55690,38355,36250,25207,23306,25423,27318,23907,126280,35633
,35972,35567,35017,62248,55198,42736,42055,36061,43232,39925,68699,24683,43232,24635,25858,24460,23710,40061,324512,31186,136551,24340,44494,40858,24342,79254,47931,68482,23248,40299,41159,28480,84510,28716,48840,212672,44676,45193,36650,34356,34139,35073,47552,55840,38149,36259,25175,23299,25453,26750,23912,126510,35631
,35868,35549,35015,61849,55034,42770,42028,36230,43297,39931,70432,24467,43297,24363,25923,24711,23714,40105,324637,31143,136876,24362,44618,41103,24281,79182,47822,68056,23248,40328,41198,29417,84712,28715,49234,212561,44531,45253,36829,34353,34139,35059,47668,55983,37955,36269,25164,23291,25474,26347,23912,126600,35626
,35767,35528,35012,62030,55223,42637,41989,36386,43345,39936,72095,24290,43345,24138,26012,25023,23718,40085,324502,31262,137162,24370,44887,41215,24245,78987,47818,67722,23247,40310,41291,30470,84475,28708,49538,212935,44714,45190,37001,34348,34138,35047,47541,56169,37767,36278,25161,23284,25491,26043,23910,126620,35620
,35652,35506,35010,61705,54874,42521,41966,36515,43388,39941,74510,24172,43388,23915,26124,25378,23724,40079,324909,31363,137468,24377,45395,41205,24214,79174,47938,67495,23246,40262,41316,31754,83662,28700,50082,212941,44858,45126,37186,34343,34137,35038,47071,56475,37575,36288,25176,23278,25504,25800,23908,126630,35613
,35539,35484,35013,61807,55036,42557,41928,36622,43425,39947,76508,24092,43425,23718,26253,25755,23730,40129,325512,31149,137918,24377,45772,41077,24191,79296,47905,67327,23246,40289,41349,32938,82530,28689,50743,213696,45016,45241,37360,34339,34136,35031,46389,56874,37399,36298,25194,23271,25515,25616,23905,126620,35607
,35463,35465,35027,61405,54839,42567,41908,36671,43456,39956,78726,24013,43456,23585,26393,26131,23735,39988,325296,31291,139311,24355,46725,41044,24151,80344,47930,67036,23245,40221,41359,33646,81330,28679,51307,213776,45341,45212,37496,34337,34136,35031,45604,57317,37288,36307,25173,23265,25528,25462,23902,126590,35604
,35405,35447,35049,61661,54959,42549,41891,36684,43485,39966,81422,23949,43485,23487,26550,26502,23739,40029,325895,31260,140998,24325,47880,41103,24107,81302,47941,66741,23245,40304,41495,33915,80113,28669,51446,214093,45482,45185,37618,34338,34137,35033,44752,57889,37222,36316,25142,23258,25539,25339,23900,126550,35602
,35353,35429,35078,61708,55010,42544,41876,36722,43514,39979,84164,23912,43514,23416,26706,26799,23744,40107,327058,31093,143067,24291,49519,41338,24067,83884,48002,66509,23245,40361,41583,33394,78945,28658,50665,214810,45552,45209,37710,34339,34138,35039,43842,58511,37175,36325,25106,23251,25549,25265,23896,126510,35601
,35310,35413,35114,61996,54980,42646,41863,36747,43543,39993,87482,23889,43543,23365,26874,27078,23748,40070,328463,31075,146952,24257,50933,41598,24028,87965,47876,66332,23245,40309,41647,32497,77875,28647,49655,214400,45828,45088,37794,34341,34139,35046,42945,59344,37164,36334,25073,23245,25556,25215,23893,126470,35601
,35273,35398,35162,62019,54917,42740,41851,36695,43573,40008,91370,23857,43573,23306,27100,27342,23754,40203,328828,31020,150787,24237,51909,41867,23999,94641,48011,66269,23245,40285,41665,31337,77361,28637,49002,214423,45787,45134,37949,34344,34138,35049,42260,60584,37233,36346,25072,23239,25551,25139,23892,126480,35596
,35244,35385,35222,62228,54793,42883,41839,36605,43608,40025,95463,23827,43608,23252,27346,27629,23760,40124,329747,31030,156641,24226,51921,42180,23975,101073,47900,66309,23245,40291,41691,30091,77072,28626,48653,215337,45929,45053,38117,34349,34137,35053,41692,62269,37346,36358,25085,23234,25540,25064,23891,126530,35590
,35218,35374,35265,62441,54848,42741,41828,36508,43644,40045,99741,23802,43644,23209,27595,27980,23768,40111,329448,30955,162813,24214,51034,42188,23954,106421,47719,66365,23243,40362,41696,29401,76709,28621,48418,214604,45889,45173,38265,34353,34136,35056,41202,64285,37494,36371,25102,23230,25525,25001,23891,126590,35585
,35198,35363,35318,62823,54725,42703,41818,36393,43688,40067,105194,23783,43688,23175,27838,28375,23776,40092,330562,30856,167597,24209,49800,42131,23936,109131,47767,66489,23243,40348,41765,28929,76383,28617,48095,214936,45863,45130,38385,34358,34135,35060,40798,66793,37670,36383,25123,23226,25506,24947,23891,126670,35580
,35189,35353,35423,63051,54823,42571,41812,36243,43758,40090,112469,23781,43758,23157,28043,28958,23779,40115,331341,30876,168879,24231,48833,41965,23918,108522,47659,66945,23242,40306,41836,28521,75978,28597,47981,215235,46028,45174,38468,34366,34134,35070,40496,70397,37835,36396,25140,23222,25488,24914,23892,126820,35575
,35185,35344,35554,63123,54765,42512,41808,36080,43843,40115,120522,23786,43843,23147,28219,29543,23781,40173,332655,30761,166565,24266,48061,41854,23901,105506,47652,67485,23241,40347,41914,28186,75599,28574,47943,215521,46104,45017,38500,34375,34133,35082,40264,74541,38005,36409,25157,23219,25467,24891,23892,127010,35571
,35187,35335,35729,63411,54810,42491,41803,35902,43940,40141,129505,23799,43940,23147,28380,30152,23792,40097,333678,30774,161382,24303,47809,41731,23887,101991,47792,67984,23248,40285,41874,27959,75350,28567,48051,216006,46254,45015,38440,34387,34133,35095,40096,79371,38208,36423,25167,23215,25445,24878,23893,127220,35567
,35190,35328,35928,63989,54822,42469,41799,35726,44048,40170,139858,23813,44048,23150,28522,30630,23806,40096,333220,30749,156238,24344,47876,41674,23874,98531,47921,68433,23257,40327,41803,27768,75234,28566,47940,215955,46369,45170,38319,34399,34132,35109,39972,84266,38416,36437,25177,23212,25421,24871,23894,127440,35566
,35178,35323,36069,64493,55047,42613,41793,35602,44161,40210,150677,23810,44161,23141,28588,30610,23807,40077,333645,30617,152178,24395,48137,41519,23865,96778,47762,68467,23245,40325,41909,27404,75187,28562,47910,215901,46438,45082,38087,34403,34136,35120,39831,88005,38628,36444,25202,23210,25389,24850,23894,127670,35573
,35161,35319,36218,65619,54992,42922,41785,35502,44283,40256,161797,23801,44283,23128,28652,30295,23805,40127,333250,30634,148982,24449,48779,41491,23857,97354,47814,68347,23227,40329,41827,27001,75351,28560,47936,215329,46556,45170,37805,34405,34141,35130,39701,90039,38814,36449,25227,23209,25354,24827,23894,127910,35586
,35142,35317,36400,67163,54988,43329,41789,35410,44419,40307,172268,23794,44419,23117,28698,29611,23814,40079,333376,30585,148523,24482,49602,41561,23852,99950,47810,68333,23241,40288,41906,26609,75770,28559,48199,215480,46586,45016,37560,34405,34147,35142,39598,89693,38988,36452,25258,23208,25318,24806,23897,128150,35599
,35123,35315,36631,69886,54844,43667,41798,35334,44564,40362,181116,23786,44564,23106,28792,28740,23825,40174,334698,30572,148379,24509,50364,41614,23848,103621,47732,68383,23263,40319,41734,26239,76503,28560,48257,215358,46769,45131,37321,34405,34154,35156,39514,86655,39105,36454,25283,23207,25280,24787,23902,128380,35616
,35109,35314,36969,75881,54998,43705,41767,35273,44721,40411,186063,23780,44721,23102,29098,27865,23833,40195,333628,30579,148341,24550,51319,41640,23844,109297,47654,68304,23267,40331,41764,25991,77892,28564,48283,214322,47096,44943,37086,34417,34159,35164,39449,82443,39084,36459,25257,23207,25242,24775,23904,128590,35637
,35096,35313,37388,89709,55100,43656,41728,35226,44860,40461,188796,23776,44860,23100,29517,27006,23839,40155,335214,30550,148981,24589,52179,41980,23840,115261,47762,68316,23267,40312,41816,25807,79725,28568,48455,214374,47357,45057,36859,34432,34164,35171,39398,77405,38971,36464,25211,23208,25204,24768,23906,128790,35661
,35085,35313,37904,108997,55352,43577,41739,35191,45051,40511,188279,23772,45051,23100,30073,26294,23844,40206,334789,30580,149701,24627,53290,42371,23837,122672,47775,68803,23270,40281,41761,25660,81783,28574,48588,214223,47562,45101,36644,34453,34168,35185,39363,72438,38706,36469,25154,23208,25166,24760,23909,128990,35685
,35074,35314,38506,121831,55290,43405,41764,35169,45168,40564,185402,23770,45168,23101,30681,25695,23847,40165,336832,30554,151168,24657,53923,43284,23836,130451,47695,69520,23274,40323,41648,25557,83499,28580,48601,214124,47972,45097,36443,34477,34172,35203,39336,68065,38375,36474,25090,23209,25128,24752,23912,129170,35708
,35059,35317,39156,118883,55209,43451,41761,35165,45158,40633,181924,23776,45158,23102,31307,25341,23854,40206,335790,30525,152336,24653,54413,44997,23837,138376,47805,70611,23278,40333,41691,25475,83235,28577,48574,213450,48494,44992,36256,34484,34183,35219,39304,64531,38017,36476,25043,23208,25093,24754,23915,129240,35734
,35044,35321,39904,106031,55480,43538,41753,35175,45075,40708,177221,23787,45075,23104,31877,25124,23861,40213,337505,30620,153521,24632,55314,47864,23840,145690,47854,71739,23281,40318,41745,25425,81795,28570,48732,213816,49520,44963,36090,34489,34195,35240,39274,61692,37663,36478,25001,23208,25059,24761,23919,129250,35758
,35030,35325,40698,91674,55464,43569,41751,35200,44962,40789,173677,23799,44962,23105,32327,24974,23867,40228,336993,30576,155014,24606,56247,52259,23844,148569,47824,72846,23284,40340,41606,25443,79482,28557,48958,213009,50680,45102,35941,34499,34207,35263,39245,59725,37432,36480,24958,23208,25029,24748,23922,129260,35781
,35017,35330,41652,81447,55505,43478,41751,35234,44816,40872,171040,23812,44816,23108,32640,24888,23874,40202,339444,30728,155592,24572,57404,57705,23848,150722,47878,73759,23288,40371,41609,25501,76770,28541,49013,213196,52903,44975,35817,34515,34219,35295,39218,58373,37269,36483,24915,23207,25002,24732,23926,129250,35801
,35007,35337,42812,75385,55501,43336,41751,35263,44686,40951,168878,23828,44686,23113,32614,24808,23880,40235,340364,30635,156161,24532,58839,63161,23854,151057,47788,73565,23291,40335,41617,25554,74660,28544,49227,212124,57320,45103,35749,34536,34231,35367,39198,57470,37171,36484,24868,23207,24971,24730,23930,129220,35810
,35000,35344,44276,72965,55508,43174,41753,35297,44532,41031,168134,23844,44532,23118,32414,24744,23886,40246,341841,30923,155760,24489,60147,68191,23860,149387,47720,72929,23294,40295,41478,25636,72854,28552,49437,212206,66480,45048,35723,34566,34241,35461,39185,56922,37127,36486,24821,23207,24942,24734,23934,129200,35811
,34995,35352,46101,72112,55658,43102,41756,35333,44373,41110,168048,23862,44373,23125,32050,24711,23892,40304,342858,31035,155573,24439,62015,70714,23868,145578,47772,72123,23297,40373,41493,25731,71877,28538,49658,211325,85422,44998,35698,34619,34251,35550,39170,56574,37116,36487,24774,23206,24913,24738,23939,129160,35814
,34993,35360,48187,72893,55752,43140,41760,35377,44211,41191,169872,23880,44211,23132,31597,24688,23898,40292,344581,30953,154913,24389,63913,70054,23875,140580,47780,71265,23300,40333,41411,25860,71349,28519,49780,211604,112873,45060,35698,34694,34260,35647,39159,56397,37139,36490,24729,23206,24888,24744,23944,129140,35813
,34994,35363,50647,74770,55691,43188,41763,35454,44067,41279,172070,23888,44067,23135,31289,24619,23903,40326,345236,31147,155350,24357,66455,67505,23878,136360,47887,70781,23304,40342,41341,26105,70914,28514,49905,210684,139296,44994,35790,34755,34260,35773,39172,56141,37212,36501,24695,23207,24880,24748,23947,129240,35791
,34998,35365,53221,76843,55943,43117,41766,35538,43934,41371,173917,23892,43934,23137,30981,24539,23908,40324,344306,31211,155729,24333,69539,64717,23880,131796,47816,70495,23307,40344,41315,26401,70664,28513,50099,210331,160567,44957,35917,34831,34255,35901,39193,55927,37307,36516,24666,23207,24881,24753,23949,129420,35762
,35008,35366,55848,79346,55953,43029,41768,35629,43804,41459,177359,23895,43804,23138,30680,24460,23913,40333,343372,31329,156822,24308,73890,62989,23881,128220,47829,70625,23312,40397,41378,26721,70655,28508,50460,209945,154331,44946,36049,34993,34252,36056,39218,55843,37403,36533,24647,23208,24886,24759,23951,129610,35728
,35024,35367,58483,83234,56007,42872,41770,35711,43684,41547,179265,23896,43684,23138,30341,24385,23918,40352,340774,31457,158322,24285,77253,61994,23882,123145,47832,70951,23316,40331,41389,27019,70796,28505,50392,208928,111990,44888,36175,35210,34247,36206,39250,55842,37487,36552,24633,23209,24896,24766,23952,129840,35695
,35032,35368,61122,92006,56036,42927,41778,35729,43595,41636,182265,23898,43595,23141,29746,24342,23923,40321,339228,31550,161702,24264,79913,61865,23883,118586,47785,71261,23319,40321,41263,27364,70888,28509,50100,209123,75832,44952,36263,35399,34234,36246,39253,55879,37548,36571,24605,23210,24906,24782,23956,130100,35679
,35042,35370,63225,111545,56014,42999,41787,35712,43525,41721,183490,23900,43525,23144,29066,24314,23928,40362,337510,31691,166722,24243,81640,62440,23885,114788,47723,71573,23324,40387,41264,27727,71082,28517,49921,208627,58980,44935,36305,35654,34221,36247,39272,55982,37578,36590,24577,23211,24917,24802,23960,130390,35672
,35067,35371,64606,140055,56060,43114,41800,35692,43468,41807,183435,23901,43468,23148,28340,24298,23933,40389,337114,32114,173947,24225,83415,62362,23885,110917,47650,71852,23325,40350,41264,28042,71260,28527,49572,209399,52836,44944,36333,35971,34202,36252,39330,56146,37509,36611,24566,23213,24931,24828,23965,130760,35667
,35103,35372,63867,157816,55960,43158,41813,35654,43425,41888,183014,23902,43425,23153,27616,24290,23937,40283,337000,32022,187487,24206,87129,61404,23886,106440,47735,72082,23325,40382,41212,28315,71555,28537,49242,209014,50185,45064,36253,36458,34183,36263,39451,56373,37394,36632,24564,23214,24948,24857,23969,131170,35667
,35137,35376,61599,159625,56348,43342,41812,35577,43394,41946,180203,23904,43394,23155,27103,24272,23941,40361,338168,32263,213075,24171,92382,59544,23889,101346,47772,72069,23335,40375,41269,28468,72459,28542,49173,208985,48988,44909,36136,37145,34188,36296,39645,56735,37246,36654,24571,23215,24965,24874,23973,131390,35676
,35185,35381,58173,157932,56217,43980,41806,35482,43376,41991,176077,23908,43376,23157,26692,24257,23944,40456,338719,32381,249691,24131,96242,57276,23892,97040,47662,71959,23346,40359,41195,28535,73597,28546,49033,208133,49021,44916,35981,38055,34200,36360,39916,57204,37085,36675,24585,23216,24984,24890,23976,131580,35691
,35244,35385,54119,154021,56338,44849,41797,35372,43368,42029,171767,23912,43368,23159,26304,24245,23947,40464,339648,32499,287313,24091,96819,55184,23895,93717,47815,71879,23346,40304,41187,28598,74756,28549,49024,207541,50333,45012,35806,39637,34219,36481,40398,57588,36958,36697,24605,23217,25003,24905,23978,131960,35707
,35327,35391,50620,140274,56063,45493,41789,35258,43374,42059,165924,23916,43374,23161,25970,24244,23950,40435,340090,32683,306720,24051,93085,53245,23898,92012,47831,71816,23343,40355,41197,28604,75828,28551,49150,208556,54208,45003,35626,41354,34237,36664,40963,58010,36849,36718,24630,23218,25022,24928,23981,132410,35728
,35470,35398,48207,119262,56125,45465,41799,35177,43396,42087,159412,23920,43396,23168,25726,24275,23953,40508,338171,32847,299286,24009,86674,51862,23902,91047,47886,71748,23346,40320,41167,28414,76913,28556,49183,208841,66517,44959,35474,42985,34233,36881,41559,58835,36775,36741,24662,23220,25046,24966,23984,132800,35757
,35653,35405,46942,100909,55820,45546,41816,35110,43430,42110,151750,23923,43430,23176,25538,24323,23955,40381,337708,33061,274358,23969,79897,51195,23906,90781,47704,71748,23352,40406,41145,28143,77767,28562,49472,207776,95006,44894,35339,44068,34222,37173,42167,59740,36723,36765,24699,23221,25069,25011,23987,133180,35789
,35863,35414,46337,86836,55932,45677,41841,35044,43490,42127,142358,23927,43490,23187,25391,24390,23958,40522,336874,32914,243502,23927,73853,51027,23911,91211,47761,71887,23356,40330,41200,27841,77638,28569,49689,207047,120030,44928,35249,44054,34207,37607,42588,60636,36686,36789,24736,23222,25094,25095,23990,133610,35832
,36103,35423,45997,78694,56143,45836,41870,34985,43564,42140,133234,23931,43564,23200,25278,24471,23960,40461,337793,33008,216144,23889,68530,51336,23916,93388,47797,72206,23360,40397,41170,27531,77020,28574,50527,206736,113746,44934,35182,43058,34191,38203,42945,61373,36662,36812,24773,23223,25118,25197,23993,134060,35878
,36377,35430,45407,74307,56040,45426,41881,34939,43609,42138,123152,23935,43609,23207,25167,24532,23963,40493,336747,33078,195397,23871,64720,51253,23918,97737,47717,72677,23364,40313,41197,27306,76052,28574,51150,206464,88727,44996,35113,41554,34188,38804,43390,61702,36644,36832,24812,23223,25132,25229,23996,134450,35897
,36683,35436,44540,72425,56357,44702,41888,34903,43664,42127,113119,23940,43664,23212,25070,24596,23967,40491,337003,33162,182548,23864,62431,50449,23921,101538,47761,73367,23369,40345,41129,27137,74895,28571,51309,206925,67135,44989,35053,39975,34189,39652,43784,61555,36631,36849,24848,23223,25142,25258,23999,134820,35911
,36988,35444,43541,70901,56269,44168,41911,34872,43726,42119,104463,23945,43726,23231,24998,24685,23972,40545,338390,33267,175584,23864,60985,49238,23922,101660,47705,74584,23373,40443,41192,27011,73717,28567,51298,206715,55510,44967,35006,38646,34189,40853,44273,61054,36628,36867,24886,23223,25150,25366,24002,135250,35935
,37311,35453,42415,70172,56141,43983,41943,34847,43855,42111,95936,23950,43855,23253,24940,24794,23976,40505,336780,33253,171321,23868,60637,47831,23924,97420,47811,76216,23378,40347,41178,26950,72580,28563,50594,205856,50529,45008,34970,37481,34190,42510,44641,60293,36631,36884,24920,23223,25157,25531,24005,135690,35968
,37734,35460,41228,69668,56504,44231,41966,34833,44000,42083,88713,23956,44000,23265,24881,24911,23980,40584,335963,33487,169197,23871,61176,46288,23928,92283,47837,77732,23383,40385,41160,26975,71903,28558,50279,205694,48245,44968,34948,36698,34191,44953,44526,59407,36633,36899,24929,23223,25162,25703,24007,136060,36009
,38169,35467,40023,69263,56534,44881,41998,34825,44128,42050,82322,23962,44128,23277,24826,25052,23983,40642,335816,33528,169996,23875,62583,45096,23933,90582,47833,79687,23388,40386,41208,27096,71453,28553,50316,205608,47241,44892,34934,36135,34190,47661,44101,58460,36636,36914,24926,23223,25167,25957,24009,136450,36066
,38603,35475,38772,68722,56614,45688,42065,34824,44364,42042,76657,23968,44364,23295,24783,25238,23986,40566,334762,33727,171393,23882,63969,43932,23932,91580,47927,82402,23393,40400,41163,27287,71085,28548,50727,206166,46668,45083,34931,35699,34192,50135,43267,57546,36645,36928,24922,23223,25171,26303,24011,136850,36149
,38990,35485,37622,68544,56880,46931,42163,34826,44673,42043,72041,23974,44673,23318,24747,25463,23988,40632,336122,33879,173595,23892,65365,42999,23929,96032,47959,86324,23398,40325,41156,27585,70842,28542,51096,205798,46030,44986,34932,35386,34192,52244,42378,56693,36655,36942,24913,23223,25174,26763,24012,137290,36258
,39198,35502,36895,68008,56744,47985,42271,34819,45072,42036,68054,23980,45072,23360,24717,25734,23992,40545,337815,33941,176428,23911,66532,42363,23936,102359,47974,90767,23402,40349,41252,28088,70725,28539,51940,205571,45895,45014,34914,35100,34185,54067,41766,56146,36659,36960,24897,23222,25180,27574,24016,137980,36390
,39296,35524,36419,67584,56887,48418,42419,34810,45586,42027,64955,23986,45586,23417,24694,26068,23996,40532,337129,34284,179185,23935,66673,42036,23946,106615,47822,97451,23406,40368,41244,28738,70719,28538,54047,206031,45523,45031,34892,34872,34174,55243,41655,55756,36662,36981,24881,23221,25186,28470,24021,138800,36557
,39276,35546,36295,67393,56996,48059,42624,34803,46144,42047,62408,23992,46144,23460,24675,26384,23999,40537,337859,34572,183159,23958,66144,41678,23956,105262,47739,106850,23410,40362,41248,29501,70803,28537,57229,205519,45528,44996,34870,34731,34162,54751,41869,55428,36664,37001,24857,23215,25191,29557,24025,139590,36753
,39181,35570,36374,66901,57246,47107,42894,34797,46808,42080,60140,23998,46808,23509,24661,26752,24002,40621,340282,34613,186262,23982,65071,41474,23966,101613,47832,120470,23414,40368,41319,30390,70972,28537,58615,206112,45505,44991,34849,34645,34150,52606,42308,55179,36666,37022,24835,23208,25196,30479,24030,140420,36994
,39019,35598,36468,66208,57100,46084,43256,34794,47851,42053,58193,24004,47851,23620,24656,27400,24006,40604,340612,34914,188004,24010,63674,41155,23976,98867,47805,140210,23416,40358,41224,31378,71249,28535,59268,205634,45461,44999,34839,34566,34143,49281,42607,54990,36675,37040,24840,23215,25204,30928,24035,141520,37330
,38802,35626,36637,65905,57373,45288,43667,34794,49060,42019,56758,24009,49060,23746,24655,28161,24008,40575,342560,35042,189944,24036,62532,41111,23986,98204,47894,166360,23418,40428,41250,32474,71601,28533,59946,205767,45305,44949,34834,34510,34139,45782,42856,54849,36686,37058,24855,23227,25212,31108,24039,142690,37735
,38705,35658,36790,65749,57121,44746,44266,34795,50242,42063,55575,24014,50242,23879,24662,28898,24011,40577,342845,35249,192722,24065,61565,40962,23996,101646,47910,200470,23419,40327,41317,33756,71989,28531,58627,206005,45293,44930,34831,34491,34136,43123,43217,54769,36700,37075,24874,23221,25221,31138,24044,143820,38169
,38588,35689,37000,65304,57348,44619,44875,34798,51417,42136,54598,24020,51417,24003,24671,29595,24013,40612,345345,35779,197094,24091,60601,40923,24005,110535,48002,241630,23421,40397,41374,35125,72411,28529,57603,205303,45210,44951,34831,34494,34133,41065,43500,54722,36713,37091,24895,23211,25228,31011,24049,144870,38624
,38312,35711,37364,65165,57610,44772,45337,34805,52647,42200,53854,24030,52647,24043,24672,30365,24011,40586,346551,36057,200379,24098,59549,40668,24009,123473,48002,289250,23426,40403,41345,36577,72884,28531,58199,206381,45174,45090,34827,34505,34131,39589,43395,54636,36719,37105,24905,23210,25225,30784,24049,145710,39243
,37881,35729,37778,64722,57767,45492,45639,34815,53780,42271,53265,24041,53780,24038,24672,31047,24006,40528,346382,36513,202526,24097,58143,40592,24010,140236,47883,339200,23432,40350,41330,37861,73367,28535,59878,206159,45195,44940,34824,34526,34129,38541,43080,54545,36714,37117,24911,23210,25219,30447,24048,146360,39849
,37400,35745,38425,64718,57814,46306,45699,34827,54750,42367,52649,24052,54750,24036,24676,31319,24001,40636,346690,36765,204318,24089,56917,40560,24010,158155,47854,388720,23437,40412,41389,38792,73823,28539,60542,205576,45119,44882,34823,34567,34128,37753,42445,54476,36710,37127,24931,23208,25206,30045,24047,146770,40315
,36896,35761,39033,64513,58096,48372,45567,34839,55511,42476,52387,24063,55511,24012,24684,31347,23994,40705,347037,37081,206238,24076,55728,40592,24007,174015,47865,431250,23443,40347,41510,39320,74247,28543,61254,206034,45221,45033,34823,34616,34127,37209,41676,54414,36707,37136,24954,23206,25190,29567,24044,146940,40626
,36486,35786,39352,64524,57993,50584,44957,34851,55718,42585,51877,24077,55718,23914,24696,31168,23987,40684,347265,37617,206621,24069,54805,40473,24007,185154,47980,460020,23450,40375,41467,38838,74607,28546,63676,206169,45246,44945,34824,34650,34127,36742,40970,54336,36717,37148,24938,23203,25189,28927,24041,146770,40595
,36129,35814,39372,64419,57989,52680,44181,34862,55620,42702,51782,24091,55620,23789,24713,30799,23979,40570,347629,38198,209213,24061,53548,40498,24007,192299,47929,468050,23457,40385,41538,37779,74877,28549,65296,205868,45202,45051,34828,34684,34127,36402,40308,54256,36733,37160,24912,23200,25191,28242,24039,146370,40357
,35887,35849,38909,64392,58178,54749,43558,34870,55359,42822,51584,24108,55359,23651,24744,30279,23971,40628,347988,38413,215134,24045,52526,40323,24007,207637,47902,448290,23466,40411,41580,36411,75145,28552,63433,206523,45154,44944,34833,34710,34126,36211,39816,54182,36754,37174,24935,23196,25173,27495,24036,145810,39835
,35709,35887,38120,64308,58234,58059,43026,34879,54930,42953,51200,24124,54930,23515,24785,29688,23962,40638,347295,38893,223984,24023,51339,40307,24005,240123,47950,401460,23472,40446,41678,34845,75321,28554,62199,206338,45249,45020,34840,34753,34126,36125,39435,54112,36779,37187,24972,23193,25149,26776,24032,145120,39177
,35536,35904,37295,64332,58264,67884,42748,34896,54473,43118,51101,24130,54473,23435,24821,29282,23952,40615,349182,39484,238128,24002,50294,40341,23995,281373,48114,335260,23469,40412,41654,33386,75126,28552,66028,207438,45316,45067,34854,34795,34127,36103,39202,54061,36794,37186,24992,23190,25138,26364,24029,144370,38591
,35390,35915,36474,64236,58257,88363,42631,34915,53963,43296,50936,24133,53963,23378,24866,28942,23942,40593,349626,39934,254555,23977,49168,40225,23982,304829,48032,262220,23461,40378,41602,32006,74741,28548,75524,208440,45483,45035,34873,34860,34128,36135,39065,54023,36808,37181,25008,23187,25135,26096,24025,143560,38031
,35285,35945,35934,64065,58237,114298,42692,34936,53350,43509,50774,24136,53350,23353,24932,28593,23932,40669,349723,40496,269699,23918,48373,40247,23966,308279,48019,195990,23453,40387,41664,30862,74346,28541,88059,208456,45331,45026,34894,35071,34131,36195,38977,53975,36836,37171,25033,23183,25106,25890,24021,142710,37539
,35209,35982,35544,64213,58350,138423,42867,34955,52701,43737,50581,24137,52701,23343,25018,28278,23922,40675,350767,41065,287752,23848,47801,40265,23947,301183,48016,144600,23442,40414,41750,29900,73897,28534,97443,209969,45398,45057,34917,35331,34133,36261,38935,53927,36871,37160,25056,23180,25107,25757,24018,141840,37111
,35150,36017,35336,63784,58268,155102,43132,34953,52168,43881,50698,24142,52168,23309,25129,28029,23911,40622,352797,41778,309969,23798,47417,40141,23937,281500,47883,111090,23431,40424,41782,29200,73281,28531,94007,210230,45412,45070,34940,35579,34130,36367,38897,53943,36897,37167,25054,23177,25097,25642,24014,141060,36784
,35105,36059,35242,63977,58292,156035,43448,34943,51672,44003,50616,24149,51672,23271,25272,27841,23899,40633,355967,42729,337335,23755,46879,40221,23929,249221,47958,91316,23419,40361,41784,28696,72630,28527,79138,211343,45390,45043,34965,35671,34126,36463,38874,53981,36932,37179,25041,23173,25081,25560,24010,140350,36527
,35085,36106,35200,63691,58056,140722,43686,34929,51163,44237,50698,24157,51163,23241,25421,27681,23886,40690,362396,43337,365986,23705,46522,40142,23905,210307,48017,80727,23405,40402,41736,28314,72134,28527,64592,212758,45348,45003,34984,35494,34121,36376,38883,53936,36975,37195,25026,23170,25070,25546,24005,139650,36371
,35076,36163,35205,63771,57790,119496,43914,34911,50662,44497,50643,24167,50662,23216,25603,27575,23874,40726,366896,44096,382039,23656,46232,40178,23878,175750,47993,75180,23392,40345,41971,28067,71716,28525,56604,215901,45456,45139,35002,35205,34116,36224,38906,53877,37037,37212,25006,23166,25061,25567,24001,139030,36274
,35043,36238,35185,63891,57986,99931,44134,34897,50181,44689,50693,24177,50181,23196,25888,27618,23864,40691,366514,45101,380047,23623,46089,40164,23870,149782,47981,71567,23387,40368,41950,27999,71394,28514,53632,220792,45533,45241,35037,34902,34113,36086,38909,53895,37154,37212,24984,23163,25050,25546,23998,138650,36155
,35007,36326,35167,64269,57880,83987,44378,34885,49712,44862,50660,24189,49712,23182,26223,27752,23854,40606,362191,46350,359075,23596,45848,40135,23870,131775,48086,69958,23385,40442,41996,28043,71142,28501,52669,224881,45410,45191,35072,34653,34111,35954,38906,53940,37308,37206,24962,23159,25039,25531,23997,138420,36050
,34975,36431,35185,64506,57844,72648,44641,34868,49255,45063,50952,24206,49255,23170,26598,27867,23845,40690,357222,47630,330690,23571,45647,40128,23870,121037,48024,68525,23384,40455,42111,28151,70936,28486,52590,228892,45610,45423,35114,34515,34109,35840,38913,53973,37471,37201,24936,23156,25027,25571,23996,138260,35981
,34947,36551,35210,65100,57889,63567,44931,34853,48830,45263,51005,24225,48830,23162,26980,28019,23835,40690,352580,49042,303018,23549,45712,40172,23871,113727,48030,67708,23384,40385,42055,28301,70767,28471,51978,233117,45472,45336,35150,34440,34107,35752,38921,54015,37660,37198,24909,23152,25016,25649,23995,138180,35933
,34932,36662,35189,65547,57788,56891,45450,34849,48365,45432,50973,24244,48365,23156,27377,28343,23826,40725,348263,50739,281146,23528,45552,40099,23869,106163,47927,67016,23384,40441,42079,28455,70626,28470,50981,233160,45404,45460,35143,34373,34107,35752,38919,54079,37902,37198,24886,23149,25014,25726,23994,138190,35889
,34925,36782,35155,66283,57680,52848,45957,34849,47887,45585,50943,24266,47887,23153,27717,28700,23817,40810,346436,52776,265962,23509,45467,40132,23866,100018,48056,66549,23384,40423,42145,28580,70503,28475,50435,230853,45602,45437,35118,34328,34107,35796,38914,54146,38168,37203,24865,23145,25016,25843,23993,138270,35854
,34920,36925,35115,66870,57768,50625,46480,34851,47434,45739,51062,24291,47434,23154,27988,29104,23808,40783,344708,54916,251424,23492,45432,40068,23864,95235,47976,66389,23385,40382,42274,28718,70362,28481,50103,226410,45620,45397,35086,34331,34107,35863,38912,54251,38495,37211,24849,23142,25019,26039,23991,138440,35832
,34918,37087,35073,67377,57631,49579,46865,34854,46992,45882,51212,24321,46992,23156,28155,29444,23799,40719,343029,57611,235279,23477,45380,40104,23863,91775,47994,66380,23387,40371,42398,28705,70215,28488,49987,220589,45739,45386,35049,34353,34108,35948,38911,54360,38811,37225,24834,23138,25023,26315,23987,138650,35817
,34923,37278,35063,67787,57578,48596,46512,34848,46546,46011,51274,24366,46546,23155,27960,29497,23787,40691,341722,60406,219493,23456,45358,40110,23861,90285,48044,66152,23386,40404,42463,28621,70072,28493,50146,215663,45707,45569,35022,34333,34108,36014,38913,54366,39093,37248,24808,23135,25023,26664,23991,138800,35799
,34932,37495,35062,68381,57567,48161,45804,34840,46116,46120,51705,24421,46116,23154,27616,29371,23774,40745,340365,63931,206265,23435,45327,40047,23860,88464,47914,65897,23385,40466,42495,28499,69927,28496,50009,212075,45723,45530,34999,34306,34107,36077,38918,54350,39296,37279,24783,23131,25022,27137,23997,138960,35777
,34934,37715,35044,68383,57577,47439,45008,34831,45707,46222,51694,24479,45707,23152,27201,28979,23761,40813,339887,66844,194995,23414,45371,40037,23853,86981,47943,65700,23384,40428,42636,28315,69738,28501,49794,208284,45910,45498,34971,34283,34106,36142,38926,54360,39304,37324,24757,23127,25019,27676,23993,139130,35781
,34936,37953,35023,68148,57617,46951,44156,34822,45330,46302,51985,24543,45330,23151,26768,28455,23747,40781,338182,70034,188359,23393,45409,40053,23845,85721,48142,65533,23382,40351,42734,28128,69539,28504,49597,206992,45867,45590,34946,34265,34105,36205,38940,54393,39129,37377,24738,23124,25015,28370,23986,139330,35765
,34950,38254,35010,67619,57787,46733,43514,34816,45000,46312,52101,24620,45000,23158,26508,27830,23733,40781,338474,72722,182508,23374,45198,40113,23857,84228,48129,65447,23381,40417,42823,28105,69379,28501,49509,205850,45816,45560,34938,34272,34105,36265,38962,54494,38866,37429,24746,23120,25014,29470,23985,139620,35738
,34966,38579,34999,67199,57693,46664,42983,34811,44713,46283,52189,24704,44713,23167,26348,27196,23719,40724,336952,74664,177163,23356,45198,40044,23874,83068,48197,65388,23380,40382,42870,28152,69233,28494,49518,204357,45935,45537,34937,34288,34105,36316,38990,54638,38534,37491,24769,23116,25013,30806,23986,139950,35704
,34985,38924,34986,66945,57684,46788,42619,34806,44511,46236,52523,24800,44511,23180,26264,26715,23704,40819,336938,76061,172819,23338,45026,40034,23866,81946,48115,65356,23379,40404,43012,28208,69084,28485,49422,204113,46007,45563,34940,34313,34105,36367,39039,54814,38103,37551,24799,23113,25013,32345,23986,140320,35675
,35005,39266,34974,66677,57827,47629,42374,34803,44359,46168,52594,24900,44359,23194,26265,26346,23690,40757,336316,76858,168911,23322,44930,40041,23851,80886,48179,65323,23379,40413,43184,28281,68942,28475,49573,203728,46083,45594,34945,34338,34105,36407,39102,55031,37654,37623,24838,23109,25013,34053,23985,140700,35653
,35015,39566,34969,66270,57821,48544,42211,34799,44197,46081,52994,24978,44197,23196,26406,26200,23678,40813,336392,77215,165426,23307,44946,40058,23853,80569,48139,65185,23379,40358,43192,28398,68812,28468,49658,202188,46183,45418,34943,34340,34105,36405,39135,55264,37379,37761,24885,23107,25018,35743,23985,141020,35636
,35023,39816,34968,66205,57919,48982,42115,34797,44055,45980,53263,25054,44055,23196,26632,26216,23666,40874,335721,76926,162605,23295,44960,40063,23861,79998,48106,64995,23380,40375,43404,28505,68692,28461,49713,201406,46378,45497,34939,34334,34105,36381,39172,55545,37180,37920,24941,23104,25026,37177,23985,141310,35621
,35029,40051,34968,66653,57958,48252,42110,34795,43960,45881,53418,25130,43960,23196,26901,26287,23655,40709,336193,76418,161243,23283,44869,40023,23866,79405,48149,64826,23383,40358,43493,28569,68580,28455,49697,201577,46321,45551,34936,34326,34105,36351,39265,55912,37021,38098,25002,23102,25034,38152,23985,141650,35617
,35035,40227,34970,66838,57941,46863,42147,34795,43897,45781,53724,25212,43897,23198,27209,26473,23644,40867,336042,75506,160426,23272,44824,40010,23872,78934,48135,64637,23383,40382,43649,28577,68476,28448,49817,200547,46553,45630,34932,34317,34105,36311,39397,56353,36902,38275,25068,23100,25044,38734,23985,142000,35617
,35046,40199,34971,67224,58128,45590,42107,34798,43860,45659,54073,25325,43860,23211,27525,26891,23634,40916,335133,74287,159007,23263,44699,40100,23876,78649,48048,64348,23385,40352,43777,28451,68372,28439,49931,200050,46530,45692,34930,34313,34106,36253,39503,56897,36801,38385,25142,23099,25055,38767,23985,142310,35596
,35058,40057,34972,67446,58195,44670,42049,34803,43843,45540,54369,25453,43843,23229,27835,27418,23623,40904,335570,72754,158280,23254,44865,40110,23881,78388,47972,64034,23388,40353,43939,28254,68274,28429,49933,199538,46563,45727,34929,34311,34106,36188,39650,57542,36723,38466,25220,23097,25066,38396,23986,142640,35570
,35071,39889,34975,68320,58174,44013,42011,34810,43856,45443,54712,25603,43856,23257,28183,28097,23613,40920,335064,71481,157955,23247,44790,40007,23886,78459,48030,63686,23390,40447,44176,27948,68191,28419,50020,199276,46638,45862,34929,34309,34106,36132,39891,58205,36674,38534,25304,23095,25079,37697,23987,142970,35573
,35084,39669,34979,69305,58110,43728,41974,34818,43880,45363,55177,25765,43880,23293,28525,28777,23603,40874,335293,69822,156919,23242,44836,39971,23892,79025,47962,63350,23393,40378,44335,27599,68118,28409,49820,198674,46797,45810,34928,34307,34106,36078,40210,58954,36644,38590,25391,23094,25093,36744,23987,143350,35584
,35094,39336,34981,70123,58310,43512,41929,34825,43873,45338,55338,25899,43873,23313,28671,29323,23592,40889,334591,67837,156189,23235,44750,39997,23898,79543,47778,63172,23396,40315,44549,27338,68045,28401,49710,197860,46903,45828,34919,34310,34107,36020,40696,59956,36617,38654,25464,23093,25105,35517,23987,143940,35581
,35103,38958,34985,71061,58298,43532,41884,34832,43861,45331,55687,26037,43861,23332,28776,29723,23582,40956,334353,66922,156008,23230,44754,39973,23904,80146,47926,63061,23398,40417,44827,27106,67985,28395,49930,197615,47035,45866,34908,34314,34108,35960,41266,61064,36596,38714,25535,23092,25117,34157,23986,144650,35575
,35123,38586,34986,72921,58692,43380,41836,34843,43852,45337,56056,26190,43852,23388,28922,29745,23571,40963,334633,65485,156136,23221,44587,39952,23910,81306,48056,62983,23401,40412,45065,26877,67917,28389,49645,197503,47180,46169,34897,34320,34110,35902,41871,62320,36585,38764,25624,23091,25130,32895,23986,145400,35572
,35145,38224,34989,74538,58627,43209,41792,34857,43848,45339,56511,26366,43848,23463,29151,29549,23560,40880,335039,64283,156274,23212,44697,39981,23917,82985,47896,62933,23404,40376,45351,26666,67863,28383,49490,196504,47325,45960,34886,34327,34111,35845,42495,63588,36580,38803,25721,23090,25143,31693,23986,146200,35571
,35141,37932,34999,77034,58713,43287,41768,34870,43866,45272,56926,26584,43866,23504,29496,29155,23549,40895,334648,63178,155920,23219,44742,40037,23924,83540,47847,62863,23406,40378,45588,26491,67893,28376,49494,196396,47678,46209,34873,34335,34112,35783,43087,64662,36566,38816,25808,23089,25157,30566,23984,147050,35575
,35132,37679,35010,80072,58845,43322,41752,34885,43895,45168,57282,26836,43895,23563,29962,28638,23539,40992,335031,61642,157015,23230,44861,39979,23932,81951,47826,62803,23408,40430,45776,26349,67955,28369,49482,196358,47770,46355,34861,34343,34114,35719,43643,65597,36551,38812,25909,23089,25170,29540,23983,147920,35581
,35152,37453,35023,84508,58799,43228,41742,34906,43933,45066,57754,27146,43933,23656,30860,28101,23528,40900,334549,60879,157281,23224,44677,39957,23939,79972,47915,62739,23410,40479,46242,26219,68032,28361,49616,195921,48014,46326,34849,34353,34115,35656,44178,66314,36539,38798,26004,23088,25184,28776,23981,148830,35591
,35183,37255,35036,89467,59032,43137,41735,34931,43975,44945,58075,27501,43975,23803,31889,27542,23518,40957,334338,59893,157862,23214,44677,39998,23947,78486,47811,62683,23412,40393,46415,26117,68112,28354,49871,195610,48152,46598,34838,34364,34117,35594,44611,66871,36527,38772,26122,23088,25198,28166,23979,149710,35601
,35215,37086,35041,95402,58972,43052,41716,34969,44009,44754,58476,27840,44009,24065,32897,27061,23509,41005,335275,58988,158167,23217,44703,39967,23953,77545,47829,62723,23417,40392,46764,26102,68144,28349,50195,195350,48364,46912,34836,34372,34117,35544,45015,67227,36509,38730,26342,23087,25216,27620,23980,150370,35598
,35254,36942,35043,101593,59094,43065,41694,35012,44043,44534,58992,28217,44043,24435,33773,26622,23500,41031,335165,57929,157350,23223,44636,40005,23959,77324,47780,62797,23424,40390,46940,26137,68156,28345,50635,194637,48763,47077,34839,34382,34117,35501,45250,67950,36490,38676,26608,23086,25236,27164,23982,150920,35592
,35295,36819,35034,106361,58919,43015,41670,35049,44085,44304,59504,28667,44085,24838,34391,26180,23492,41028,334527,56522,156629,23229,44720,40001,23964,77143,47915,62805,23430,40374,47323,26163,68153,28341,51380,195141,49039,47349,34845,34388,34117,35461,45018,69424,36471,38616,26923,23085,25255,26807,23981,151390,35584
,35343,36715,35023,109110,58948,42974,41645,35082,44132,44069,60083,29197,44132,25342,34654,25774,23483,41148,333245,55691,156834,23236,44678,39997,23970,77381,47898,62802,23436,40400,47723,26202,68164,28336,52934,194753,49299,47557,34853,34395,34116,35424,44504,72026,36453,38549,27242,23084,25276,26530,23979,151800,35576
,35397,36633,35030,109333,58990,42922,41638,35118,44181,43860,60267,29839,44181,26129,34381,25477,23475,41013,333951,54388,156260,23242,44691,39953,23975,78278,47864,62835,23446,40381,48072,26317,68113,28333,53882,195069,49475,47987,34862,34414,34116,35389,43619,76304,36436,38470,27541,23083,25297,26312,23986,152270,35579
,35466,36565,35047,106146,58861,42977,41640,35146,44239,43672,61012,30597,44239,27014,33862,25247,23467,41091,333526,53440,155022,23249,44559,39984,23980,79273,47850,62888,23456,40402,48410,26444,68044,28330,52672,195313,49732,48360,34871,34435,34115,35357,42506,82046,36421,38381,27795,23083,25319,26139,23995,152710,35587
,35536,36517,35061,101507,59000,43021,41630,35169,44284,43471,61262,31463,44284,28113,33303,25050,23460,41137,334983,53062,153708,23256,44683,39945,23985,80347,47821,62936,23469,40406,48605,26535,67952,28327,51675,195234,50005,48873,34887,34466,34115,35330,41477,89993,36408,38300,27930,23082,25342,26036,23993,153120,35595
,35603,36479,35078,96495,58870,43194,41648,35178,44337,43284,61871,32463,44337,29163,32748,24898,23452,41154,333627,52249,152990,23264,44613,39937,23990,81483,47765,62999,23480,40419,49018,26598,67855,28324,50519,195240,50322,49310,34904,34498,34114,35305,40555,98323,36398,38225,27985,23081,25365,25963,23987,153470,35605
,35644,36429,35111,91379,58844,43685,41624,35139,44453,43191,62136,33629,44453,29883,32568,24805,23445,41102,334048,51599,152960,23279,44585,39987,23997,81663,47730,63117,23479,40407,49517,26560,67795,28315,50137,195320,50582,49892,34915,34498,34114,35278,39996,106930,36391,38095,27922,23080,25383,25820,23984,153590,35619
,35669,36382,35150,87088,58518,43874,41595,35079,44588,43139,62541,34952,44588,30284,32494,24754,23437,41172,334243,51145,152064,23297,44564,39934,24003,80996,47740,63268,23473,40349,49971,26477,67739,28304,49858,195380,50962,50450,34924,34490,34114,35254,39626,113630,36389,38084,27824,23079,25399,25666,23981,153590,35636
,35690,36333,35190,84429,58793,43912,41564,35004,44736,43063,63077,36480,44736,30133,32520,24740,23430,41223,335042,50470,151915,23316,44550,39932,24010,79891,47725,63412,23465,40416,50311,26395,67726,28293,49848,195481,51095,50984,34933,34488,34113,35230,39335,116810,36387,38012,27631,23079,25414,25522,23976,153530,35648
,35694,36287,35232,82526,58607,43805,41538,34925,44882,42995,63750,38208,44882,29476,32541,24753,23423,41213,335944,49836,151575,23337,44611,39962,24017,78308,47801,63573,23456,40403,50723,26313,67711,28280,49778,195826,51476,51896,34943,34495,34113,35209,39137,116910,36389,37945,27448,23078,25430,25386,23971,153390,35660
,35669,36275,35260,82219,58650,43581,41536,34885,44958,42962,63982,39973,44958,28521,32152,24775,23416,41344,336527,49602,150922,23356,44601,39967,24023,76633,47757,63781,23451,40311,51140,26217,67582,28268,49952,194869,51678,52205,34963,34510,34113,35201,38970,111780,36401,37888,27582,23078,25445,25290,23965,153260,35675
,35625,36275,35284,82482,58482,43604,41546,34859,45003,42944,64689,41907,45003,27415,31632,24812,23409,41192,336191,49159,151654,23375,44538,39969,24030,76030,47743,63998,23449,40475,51634,26135,67438,28255,49967,194795,51734,52638,34988,34538,34114,35200,38845,103580,36418,37835,27842,23077,25461,25211,23958,153110,35693
,35542,36255,35317,84001,58714,43547,41567,34835,45039,42938,64791,44150,45039,26408,31025,24850,23403,41242,335477,48483,151155,23395,44517,39999,24037,75258,47666,64282,23450,40431,52021,26120,67233,28241,50286,193887,52014,53272,35020,34600,34115,35197,38794,94132,36443,37770,28130,23077,25478,25145,23950,152830,35707
,35445,36231,35352,85662,58572,43691,41596,34816,45061,42938,65167,46712,45061,25479,30418,24898,23396,41354,334743,47955,150611,23414,44477,39944,24044,75244,47743,64540,23453,40409,52581,26151,67046,28228,50608,192873,52078,54076,35055,34692,34116,35197,38777,84950,36473,37704,28446,23076,25494,25088,23943,152510,35721
,35374,36219,35369,87757,58694,43912,41622,34798,45078,42921,65556,49411,45078,24914,30095,24984,23390,41338,333759,47645,151282,23435,44445,40013,24049,74741,47756,64665,23456,40379,53205,26233,67151,28218,51072,192879,52367,54685,35073,34775,34116,35199,38718,78013,36487,37647,28735,23076,25510,25017,23939,152340,35738
,35313,36211,35387,88546,58605,43989,41654,34783,45088,42900,66114,52568,45088,24532,29937,25077,23385,41302,334891,47116,150730,23457,44541,40029,24053,74657,47589,64713,23462,40457,53752,26373,67356,28210,51765,192938,52553,55428,35090,34884,34116,35205,38659,72451,36499,37595,28987,23075,25527,24945,23936,152210,35753
,35272,36195,35408,88418,58754,44072,41697,34769,45087,42881,66763,56244,45087,24234,29816,25178,23375,41384,334909,46916,150398,23476,44652,39922,24058,74793,47711,64480,23471,40321,54273,26520,67574,28203,52130,192435,52592,56425,35106,35077,34119,35217,38611,68590,36527,37542,29230,23074,25546,24879,23934,152060,35779
,35240,36178,35443,87004,58875,44060,41755,34758,45081,42865,67160,60722,45081,24027,29778,25263,23372,41274,335676,46421,149626,23495,44522,39962,24064,74598,47645,64192,23485,40377,55061,26716,67787,28196,51661,192725,52706,57506,35127,35337,34124,35235,38576,66144,36561,37488,29418,23073,25565,24818,23932,151910,35805
,35204,36170,35518,84806,59044,43555,41825,34756,45071,42863,67411,66338,45071,23850,29838,25270,23365,41327,335862,45827,148223,23516,44619,39993,24065,74428,47519,64013,23511,40420,55748,27102,67879,28188,51115,192580,52879,58058,35177,35609,34122,35255,38583,64075,36592,37442,29408,23073,25584,24765,23930,151760,35792
,35174,36165,35617,81986,59123,43242,41920,34758,45055,42866,67794,73140,45055,23715,29986,25237,23359,41298,336072,45512,146980,23535,44655,39931,24065,73948,47769,63918,23545,40370,56623,27574,67895,28179,50354,192351,52962,58835,35241,35972,34119,35281,38607,62564,36631,37399,29293,23072,25603,24719,23927,151600,35767
,35140,36162,35762,79693,59042,43089,42043,34760,45049,42879,68384,81482,45049,23651,30161,25141,23353,41351,336905,45182,146286,23555,44520,39969,24071,73910,47729,64223,23583,40378,57377,28035,67845,28170,49896,192261,53059,58918,35307,36412,34130,35325,38650,61470,36674,37348,29137,23073,25622,24677,23925,151450,35765
,35114,36160,35936,77228,59171,42756,42198,34763,45046,42897,68821,89730,45046,23622,30392,25018,23348,41334,336906,45065,144352,23572,44653,39972,24079,74127,47644,64653,23627,40459,58172,28498,67736,28161,49573,192023,53223,58727,35379,37044,34144,35382,38700,60692,36728,37296,28928,23073,25642,24640,23924,151280,35771
,35133,36158,36071,75521,59134,42740,42452,34761,45008,42900,69093,96339,45008,23560,30806,24927,23342,41309,336832,44612,144081,23577,44642,39949,24082,74417,47707,65092,23675,40362,59113,28988,67487,28157,49449,191654,53537,58365,35463,37894,34152,35438,38697,59934,36822,37252,28676,23070,25665,24616,23921,151020,35778
,35167,36158,36224,74030,59110,42561,42744,34756,44963,42902,69440,99237,44963,23499,31308,24844,23337,41387,336750,44539,143908,23575,44471,39987,24084,74716,47605,65473,23727,40464,60120,29437,67189,28154,49512,191576,53754,58044,35551,39088,34159,35511,38676,59289,36939,37210,28395,23066,25690,24599,23919,150710,35788
,35217,36158,36439,72705,59263,42540,43059,34751,44980,42932,69687,96050,44980,23457,31747,24761,23331,41372,336950,44478,143134,23570,44557,39989,24087,74710,47606,65551,23800,40405,61253,29829,66940,28149,49378,191695,53822,57777,35634,40779,34157,35587,38681,58691,37057,37169,28087,23067,25715,24585,23916,150410,35812
,35262,36161,36719,71815,59220,42498,43365,34746,45014,42971,70167,87484,45014,23428,32243,24686,23326,41439,336942,44102,143126,23561,44696,40011,24090,74612,47825,65466,23880,40359,62171,30126,66716,28145,49584,192184,54438,57555,35713,42823,34153,35683,38688,58174,37183,37129,27773,23070,25741,24576,23913,150110,35844
,35267,36165,37053,71112,59302,42474,43611,34743,45011,42998,70022,75391,45011,23419,32729,24627,23321,41363,336375,44149,142705,23553,44631,40017,24092,74141,47652,65057,23927,40350,63066,30162,66583,28145,49453,191206,54435,57156,35789,45407,34158,35869,38678,57766,37344,37092,27495,23069,25769,24575,23910,149760,35858
,35253,36172,37468,70857,59645,42513,43826,34741,45000,43022,70752,62202,45000,23423,33082,24582,23316,41439,337463,44131,142588,23544,44578,40016,24094,74101,47710,64526,23974,40374,64155,30050,66485,28145,49608,191244,54634,57016,35856,47769,34165,36102,38667,57432,37518,37056,27240,23067,25798,24578,23905,149400,35871
,35176,36180,38025,70432,59667,42505,43899,34740,44996,43039,71075,50766,44996,23440,33032,24550,23311,41473,338169,44167,142266,23533,44652,40038,24096,73920,47649,64121,24036,40357,64481,29819,66431,28146,49421,191027,54785,57212,35912,49273,34172,36317,38650,57220,37654,37035,27012,23066,25828,24586,23910,149110,35930
,35076,36189,38674,70102,59751,42447,43921,34739,44995,43049,71250,42174,44995,23464,32706,24532,23307,41361,337421,44236,141545,23519,44633,39984,24099,73991,47667,63850,24124,40447,64330,29521,66394,28146,49365,190944,54758,57131,35948,49248,34178,36536,38641,57069,37788,37021,26810,23066,25860,24596,23901,148860,36003
,35029,36200,39485,69793,59908,42496,44095,34740,45002,43084,71736,36602,45002,23470,31957,24526,23302,41449,337757,44477,141301,23504,44700,39997,24107,74332,47656,63530,24254,40394,63973,29158,66249,28132,49195,191231,54780,57644,35952,47134,34183,36845,38665,56859,37941,36971,26636,23065,25887,24592,23899,148660,36044
,34997,36212,40336,69558,59954,42583,44273,34743,45012,43121,71977,33122,45012,23472,31000,24536,23297,41500,337988,44150,141979,23487,44691,39913,24117,74170,47544,63232,24418,40347,63402,28816,66070,28113,49180,190838,54726,58367,35929,44247,34187,37137,38711,56655,38128,36913,26488,23064,25914,24584,23896,148510,36083
,34953,36224,41205,69468,60187,42495,44427,34746,45024,43096,72337,30787,45024,23487,29852,24567,23293,41463,339537,44096,141569,23470,44668,40007,24128,73741,47584,62860,24684,40380,63230,28586,65986,28093,48975,190937,54472,58640,35845,41594,34192,37399,38786,56471,38325,36920,26367,23064,25943,24576,23892,148440,36127
,34912,36237,42017,68977,60404,42436,44504,34751,45037,43052,72586,29396,45037,23511,28664,24616,23289,41519,339586,44671,141242,23452,44669,40026,24139,73697,47636,62493,24972,40399,62942,28470,65918,28071,48913,190763,54458,59546,35734,39880,34199,37580,38889,56311,38542,36946,26273,23064,25972,24568,23888,148410,36181
,34889,36257,42540,68438,60341,42458,44357,34756,45047,43045,72731,28228,45047,23520,27839,24688,23284,41540,339654,44417,140432,23433,44684,39964,24151,73691,47596,62252,25275,40364,62873,28613,65757,28049,48859,190276,54177,60527,35644,39092,34198,37450,38997,56233,38966,36933,26198,23063,26002,24565,23884,148330,36273
,34874,36278,42803,68016,60770,42285,44087,34763,45056,43046,72979,27416,45056,23533,27194,24786,23280,41472,341387,44698,139658,23413,44749,40019,24163,73917,47561,62114,25532,40363,63088,28937,65576,28026,48907,190678,54018,61697,35558,39021,34196,37157,39130,56191,39407,36912,26146,23063,26032,24565,23880,148290,36385
,34859,36302,42543,67107,60914,42326,43560,34768,45065,43037,73069,26859,45065,23581,26660,24870,23276,41562,342362,45087,138926,23393,44670,39980,24176,73713,47620,61921,25663,40334,63354,29333,65385,28003,49017,190408,53590,62628,35454,39476,34201,36789,39338,56162,39757,36899,26137,23062,26070,24564,23876,148250,36516
,34845,36327,41992,66974,61102,42349,42950,34773,45074,43025,73564,26498,45074,23656,26255,24973,23272,41538,345573,45402,138638,23373,44671,39959,24189,73766,47561,61793,25682,40401,63691,29839,65206,27982,48753,190166,53413,64136,35352,39833,34211,36397,39570,56172,39988,36888,26160,23062,26110,24566,23872,148280,36663
,34837,36348,41135,66283,61189,42273,42487,34785,45080,43019,73818,26077,45080,23713,26021,25192,23268,41585,347384,45890,138062,23356,44743,39982,24199,73817,47615,62124,25473,40386,63993,30653,65120,27969,49069,190092,53053,65418,35286,39500,34214,36197,39865,56080,39905,36891,26177,23062,26147,24574,23868,148580,36788
,34829,36367,40146,65643,61260,42238,42097,34799,45084,43021,73792,25705,45084,23800,25904,25448,23264,41679,350758,46634,137812,23341,44759,40022,24209,73891,47489,62618,25170,40418,64040,31550,65070,27961,48982,190160,52944,67320,35235,38493,34221,36070,40134,55960,39650,36900,26221,23061,26184,24586,23864,149020,36922
,34803,36386,39312,65099,61359,42243,41855,34802,45091,42986,73889,25458,45091,23952,25858,25711,23261,41629,353579,47329,137743,23328,44738,39985,24219,73660,47661,63269,24892,40425,64381,32454,65071,27953,48998,189794,52725,69091,35194,37494,34254,36008,40338,55848,39106,36913,26320,23061,26214,24605,23860,149500,37086
,34772,36405,38552,64755,61112,42318,41700,34802,45098,43003,74281,25281,45098,24173,25877,25960,23257,41648,356912,48321,137736,23315,44783,39992,24228,73392,47753,63956,24625,40397,64863,33258,65097,27947,48828,189254,52515,71484,35161,36665,34295,35988,40458,55737,38454,36927,26471,23060,26241,24627,23856,150030,37282
,34760,36429,37993,64459,61047,42273,41626,34810,45100,42987,74004,25122,45100,24505,25937,26139,23254,41608,357613,49222,136955,23301,44758,39986,24237,73163,47695,64230,24488,40350,65310,33719,65007,27950,48896,189343,52347,73304,35127,36149,34344,35896,40264,55640,37950,36930,26674,23060,26277,24631,23852,150590,37532
,34754,36454,37543,64078,61165,42271,41602,34821,45101,42974,74478,24992,45101,24973,26011,26266,23250,41644,356804,49928,136241,23287,44764,40029,24245,73585,47590,64365,24405,40396,65572,33919,64893,27956,48900,188843,52301,75033,35098,35752,34393,35807,39952,55555,37549,36929,26949,23060,26310,24631,23847,151160,37834
,34748,36481,37183,63751,60785,42346,41550,34831,45101,42961,74651,24920,45101,25444,26144,26310,23247,41701,353738,50821,135529,23273,44725,39976,24252,73426,47547,64514,24350,40326,66047,33729,64907,27965,48849,188212,52244,76646,35071,35363,34416,35759,39590,55490,37195,36927,27277,23059,26336,24646,23843,151700,38181
,34745,36508,36886,63369,60657,42294,41503,34842,45103,42951,74905,24875,45103,26045,26272,26302,23244,41721,350543,51478,134921,23260,44880,40043,24259,73696,47588,64669,24316,40407,66223,33281,64962,27975,48787,187931,52362,78185,35049,35033,34424,35754,39229,55453,36917,36924,27667,23059,26353,24673,23839,152220,38567
,34744,36528,36556,63436,60612,42421,41466,34857,45125,42953,75007,24790,45125,27149,26205,26238,23241,41688,347223,52322,134727,23255,44753,39961,24266,73773,47642,64878,24253,40375,66371,32586,64977,27975,48866,188154,52116,79012,35046,34827,34436,35812,39071,55409,36800,36925,28279,23058,26340,24689,23837,152690,39088
,34745,36544,36243,63079,60554,42390,41433,34874,45156,42960,74889,24703,45156,28426,26062,26159,23238,41742,344033,52832,134542,23252,44919,40000,24273,73608,47570,65128,24189,40362,66429,31802,64991,27973,48834,187679,52165,79081,35051,34691,34440,35952,39034,55392,36770,36926,28933,23057,26309,24713,23835,153090,39619
,34753,36560,35967,62918,60457,42449,41422,34892,45189,42966,75090,24629,45189,29925,25914,26056,23235,41749,342115,53029,133695,23251,44867,40018,24279,73169,47448,65572,24135,40357,66969,31150,65013,27969,48736,187324,52199,79666,35061,34607,34405,36127,39035,55509,36791,36931,29599,23056,26270,24791,23833,153480,40139
,34766,36577,35724,62748,60577,42514,41391,34912,45223,42974,75091,24568,45223,31319,25750,25973,23233,41789,339573,52638,133915,23250,44842,39970,24284,72857,47568,66040,24090,40429,67661,30611,65040,27964,48898,187193,52230,79859,35073,34563,34356,36375,39140,55708,36847,36938,30172,23055,26221,24891,23832,153780,40566
,34771,36601,35536,62673,60081,42501,41395,34934,45260,42991,75329,24536,45260,32371,25593,26031,23230,41916,336905,52358,132841,23253,44847,40009,24289,72694,47438,66522,24074,40382,68229,30354,65095,27962,48836,186763,52249,80358,35065,34511,34313,36904,39438,55868,36886,36932,30403,23054,26159,25003,23831,153710,40715
,34779,36630,35394,62135,60241,42431,41409,34956,45296,43009,75554,24520,45296,32930,25447,26175,23228,41840,335654,51084,132488,23255,44894,39955,24293,72787,47459,66919,24072,40357,68524,30295,65150,27961,49092,186405,52282,81025,35049,34469,34272,37490,39873,56140,36918,36923,30414,23053,26090,25105,23830,153470,40669
,34795,36659,35268,61666,60394,42302,41428,34984,45336,43036,75387,24523,45336,32576,25311,26353,23226,41862,334289,50557,132447,23261,44900,39979,24297,72851,47446,66930,24082,40394,69005,30425,65220,27961,48831,186596,52148,81961,35035,34457,34235,38170,40476,56434,36938,36932,30089,23052,26011,25233,23829,153140,40355
,34821,36691,35176,61116,60476,42366,41451,35013,45373,43060,75312,24540,45373,31735,25199,26593,23224,41801,334128,49472,132471,23266,44900,40006,24300,73134,47346,66779,24099,40418,70063,30695,65278,27959,48913,186514,52181,82906,35019,34459,34202,38747,41141,56952,36950,36945,29576,23051,25929,25340,23829,152730,39881
,34864,36723,35176,60575,60456,42280,41469,35032,45394,43051,75478,24545,45394,30565,25153,26962,23222,41915,333029,48726,132408,23263,44900,39917,24296,72751,47498,66311,24105,40386,70985,31198,65242,27952,48877,185921,52204,84725,34993,34445,34178,38846,41972,58011,36909,36943,29001,23050,25849,25290,23828,152280,39259
,34923,36756,35223,60027,60299,42296,41485,35051,45408,43032,75545,24555,45408,29247,25151,27420,23220,41867,332427,47417,131882,23257,44848,39987,24288,72686,47435,65783,24112,40306,71702,31760,65164,27942,48950,185615,52388,85695,34965,34431,34160,38537,42729,59480,36858,36936,28380,23049,25768,25181,23827,151810,38581
,34990,36789,35277,59682,60377,42111,41515,35078,45416,43005,75399,24587,45416,28147,25161,27891,23218,41941,330496,46314,131620,23249,44841,39910,24283,72771,47512,65620,24121,40375,72391,32269,65071,27932,48842,185279,52369,85147,34935,34426,34145,37992,43233,61534,36836,36932,27767,23048,25695,25041,23827,151340,37969
,35077,36822,35348,59303,60347,42142,41548,35109,45421,42978,75217,24637,45421,27226,25198,28414,23216,41964,330470,45321,130367,23242,44840,40012,24277,72692,47468,65627,24133,40385,73440,32680,64964,27922,48975,185455,52397,84319,34906,34427,34134,37328,43482,63832,36832,36930,27178,23047,25614,24891,23826,150870,37409
,35199,36859,35417,58874,60600,42112,41558,35144,45432,42975,75387,24699,45432,26610,25301,29089,23214,42030,329979,43968,129960,23239,44823,39949,24268,72429,47367,65936,24157,40352,73828,32750,64865,27910,49022,184928,52511,81618,34892,34448,34123,36862,42993,66760,36875,36924,26730,23046,25529,24825,23825,150370,37034
,35343,36896,35500,58206,60695,42112,41567,35182,45442,42981,75203,24786,45442,26200,25436,29803,23212,41955,329776,42869,129826,23239,44919,39891,24257,72706,47342,66289,24187,40308,74487,32640,64766,27899,48943,184561,52724,78722,34884,34493,34114,36501,42191,69645,36938,36920,26363,23045,25445,24792,23825,149850,36758
,35549,36934,35580,58072,60833,42127,41572,35216,45452,42989,75074,24891,45452,25887,25572,30599,23210,41971,328095,41292,128995,23241,44814,39948,24247,72559,47465,66822,24221,40391,74869,32255,64663,27886,48910,183990,52723,75082,34880,34497,34109,36377,41182,71511,37018,36916,26038,23044,25358,24767,23825,149370,36531
,35719,36972,35674,57659,60727,42149,41585,35250,45459,43000,75288,25026,45459,25690,25714,31353,23208,42018,327699,40220,128860,23244,44839,39940,24235,72295,47428,67268,24258,40385,75345,31767,64561,27874,48850,183906,52834,71529,34880,34514,34106,36364,40124,72146,37094,36914,25768,23043,25276,24753,23825,148880,36355
,35990,37002,35845,57255,60722,42166,41660,35287,45454,43007,75018,25228,45454,25668,25869,31853,23207,41970,326891,38998,128428,23240,44872,39937,24219,72250,47518,66710,24290,40409,75807,31386,64466,27867,48874,183641,52906,68225,34886,34681,34103,36353,39532,70844,37143,36924,25566,23042,25222,24754,23824,148250,36209
,36082,37029,36044,57104,60879,42158,41766,35321,45443,43014,75086,25476,45443,25736,26012,32167,23205,42105,326402,37934,128270,23234,44733,40027,24202,72434,47641,65776,24322,40286,76624,31093,64379,27861,48883,183509,53284,65200,34897,34883,34101,36363,39152,68597,37167,36940,25415,23040,25180,24760,23824,147620,36086
,35870,37056,36265,56846,60891,42126,41848,35351,45432,43025,74963,25746,45432,25814,26164,32262,23204,42028,326129,37023,127642,23231,44842,40103,24182,72348,47607,64756,24354,40273,77289,30911,64294,27856,48787,183720,53437,62606,34919,35110,34096,36330,38948,65857,37126,36960,25302,23039,25147,24735,23824,146960,35995
,35527,37082,36469,56683,60875,42116,41936,35375,45420,43036,74941,26051,45420,25874,26291,32171,23203,42051,326876,36452,127121,23229,44828,40024,24160,72341,47684,63715,24389,40416,78171,30782,64218,27852,48919,183315,53483,60484,34946,35305,34092,36288,38875,63021,37051,36985,25223,23038,25119,24703,23824,146360,35924
,35276,37108,36658,56674,60674,42185,42089,35373,45405,43045,74562,26412,45405,25953,26277,31843,23202,42081,326998,35838,127230,23234,44872,39936,24144,72155,47765,62946,24430,40369,78758,30601,64170,27847,48721,182672,53778,58816,34961,35319,34105,36250,38871,61322,36957,37006,25165,23037,25089,24674,23824,146100,35857
,35049,37135,36799,56496,60924,42137,42244,35354,45390,43055,74701,26806,45390,25981,26201,31370,23200,42144,325650,35386,126569,23244,44827,39852,24129,72520,47848,62365,24474,40320,79515,30408,64141,27842,48934,182726,53734,57611,34978,35249,34123,36214,38934,60278,36850,37027,25123,23035,25061,24649,23823,146000,35798
,34936,37154,36740,56357,61001,42146,42427,35336,45374,43055,74524,27238,45374,25676,26103,30766,23199,42050,324847,35162,126309,23251,44786,39899,24109,72555,48113,62144,24526,40356,80080,30191,64107,27838,48823,182523,53879,56289,35004,34999,34129,36182,38980,59872,36731,37073,25113,23034,25035,24633,23823,145950,35757
,34878,37172,36595,56140,60985,42194,42581,35310,45362,43056,74216,27692,45362,25247,25986,30093,23198,42124,324052,35016,125813,23262,44817,39983,24087,72515,47974,62169,24583,40425,80550,29962,64077,27834,48888,182121,53900,55632,35041,34692,34132,36155,39051,60115,36615,37123,25115,23033,25012,24628,23823,145980,35723
,34826,37210,36399,56181,61076,42254,42533,35243,45369,43085,74222,28118,45369,24807,25896,29514,23197,42236,323532,35135,125724,23295,44899,40006,24065,72202,48251,62286,24620,40336,80932,29717,64094,27831,48829,181751,54038,55150,35095,34550,34133,36142,39189,60978,36554,37140,25079,23032,24995,24634,23823,146130,35679
,34793,37254,36182,55941,61153,42229,42394,35164,45385,43123,73856,28548,45385,24370,25817,28968,23196,42193,323830,35860,125099,23336,44841,40007,24041,72057,48362,62597,24654,40352,80907,29471,64128,27829,48963,181620,54375,55133,35166,34465,34132,36140,39356,62554,36516,37146,25035,23030,24981,24658,23824,146340,35634
,34782,37269,36071,55896,61124,42227,42217,35095,45402,43168,73651,28997,45402,24030,25735,28404,23196,42289,322573,37280,124721,23381,44830,39901,24019,72006,48346,63106,24717,40404,80874,29244,64098,27827,48872,181218,54628,55275,35254,34431,34132,36130,39566,64688,36488,37147,25002,23029,24971,24715,23824,146670,35593
,34785,37277,35987,55870,61145,42312,41979,35033,45425,43211,73722,29463,45425,23758,25665,27867,23195,42202,322052,40616,123756,23424,44907,39975,23997,71875,48300,63863,24790,40348,81013,29032,64056,27825,48695,180919,54969,55524,35363,34430,34134,36126,39773,67681,36469,37146,24976,23028,24961,24806,23825,147030,35556
,34779,37303,35945,55810,60998,42238,41811,34991,45461,43226,73228,29949,45461,23613,25629,27433,23194,42231,322045,48696,124269,23449,44855,39957,23973,72029,48596,64939,24850,40376,81072,28848,64071,27824,48806,180371,55258,56280,35492,34406,34129,36161,39943,71657,36433,37162,24958,23026,24943,24917,23826,147160,35529
,34774,37334,35910,55769,61138,42313,41668,34965,45502,43232,73153,30454,45502,23542,25617,27062,23193,42220,320834,58947,124523,23464,44788,39971,23950,71789,48530,66249,24910,40347,81372,28681,64096,27822,48875,180044,55671,57313,35644,34383,34125,36206,40064,76872,36397,37181,24952,23025,24921,25067,23826,147240,35508
,34780,37363,35748,55846,61141,42272,41578,34944,45555,43223,73125,30996,45555,23514,25648,26720,23193,42219,321752,65051,124170,23477,44860,39955,23927,71984,48581,68108,24978,40370,82344,28533,64121,27816,48893,180027,55952,58600,35839,34375,34129,36247,40060,83424,36364,37209,24953,23024,24899,25301,23828,147320,35490
,34788,37394,35548,55718,61101,42327,41525,34934,45611,43207,72720,31569,45611,23527,25704,26421,23193,42231,320855,64089,123605,23484,44927,39923,23907,71966,48675,70207,25050,40427,83215,28396,64137,27807,48744,179992,56390,60423,36060,34372,34137,36277,39984,91567,36336,37234,24969,23022,24877,25574,23829,147440,35476
,34786,37425,35383,55553,61183,42290,41493,34954,45637,43224,72467,32133,45637,23525,25752,26187,23191,42290,321042,57670,123535,23477,44915,39922,23899,72024,48703,71950,25123,40404,84587,28246,64095,27815,49024,179957,57191,62185,36297,34363,34155,36284,39863,101910,36320,37223,25019,23021,24859,25919,23828,147690,35460
,34782,37458,35233,55564,61224,42238,41485,34991,45657,43246,72102,32721,45657,23537,25808,25999,23189,42399,320568,50003,123296,23461,44951,39935,23898,71877,48774,73839,25199,40317,86506,28097,64029,27827,48989,179703,57984,64449,36521,34354,34187,36269,39707,114180,36310,37200,25091,23020,24842,26236,23826,148010,35445
,34779,37493,35095,55715,61238,42263,41523,35034,45676,43236,71434,33372,45676,23603,25880,25846,23184,42412,320292,43030,123269,23443,44998,39935,23901,72051,48871,75444,25281,40404,88265,27974,63949,27814,48830,179714,59259,66255,36689,34350,34202,36206,39519,127810,36302,37173,25181,23019,24825,26543,23824,148460,35431
,34778,37529,34973,55426,61285,42214,41592,35086,45700,43218,71435,34075,45700,23700,25964,25727,23178,42389,321280,38166,122988,23420,44906,39908,23907,72004,48949,77634,25368,40383,90570,27864,63860,27794,48876,179235,60744,67569,36814,34346,34226,36128,39323,140430,36297,37148,25288,23018,24808,26724,23822,148990,35418
,34784,37569,34910,55385,61470,42205,41631,35146,45755,43183,71074,34823,45755,23785,26058,25634,23183,42336,319997,35186,122528,23393,44963,39900,23914,71782,49067,80917,25461,40382,92603,27743,63784,27790,49018,179261,62908,68176,36830,34339,34332,36006,39147,149650,36297,37151,25410,23018,24792,26561,23820,149440,35410
,34794,37611,34876,55407,61420,42213,41679,35212,45824,43136,70866,35639,45824,23901,26162,25565,23189,42391,320133,33783,122701,23366,44964,39919,23922,71909,49151,87983,25559,40336,94836,27637,63710,27789,49063,179074,65270,68040,36805,34331,34459,35887,38992,152980,36298,37169,25548,23017,24776,26243,23817,149980,35404
,34808,37655,34830,55505,61338,42230,41817,35269,45922,43152,70595,36502,45922,24031,26282,25522,23183,42401,319770,33024,122774,23335,44956,39971,23933,71569,49176,99895,25675,40413,96721,27537,63631,27785,48891,178561,67782,67133,36755,34323,34614,35865,38889,148140,36304,37199,25693,23016,24761,25851,23814,150530,35400
,34826,37702,34790,55405,61448,42111,42006,35323,46036,43140,70137,37447,46036,24213,26412,25496,23173,42468,319158,32422,121961,23305,44939,39907,23946,71616,49220,122020,25800,40351,97885,27467,63551,27780,49083,178311,69613,66418,36714,34317,34754,35875,38821,136600,36311,37241,25850,23015,24746,25432,23811,151210,35396
,34845,37753,34773,55420,61595,42154,42140,35388,46109,43129,69601,38555,46109,24554,26534,25476,23171,42477,319325,32306,121843,23287,44974,39940,23961,72108,49245,161520,25911,40378,99230,27492,63462,27775,49078,178572,69933,65013,36754,34317,34797,35979,38791,120650,36305,37275,26053,23014,24723,25151,23810,152420,35388
,34869,37806,34767,55319,61671,42215,42326,35445,46188,43112,69492,39769,46188,24983,26664,25466,23171,42416,319064,32412,121259,23274,44959,39873,23978,71813,49245,223520,26030,40430,99975,27567,63368,27769,48977,178166,68916,63722,36854,34321,34788,36084,38787,104180,36297,37316,26262,23014,24698,24935,23810,153880,35378
,34897,37868,34767,55127,61551,42114,42592,35487,46295,43096,68869,41127,46295,25488,26787,25455,23169,42557,320128,32750,120874,23268,44964,39838,23997,72005,49365,306540,26163,40438,100334,27710,63287,27763,48986,178065,66837,62601,37047,34325,34671,36083,38805,89694,36283,37385,26480,23011,24672,24835,23810,155490,35368
,34931,37932,34772,55244,61801,42049,42987,35511,46437,43078,68758,42527,46437,26051,26926,25456,23167,42584,319592,33917,121133,23268,44946,39911,24016,71858,49291,394490,26311,40345,100414,27883,63208,27756,49113,177402,63999,61051,37287,34331,34514,35991,38836,79389,36270,37474,26682,23009,24646,24798,23810,157240,35358
,34970,37986,34777,55290,61551,42027,43622,35481,46637,43064,68496,44004,46637,26607,27114,25476,23165,42599,318617,36793,121214,23255,45033,39914,24039,71702,49306,459390,26513,40380,100132,28018,63108,27750,48988,177454,61419,59620,37508,34339,34406,35766,38849,71944,36276,37565,26782,23011,24620,24735,23810,158990,35350
,35015,38040,34783,55257,61687,42125,44453,35428,46891,43051,67905,45381,46891,27110,27347,25500,23163,42642,318987,43492,120704,23242,44950,39934,24064,71760,49588,476490,26738,40376,100618,28133,63011,27743,49129,177334,59119,57864,37697,34347,34316,35493,38858,66976,36286,37682,26825,23013,24595,24683,23811,160780,35343
,35064,38094,34793,55132,61790,42083,45529,35355,47213,43040,67372,46585,47213,27415,27601,25535,23160,42605,318548,51706,120630,23254,44949,39957,24091,71590,49748,434860,26953,40391,100986,28257,62903,27736,49065,176964,57463,56335,37958,34359,34275,35277,38872,63710,36309,37814,26855,23011,24570,24670,23811,162870,35337
,35122,38153,34803,55209,61973,42049,46736,35276,47593,43029,67056,47465,47593,27549,27899,25566,23157,42644,318554,55357,120646,23276,45069,39907,24118,71670,50056,347440,27160,40368,101998,28365,62810,27729,49134,176530,55684,54936,38141,34370,34259,35092,38886,61791,36333,37987,26852,23007,24547,24675,23811,165000,35332
,35192,38245,34802,55091,61938,42080,48248,35236,48054,43011,66493,47847,48054,27572,28309,25540,23155,42665,318596,53592,119892,23288,45160,39911,24140,71433,50305,246200,27395,40509,103340,28377,62807,27725,49182,176927,54703,53799,38086,34370,34249,35020,38887,60149,36314,38262,26780,23006,24529,24672,23811,166850,35324
,35273,38353,34798,54834,62030,42089,49688,35211,48565,42991,66334,47739,48565,27490,28793,25490,23153,42713,317961,48064,119594,23301,45023,39906,24161,71286,50722,160600,27590,40404,104186,28354,62841,27722,49114,176804,53790,52678,37907,34366,34247,34999,38880,59012,36283,38598,26672,23006,24515,24671,23810,168490,35317
,35364,38455,34793,54791,62242,42066,50652,35187,49112,42977,65526,46724,49112,27337,29299,25438,23151,42741,317694,41897,118998,23322,45165,39898,24181,71288,51250,106780,27740,40388,104900,28339,62899,27720,49023,177085,52902,51923,37707,34358,34263,34988,38888,58113,36264,39015,26543,23005,24503,24682,23808,170060,35305
,35464,38560,34788,54789,62373,42028,51129,35167,49665,42965,65600,45148,49665,27115,29847,25379,23149,42741,318573,36966,119162,23349,45012,39843,24202,71152,52264,81132,27893,40477,105740,28337,62970,27717,49246,177169,52326,51118,37464,34349,34284,34994,38898,57484,36251,39441,26399,23005,24495,24697,23807,171450,35291
,35564,38692,34782,54815,62331,42064,50907,35146,50246,42949,64761,43199,50246,26865,30505,25312,23147,42747,318241,33655,119019,23387,45095,39908,24227,71058,53923,71108,27895,40424,106787,28342,63006,27715,49172,176904,51909,50604,37139,34353,34289,34990,38856,56977,36258,39929,26259,23004,24491,24704,23806,172150,35296
,35670,38827,34778,54492,62607,42057,50283,35127,50772,42931,64610,41016,50772,26577,31192,25243,23145,42767,316934,31642,119088,23434,45182,39884,24253,71438,56142,68185,27798,40411,108594,28371,63038,27713,49203,176989,51208,49854,36793,34361,34287,34986,38803,56623,36279,40356,26123,23003,24490,24709,23804,172440,35308
,35788,38966,34772,54292,62425,42173,49457,35110,51227,42926,64061,38710,51227,26221,31909,25176,23143,42879,318132,30865,118415,23487,45071,39928,24281,71562,60192,67244,27677,40452,110041,28537,63053,27711,49244,176336,50905,49382,36498,34367,34286,34995,38792,56485,36320,40527,25983,23002,24492,24720,23803,172580,35293
,35919,39095,34767,54261,62624,42020,48476,35096,51530,42907,63685,36426,51530,25838,32600,25116,23141,42833,318334,30259,117973,23549,44998,39980,24309,71268,66464,67632,27363,40411,111439,28758,63066,27708,49243,176300,50382,48980,36240,34373,34282,35007,38798,56497,36379,40529,25854,23002,24497,24732,23801,172460,35273
,36059,39160,34771,54121,62536,42180,47678,35086,51574,42902,63132,34523,51574,25440,33115,25073,23139,42871,317102,30016,117941,23622,45076,39940,24336,71471,74326,67773,27076,40459,113357,28933,63138,27704,49239,175849,49973,48622,36048,34369,34272,35005,38828,56476,36439,40231,25760,23001,24496,24734,23800,171720,35275
,36212,39192,34780,54190,62642,42074,46906,35080,51456,42900,62497,32926,51456,25052,33536,25045,23137,42850,316549,29712,117865,23704,45166,39888,24363,71438,79987,68085,26763,40507,114841,29091,63218,27699,49182,175878,49745,48187,35930,34363,34257,35000,38871,56537,36517,39792,25690,23000,24493,24735,23799,170660,35285
,36389,39218,34789,54012,62518,42043,45993,35080,51261,42898,62275,31579,51261,24730,33861,25048,23135,42913,315738,29547,117883,23793,45083,39867,24395,71298,80767,68579,26447,40504,115560,29299,63302,27695,49348,176506,49432,47816,35834,34363,34233,34993,38903,56789,36610,39286,25668,22999,24495,24741,23798,169580,35291
,36580,39226,34800,53957,62957,42121,45074,35083,50985,42900,61938,30436,50985,24453,34139,25072,23133,42936,314816,29344,117760,23890,45185,39929,24429,71303,76921,69064,26139,40472,116087,29500,63371,27689,49356,175904,49141,47526,35768,34368,34205,34987,38935,57196,36731,38760,25678,22999,24500,24753,23797,168380,35299
,36789,39199,34810,53839,62958,42046,44197,35077,50651,42904,61449,29452,50651,24238,34355,25092,23131,42973,315377,29224,117426,23998,45084,39926,24455,71458,70949,69015,25896,40479,116140,29553,63337,27683,49257,176334,48973,47255,35708,34369,34173,34993,38975,57699,36919,38425,25650,22998,24505,24767,23796,167030,35312
,37008,39157,34820,53815,63016,42146,43393,35072,50286,42910,61009,28680,50286,24068,34624,25138,23129,43091,314596,29186,117761,24115,45268,39943,24482,71177,65338,68682,25691,40511,115939,29550,63248,27677,49332,175522,48664,46811,35665,34375,34142,35003,39016,58390,37151,38178,25646,22997,24514,24790,23795,165620,35326
,37217,39094,34832,53805,63080,42154,42788,35068,49868,42931,60512,28217,49868,23939,34907,25200,23127,43005,314953,29122,117128,24240,45182,39886,24504,71016,60880,68224,25507,40486,115733,29579,63172,27668,49280,175323,48411,46806,35638,34394,34112,35017,39067,59243,37405,37983,25692,22996,24526,24822,23794,164100,35346
,37422,39022,34843,53693,63185,42160,42317,35069,49448,42957,59925,28041,49448,23842,35337,25301,23125,43018,315333,29150,116703,24372,45132,39953,24530,71200,57685,67593,25355,40444,114771,29604,63080,27657,49274,175270,48123,46593,35627,34424,34084,35031,39122,60364,37687,37845,25806,22995,24545,24868,23793,162570,35366
,37642,38995,34850,53582,63293,42084,41993,35093,49142,42956,59405,28035,49142,23744,36295,25527,23123,43024,314916,29166,116869,24504,45204,39976,24589,71288,56059,66613,25242,40432,113571,29616,62873,27655,49264,174963,47859,46358,35647,34468,34071,35031,39155,61940,38025,37755,26032,22994,24583,24936,23792,161340,35367
,37851,38982,34854,53542,63422,42082,41775,35130,48896,42954,59287,28359,48896,23662,37574,25828,23121,43086,315130,29063,116572,24639,45230,39907,24659,71192,54955,65497,25163,40439,112276,29612,62631,27655,49207,175491,47729,46337,35682,34531,34066,35026,39185,63841,38400,37700,26365,22993,24634,25022,23790,160220,35362
,38043,38945,34856,53396,63310,42103,41669,35167,48673,42966,58535,29028,48673,23598,39054,26136,23118,43103,314355,28936,116136,24790,45267,39920,24740,71109,54103,64311,25130,40578,110940,29608,62458,27643,49122,174236,47451,46066,35722,34593,34063,35026,39244,66323,38751,37697,26818,22991,24689,25137,23789,159210,35365
,38203,38905,34857,53543,63266,42084,41634,35208,48491,42995,58158,30116,48491,23552,40464,26488,23116,43147,314621,28955,116734,24950,45307,39898,24822,70928,53844,63137,25138,40494,109296,29587,62309,27628,49208,174810,47260,45904,35766,34676,34064,35028,39319,68969,39109,37720,27364,22990,24752,25277,23787,158250,35371
,38294,38880,34862,53124,63422,42153,41557,35269,48370,43057,57850,32006,48370,23539,41303,26933,23114,43229,313966,28832,116449,25090,45184,39961,24880,71087,53081,62309,25152,40397,107816,29499,62165,27623,49097,174683,47073,45737,35813,34834,34064,35024,39370,71786,39558,37681,28100,22988,24829,25413,23785,157120,35377
,38304,38862,34868,53356,63288,42125,41487,35333,48305,43148,57438,34395,48305,23545,41718,27423,23112,43205,314030,28927,116076,25234,45357,39917,24933,70958,52405,61657,25199,40456,106138,29377,62041,27621,49034,174424,46931,45608,35854,35023,34065,35025,39437,74309,40009,37633,28871,22986,24913,25569,23783,156010,35384
,38316,38850,34873,53378,63507,42085,41498,35398,48260,43279,56939,37227,48260,23572,41322,27969,23109,43202,313318,28873,115633,25394,45284,39944,24966,70923,51799,61043,25326,40441,104019,29248,61929,27619,49101,174501,46798,45353,35892,35262,34069,35023,39560,76146,40485,37641,29672,22985,25004,25784,23781,154880,35396
,38310,38843,34878,53203,63350,42119,41538,35451,48260,43447,56500,39728,48260,23611,40415,28515,23107,43302,313460,28828,115137,25569,45309,39930,24995,70840,51187,60532,25518,40476,102291,29108,61840,27617,49077,174336,46596,45661,35919,35487,34073,35028,39740,77151,40917,37671,30377,22983,25099,26030,23779,153840,35412
,38282,38841,34871,53137,63453,42036,41530,35463,48385,43643,56113,40667,48385,23629,39298,29027,23105,43302,313412,28759,115038,25784,45264,39859,25073,71028,51035,60209,25701,40565,100769,28946,61817,27613,48972,174225,46668,45479,35904,35708,34074,35072,39952,76588,41100,37691,30696,22981,25187,26315,23778,153210,35434
,38246,38841,34859,53019,63282,42092,41516,35448,48573,43888,55689,40037,48573,23645,38075,29488,23103,43244,313121,28805,115178,26016,45349,39956,25158,70568,50859,60007,25969,40553,98979,28776,61830,27610,48985,173780,46473,45331,35867,35817,34073,35133,40243,74824,41176,37717,30769,22979,25274,26600,23777,152780,35462
,38234,38854,34849,53014,63492,42063,41543,35405,48790,44163,55446,38020,48790,23683,37050,29778,23101,43276,312180,28789,114904,26262,45406,39879,25240,70364,50559,59889,26309,40640,97964,28641,61855,27606,49023,173611,46441,45291,35822,35795,34072,35206,40653,72159,41134,37784,30529,22978,25361,26905,23776,152450,35494
,38231,38872,34837,52971,63585,42043,41587,35347,49030,44492,54902,35385,49030,23735,36275,29974,23099,43352,311754,28799,114489,26508,45501,39907,25306,70373,50369,59851,26800,40663,96174,28519,61896,27603,48867,172950,46329,45253,35768,35699,34072,35285,41209,68955,41055,37872,30075,22976,25447,27178,23775,152210,35531
,38229,38873,34819,53008,63755,42051,41608,35265,49255,44973,54509,32617,49255,23767,35672,30122,23097,43345,313314,28707,114286,26729,45384,39941,25293,70500,50134,59857,27618,40826,94949,28373,61948,27600,48918,173508,46201,45163,35707,35545,34072,35358,41886,65971,41111,37931,29524,22974,25532,27290,23774,151930,35586
,38238,38872,34801,52877,63691,42101,41646,35182,49469,45548,53994,30482,49469,23804,35213,30225,23095,43407,312549,28748,114020,26925,45503,39888,25235,70463,50167,59908,28659,40995,93805,28239,62001,27597,48865,173436,46154,45144,35642,35383,34072,35432,42750,63104,41252,38005,28931,22972,25614,27314,23773,151670,35652
,38233,38897,34780,52801,63881,41973,41694,35123,49704,46121,53800,29529,49704,23906,35013,30270,23094,43502,311414,28733,114140,27112,45378,39979,25151,70317,50163,60022,29999,41219,92377,28123,62074,27594,48973,172312,45970,45176,35569,35287,34072,35496,43747,60523,41431,38105,28382,22970,25693,27263,23772,151420,35718
,38240,38933,34761,52912,63730,42085,41783,35083,49926,46738,53149,29494,49926,24049,34858,30281,23092,43526,310910,28655,113350,27267,45384,39907,25039,70353,50159,60169,31455,41404,90828,28054,62149,27591,48756,172438,45906,45102,35495,35269,34072,35560,45029,58255,41692,38246,27902,22968,25768,27161,23771,151210,35788
,38319,38965,34766,52702,63761,42071,41986,35086,50057,47513,52976,30383,50057,24146,34630,30355,23090,43583,309851,28589,113519,27350,45467,39922,24889,70218,50271,60306,33123,41553,89948,28036,62137,27587,48834,171903,45887,45073,35440,35333,34072,35663,46640,56662,42186,38486,27679,22966,25843,27021,23769,151120,35869
,38406,39000,34782,53072,64067,42122,42253,35115,50146,48334,52582,32033,50146,24281,34284,30403,23088,43554,309616,28575,113589,27387,45483,39924,24720,70616,50742,60457,34607,41374,88534,28122,62088,27583,48734,172496,45863,45027,35391,35554,34073,35772,48442,55486,42768,38792,27585,22965,25915,26858,23768,151050,35953
,38575,39043,34800,52783,63814,42033,42631,35153,50225,49171,52078,34646,50225,24518,33423,30441,23086,43550,309978,28514,113434,27343,45449,39908,24534,70374,50962,60566,35517,41317,87563,28303,62118,27577,48754,172293,45763,44879,35355,35904,34075,35871,50682,54680,43484,39160,27647,22963,25978,26740,23766,151030,36038
,38648,39090,34821,52814,64008,41996,43051,35205,50286,49980,51991,37869,50286,24878,32353,30406,23084,43606,310001,28502,113286,27256,45565,39915,24343,70463,51371,60679,35839,41169,86385,28651,62150,27572,48788,171821,45493,44823,35324,36511,34076,35953,52926,54152,44174,39572,27774,22961,26035,26636,23765,150990,36120
,38687,39145,34841,52674,64245,41984,43418,35264,50336,50607,51485,41091,50336,25328,31106,30132,23082,43767,309722,28435,112545,27190,45342,39943,24184,70284,51849,60933,35001,41037,85420,29299,62063,27570,48699,171279,45463,44869,35265,37528,34074,36000,54898,53691,44661,40023,27819,22959,26085,26481,23763,150780,36178
,38675,39212,34860,52731,64212,42105,43754,35323,50381,51114,51063,43223,50381,25924,29838,29739,23080,43724,309652,28472,112537,27115,45314,39912,24042,70565,52475,61197,33583,40934,84154,30181,61932,27569,48764,170874,45358,44829,35203,38920,34070,36016,56438,53341,44926,40499,27823,22957,26123,26337,23762,150480,36221
,38614,39249,34882,52648,64005,42112,44059,35411,50407,51581,50676,43262,50407,26903,28834,29329,23078,43810,309313,28456,112145,27010,45500,39906,23899,70342,52977,61513,31845,40888,83259,31396,61806,27572,48700,171063,45377,44790,35167,40898,34066,35983,57132,53148,44879,40950,27763,22956,26163,26243,23761,150180,36269
,38511,39338,34901,52728,64234,42070,44344,35468,50433,51949,50407,41508,50433,28032,28038,28882,23076,43768,309002,28386,111867,26887,45557,39894,23769,70503,53852,61784,29988,40852,82160,32780,61680,27574,48686,170813,45397,44807,35143,42486,34062,35916,57111,53037,44547,41449,27650,22954,26194,26211,23760,149860,36311
,38363,39407,34910,52681,64023,42026,44474,35508,50502,52122,50166,38160,50502,29393,27514,28398,23074,43719,308632,28478,111613,26756,45324,39916,23684,70645,54131,61683,28487,40901,81270,34388,61544,27561,48636,170754,45286,44694,35127,43272,34060,35805,55997,52834,43677,41847,27439,22952,26175,26287,23758,149450,36316
,38186,39483,34914,52651,64447,42067,44576,35531,50587,52166,49702,34358,50587,30611,27173,27915,23072,43884,308093,28364,111549,26613,45517,39911,23624,70282,54402,61422,27253,40779,80339,36012,61410,27544,48684,170669,45175,44761,35120,41980,34059,35672,54011,52625,42482,42168,27194,22950,26134,26483,23755,149020,36310
,37995,39566,34917,52594,64605,42001,44834,35546,50689,52089,49320,31197,50689,31345,26969,27436,23070,43894,307434,28390,111577,26464,45479,39913,23573,70353,54448,61130,26479,40820,79363,37363,61367,27522,48649,170867,45082,44672,35127,40164,34059,35534,51773,52481,41216,42453,26903,22948,26117,26748,23753,148570,36308
,37795,39656,34915,52738,64348,42031,45101,35551,50792,51906,48957,28667,50792,31496,26888,26998,23068,43855,306053,28387,111609,26304,45395,39829,23536,70146,54169,60792,25977,40813,78772,38069,61351,27500,48567,170496,45178,44648,35142,38095,34058,35395,49442,52366,39951,42692,26619,22946,26097,27133,23750,148130,36302
,37603,39746,34907,52571,64524,41998,45576,35550,50865,51722,48656,27232,50865,30696,26782,26709,23066,43885,305481,28420,111432,26120,45328,39898,23508,70162,53688,60457,25554,40851,77958,37689,61266,27497,48509,169674,45139,44678,35156,36719,34057,35289,47847,52227,38915,42912,26491,22944,26044,27853,23747,147770,36347
,37425,39839,34896,52630,64325,42039,45982,35540,50912,51473,48245,26427,50912,29445,26761,26513,23064,43949,304788,28273,111231,25926,45515,39883,23487,70153,53258,60136,25243,40978,77176,36662,61170,27501,48606,169263,45120,44672,35171,35790,34056,35201,46701,52210,38198,43090,26432,22942,25975,28716,23744,147460,36352
,37242,39939,34881,52448,64530,42038,45975,35524,50956,51074,48059,25910,50956,28038,26870,26405,23063,43997,304709,28260,110806,25723,45449,39979,23477,69948,52582,59789,25024,41215,76395,35177,61082,27504,48532,169001,44932,44514,35195,35169,34055,35115,46006,52214,37614,43225,26420,22940,25897,29685,23740,147130,36368
,37058,40044,34863,52560,64652,42056,45700,35500,50970,50580,47769,25671,50970,26616,27135,26366,23061,43962,304552,28359,110634,25521,45525,39927,23472,69762,51798,59473,24875,41340,75769,33502,61003,27508,48490,168965,44959,44640,35218,34798,34054,35040,45796,52247,37197,43309,26429,22938,25810,30662,23736,146840,36387
,36854,40158,34847,52537,64774,42068,44838,35458,50889,50000,47454,25390,50889,25701,27599,26380,23059,43986,303758,28277,110314,25337,45460,39876,23450,69959,51157,59350,24725,41748,75108,32115,60975,27510,48458,168766,44866,44521,35220,34599,34053,34991,46144,52196,36915,43302,26451,22936,25720,31451,23736,146730,36480
,36646,40280,34831,52498,64558,42016,43769,35405,50753,49358,47269,25179,50753,25057,28251,26420,23058,44096,304301,28194,110938,25169,45575,39891,23424,69523,50525,59312,24599,42544,74780,31037,60970,27511,48595,168996,44883,44503,35215,34481,34052,34957,46720,52129,36740,43226,26469,22935,25624,32124,23736,146690,36593
,36439,40398,34801,52275,64808,42012,42911,35349,50591,48673,47056,25090,50591,24666,29206,26511,23057,44164,304152,28288,110444,25000,45510,39889,23399,69777,49995,59305,24518,43788,73949,30341,60969,27498,48499,168547,44803,44509,35211,34399,34051,34931,47377,52112,36657,43118,26359,22933,25527,32533,23741,146680,36691
,36237,40524,34770,52238,64837,41945,42156,35288,50393,47963,46893,25067,50393,24493,30341,26602,23055,44248,303237,28202,110019,24845,45457,39835,23374,69494,49367,59329,24464,47341,73469,29880,60976,27481,48505,168288,44869,44342,35207,34360,34051,34914,47907,52126,36635,42958,26204,22932,25428,32830,23747,146700,36773
,36062,40675,34756,52362,65004,41990,41739,35220,50155,47252,46675,25019,50155,24482,31632,26559,23054,44255,303115,28324,109748,24740,45531,39876,23357,69340,49041,59342,24414,55543,73011,29588,60989,27474,48483,167507,44789,44462,35205,34326,34050,34904,47753,52118,36594,42691,26099,22930,25325,33096,23740,146640,36822
,35903,40840,34749,52223,65110,42002,41494,35150,49887,46555,46520,24981,49887,24660,32769,26452,23053,44361,304080,28257,109765,24662,45537,39828,23342,69342,48583,59355,24372,63932,72470,29384,61000,27470,48422,167480,44711,44334,35203,34306,34049,34899,47009,52141,36564,42364,26002,22928,25222,33507,23731,146550,36819
,35753,41036,34741,52367,64991,41867,41345,35077,49599,45882,46120,24984,49599,24911,33226,26337,23051,44144,303499,28108,109167,24598,45382,39849,23328,69677,48265,59378,24352,64478,72234,29082,61019,27465,48381,167253,44708,44342,35203,34320,34049,34902,46018,52276,36568,42015,25907,22926,25117,34182,23739,146470,36812
,35617,41207,34736,52092,65118,42004,41271,35007,49293,45250,46071,25002,49293,25318,33143,26194,23050,44244,302802,28185,109553,24548,45488,39819,23317,69561,47914,59400,24342,59409,71724,28739,61032,27460,48496,167088,44626,44272,35201,34344,34048,34907,44976,52499,36585,41641,25807,22925,25016,34889,23750,146360,36669
,35503,41444,34735,51974,65357,42034,41185,34956,48974,44700,45952,24998,48974,26105,32250,25989,23049,44268,302092,28125,109111,24500,45563,39856,23305,69772,47507,59382,24300,53652,71712,28258,61003,27454,48402,166921,44650,44288,35187,34326,34048,34903,44272,52750,36580,41259,25713,22924,24941,35463,23748,146180,36485
,35406,41701,34736,52272,65398,42027,41119,34915,48648,44210,45814,24995,48648,27083,30977,25756,23048,44242,300705,28193,109105,24458,45546,39831,23295,69353,47382,59358,24262,48573,71121,27724,60955,27449,48298,166579,44685,44276,35169,34295,34048,34896,43923,53123,36572,40889,25613,22923,24880,35735,23742,145940,36264
,35317,41955,34735,52058,65273,41957,41030,34878,48318,43826,45565,25004,48318,28204,29586,25508,23047,44391,301098,28046,108625,24417,45576,39848,23286,69293,47019,59309,24219,45055,71034,27142,60886,27440,48255,166606,44452,44309,35150,34266,34048,34891,43914,53586,36568,40467,25453,22922,24825,35815,23737,145710,36061
,35240,42215,34733,52070,65212,41935,40949,34846,47989,43507,45445,25025,47989,29179,28179,25255,23046,44453,300950,28122,108435,24381,45687,39824,23277,69431,46649,59266,24178,43006,70617,26562,60799,27431,48333,166848,44582,44315,35130,34236,34048,34885,44069,54238,36568,40125,25273,22921,24777,35709,23732,145440,35869
,35190,42490,34742,52000,65292,41951,40938,34825,47677,43176,45423,25071,47677,29534,27325,25037,23045,44435,300739,28057,108230,24360,45504,39866,23270,69488,46401,59300,24154,42045,70507,26079,60748,27434,48270,166635,44399,44300,35114,34227,34048,34877,44056,55317,36585,39824,25121,22921,24729,35582,23726,145150,35735
,35153,42771,34754,52159,65480,42046,40952,34811,47382,42878,45395,25135,47382,29331,26722,24842,23044,44455,301329,28055,107692,24342,45564,39876,23264,69328,46369,59353,24135,41625,70179,25659,60703,27439,48347,165932,44364,44182,35101,34225,34048,34868,43958,56607,36609,39564,24982,22921,24684,35314,23721,144760,35631
,35128,43106,34755,52079,65282,41952,40984,34803,47083,42619,45136,25218,47083,28398,26318,24656,23044,44540,299891,28121,108247,24332,45654,39903,23260,69349,46210,59464,24121,41359,70179,25338,60556,27446,48353,166046,44344,44385,35087,34226,34049,34859,43742,58382,36632,39280,24830,22921,24644,34933,23716,144410,35541
,35108,43451,34752,52032,65282,41888,41021,34798,46801,42392,45214,25318,46801,27156,26065,24490,23043,44630,299468,28095,108419,24317,45602,39879,23256,69406,46048,59584,24107,41128,69689,25086,60380,27451,48293,165527,44297,44259,35075,34229,34049,34849,43439,60129,36656,39011,24687,22920,24609,34360,23711,144080,35469
,35074,43741,34743,52017,65256,41987,41011,34791,46583,42186,45116,25424,46583,26097,25816,24380,23042,44524,298786,28053,108347,24255,45677,39816,23250,69430,45858,59512,24080,40913,69876,24871,60315,27441,48254,165828,44333,44277,35071,34222,34048,34840,43098,61701,36676,38796,24606,22918,24579,33151,23707,143790,35408
,35037,44004,34730,51975,65284,42041,40985,34785,46398,42005,44983,25546,46398,25219,25621,24301,23041,44580,298822,28042,108260,24172,45620,39815,23244,69491,45882,59389,24050,40790,69510,24699,60235,27423,48403,165371,44310,44298,35072,34213,34047,34830,42696,62777,36691,38613,24553,22915,24555,31671,23705,143540,35360
,34996,44264,34717,51842,65418,41974,40958,34780,46214,41844,44949,25681,46214,24706,25502,24227,23040,44698,298886,28041,107788,24085,45722,39820,23237,69367,45791,59352,24019,40742,69488,24573,60196,27406,48401,165131,44193,44386,35075,34204,34046,34821,42218,62550,36711,38442,24517,22912,24534,30080,23702,143600,35323
,34955,44503,34703,51850,65376,42052,40929,34776,46044,41695,44958,25837,46044,24418,25434,24168,23039,44691,300457,28020,107802,23991,45677,39861,23231,69468,45665,59372,23988,40659,69402,24482,60196,27387,48335,165030,44230,44260,35080,34195,34045,34812,41626,61626,36725,38288,24495,22908,24518,28555,23700,143760,35295
,34919,44693,34683,51803,65480,41943,40915,34778,45888,41599,44893,26038,45888,24340,25380,24129,23038,44612,300023,28027,108008,23900,45675,39835,23227,69237,45629,59385,23961,40699,69403,24410,60016,27361,48267,164876,44102,44154,35082,34188,34044,34801,41094,59847,36703,38166,24468,22904,24502,27546,23698,143700,35273
,34888,44849,34664,51899,65496,42017,40907,34781,45745,41458,44729,26271,45745,24393,25345,24102,23037,44729,298514,28027,106933,23811,45650,39805,23224,69031,45477,59492,23936,40591,69571,24355,60068,27333,48334,164453,44031,44245,35085,34183,34042,34789,40588,57742,36666,38060,24446,22901,24489,26799,23696,143610,35257
,34857,44976,34648,51890,65508,42029,40899,34787,45614,41365,44691,26509,45614,24492,25350,24089,23036,44858,298434,28007,107041,23719,45720,39819,23222,68949,45448,59752,23911,40567,69133,24331,59991,27300,48332,164243,44059,44241,35088,34178,34041,34777,40110,55976,36623,37953,24433,22896,24479,26208,23694,143560,35249
,34830,45072,34635,51870,65651,41992,40893,34793,45495,41282,44777,26771,45495,24625,25367,24082,23035,44757,298105,28003,107533,23630,45671,39834,23221,69069,45496,60139,23888,40557,69471,24319,59936,27268,48446,164187,44025,44207,35092,34174,34040,34765,39685,54441,36575,37851,24428,22892,24471,25768,23692,143540,35243
,34814,45155,34631,51822,65883,42010,40887,34792,45395,41207,44738,27069,45395,24664,25334,24056,23034,44930,297355,27985,107512,23556,45804,39846,23214,69181,45344,60963,23870,40499,69516,24284,59972,27262,48182,164269,43981,44258,35097,34173,34039,34760,39417,53651,36545,37738,24445,22891,24468,25419,23690,143700,35225
,34806,45216,34630,51798,65758,41959,40883,34788,45308,41143,44527,27379,45308,24665,25285,24026,23033,44880,297744,27974,107562,23489,45621,39869,23207,69016,45372,61853,23855,40440,69398,24247,60035,27265,48367,163952,43952,44342,35103,34174,34039,34757,39234,53232,36529,37620,24474,22890,24470,25157,23687,143940,35202
,34802,45218,34637,51895,65570,41962,40879,34782,45228,41081,44627,27767,45228,24689,25239,23998,23032,44895,297325,28029,107038,23426,45800,39818,23197,68767,45251,62784,23842,40571,69742,24212,60125,27273,48203,163698,43953,44157,35102,34175,34038,34753,39104,53013,36467,37535,24507,22889,24471,24963,23685,144190,35181
,34803,45194,34648,51786,66081,41986,40875,34775,45157,41026,44567,28161,45157,24697,25192,23972,23031,44944,297395,27912,107148,23368,45736,39786,23188,68643,45204,63535,23829,40510,69756,24180,60213,27284,48380,163884,43883,44189,35102,34177,34038,34750,39023,53007,36459,37422,24547,22889,24475,24825,23683,144460,35161
,34807,45158,34644,51823,65623,42008,40875,34776,45101,41000,44696,28414,45101,24626,25156,23957,23030,45088,297358,27913,106983,23323,45684,39789,23188,68716,45274,63420,23819,40426,69741,24173,60188,27282,48439,163128,43847,44123,35114,34181,34038,34753,38950,53021,36445,37336,24592,22889,24482,24709,23680,144780,35144
,34815,45104,34639,51722,65919,42008,40875,34779,45052,40984,44544,28602,45052,24520,25124,23947,23029,45083,297173,27857,106734,23284,45667,39814,23192,68940,45266,62895,23809,40509,70347,24173,60121,27276,48281,162622,43934,44202,35126,34184,34038,34757,38899,53110,36438,37260,24639,22890,24490,24619,23678,145100,35131
,34827,45020,34644,51857,66048,42081,40877,34772,45013,40963,44464,28790,45013,24396,25094,23939,23029,45049,297249,28000,106546,23251,45807,39772,23196,69099,45152,61815,23801,40452,70379,24181,60038,27270,48374,162845,44031,44240,35145,34189,34038,34764,38885,53307,36434,37187,24690,22891,24501,24575,23676,145460,35121
,34841,44913,34657,51807,66010,41966,40878,34763,44977,40940,44433,28943,44977,24262,25063,23932,23029,45095,296123,27908,106494,23223,45639,39877,23202,69047,45238,60522,23794,40435,70592,24189,59945,27263,48242,162610,43947,44077,35160,34194,34038,34771,38894,53566,36427,37125,24740,22892,24511,24550,23674,145790,35113
,34857,44788,34672,51896,66094,41960,40874,34765,44924,40902,44452,29024,44924,24160,25027,23934,23027,45116,295952,27951,106890,23196,45781,39821,23202,69127,45162,59617,23782,40460,70623,24171,59890,27259,48328,162544,44011,44099,35135,34194,34038,34759,38909,53792,36399,37097,24772,22891,24507,24492,23673,145890,35106
,34873,44640,34697,51781,66280,42022,40867,34771,44867,40858,44432,29070,44867,24068,24988,23940,23026,45140,295704,27954,106691,23171,45776,39800,23200,68719,45201,58874,23769,40491,71210,24142,59846,27257,48359,162908,43934,44096,35095,34192,34039,34740,38936,54037,36359,37087,24794,22889,24498,24429,23673,145890,35102
,34898,44484,34739,51607,66437,42051,40859,34776,44810,40813,44437,29051,44810,23975,24949,23937,23027,45319,295933,27933,106626,23149,45813,39852,23199,68682,45129,58358,23756,40446,71561,24113,59802,27254,48293,162879,43814,44177,35049,34189,34041,34721,38983,54304,36305,37099,24811,22887,24487,24375,23672,145830,35087
,34927,44310,34799,51557,66401,42038,40851,34783,44754,40766,44399,29006,44754,23886,24910,23933,23027,45245,295126,27894,106650,23130,45735,39800,23197,68967,44989,57997,23743,40432,71510,24081,59759,27252,48456,162586,43888,44238,35002,34186,34042,34700,39043,54593,36247,37126,24822,22885,24473,24327,23672,145740,35073
,34941,44076,34889,51692,66590,42012,40844,34788,44705,40724,44514,29056,44705,23798,24875,23942,23027,45188,295449,27934,106257,23115,45866,39879,23193,68905,45055,57786,23730,40519,72447,24053,59706,27248,48254,162080,43923,44226,34969,34183,34043,34687,39111,54970,36166,37129,24832,22884,24461,24292,23672,145690,35080
,34956,43816,35008,51621,66539,42004,40838,34794,44659,40685,44400,29112,44659,23713,24842,23955,23027,45432,295696,27833,106590,23102,45891,39843,23189,69050,45039,57667,23718,40538,72652,24026,59645,27243,48345,161905,43823,44234,34942,34181,34045,34678,39190,55354,36109,37135,24838,22883,24448,24263,23672,145640,35094
,34972,43549,35129,51737,66731,42111,40831,34799,44615,40645,44363,29164,44615,23632,24810,23971,23027,45515,294405,27880,106300,23092,45805,39868,23182,68721,44954,57575,23706,40459,73007,23998,59599,27239,48273,162259,43762,44171,34921,34177,34047,34673,39278,55757,36040,37170,24840,22882,24434,24240,23672,145580,35115
,34993,43276,35278,51459,66804,41977,40825,34805,44573,40607,44371,29177,44573,23556,24780,23990,23027,45392,295643,27943,106443,23084,45827,39873,23174,69168,45064,57517,23694,40584,73604,23971,59556,27234,48344,161519,43889,44297,34906,34174,34049,34672,39374,56135,35984,37223,24836,22881,24419,24221,23672,145510,35138
,35049,43020,35515,51728,66551,41945,40818,34810,44531,40577,44378,29046,44531,23495,24747,24008,23027,45466,296119,27910,106133,23073,45914,39818,23178,69278,44981,57364,23685,40426,73843,23956,59452,27232,48324,162060,43908,44184,34893,34172,34050,34670,39490,56255,35992,37292,24817,22882,24406,24199,23672,145370,35138
,35125,42767,35795,51652,66729,41981,40811,34816,44490,40551,44369,28787,44490,23443,24715,24029,23027,45444,295708,27891,106328,23063,45774,39846,23170,69139,44947,57266,23676,40447,74592,23945,59329,27232,48331,161284,43786,44052,34887,34170,34051,34673,39616,56310,36027,37378,24788,22883,24393,24178,23673,145200,35131
,35185,42521,36115,51665,66820,42004,40805,34822,44451,40528,44360,28532,44451,23397,24686,24051,23027,45515,294997,27834,106268,23054,45946,39787,23170,68815,44826,57136,23668,40472,75057,23937,59276,27231,48246,161402,43819,44103,34893,34169,34052,34683,39748,56377,36068,37492,24756,22886,24380,24158,23673,145030,35133
,35249,42275,36472,51690,67011,42054,40800,34828,44414,40508,44295,28238,44414,23358,24659,24076,23027,45690,295117,27916,106379,23045,45982,39840,23169,68757,44833,57031,23660,40453,75893,23931,59239,27231,48573,161468,43789,44190,34912,34168,34053,34700,39884,56497,36116,37620,24720,22888,24367,24139,23674,144870,35143
,35375,42010,36750,51618,67059,42083,40793,34833,44380,40488,44272,27893,44380,23322,24629,24110,23027,45566,294262,27891,106409,23039,45966,39830,23167,68519,44938,57039,23653,40430,76514,23926,59148,27231,48514,161788,43788,44106,34945,34166,34054,34731,40019,56844,36152,37753,24678,22887,24353,24127,23674,144740,35146
,35512,41743,36944,51656,66981,42051,40786,34838,44349,40469,44305,27528,44349,23290,24602,24149,23027,45735,293923,27889,106303,23033,45938,39921,23164,68700,44931,57093,23646,40491,77213,23922,59051,27230,48402,161230,43758,44232,34995,34165,34055,34776,40153,57360,36191,37884,24635,22885,24339,24117,23675,144630,35155
,35650,41481,36891,51550,67071,42074,40779,34843,44320,40452,44318,27133,44320,23263,24574,24189,23028,45717,294481,27798,106637,23029,45965,39835,23162,68725,44973,57209,23640,40545,78062,23920,58954,27231,48324,161052,43862,44114,35061,34165,34056,34816,40286,57964,36217,38025,24587,22882,24325,24110,23676,144530,35220
,35767,41229,36705,51487,67216,42038,40773,34848,44293,40436,44299,26740,44293,23241,24551,24232,23028,45626,294118,27683,106391,23025,45965,39774,23160,68839,44880,57345,23633,40455,78829,23918,58868,27232,48412,161133,43832,44118,35150,34164,34057,34863,40416,58717,36248,38159,24539,22879,24312,24104,23676,144470,35318
,35794,41000,36365,51553,67394,42112,40776,34857,44268,40422,44335,26448,44268,23222,24546,24278,23028,45854,293359,27852,106580,23021,46035,39859,23160,68824,44944,57363,23626,40379,79579,23914,58852,27228,48462,160606,43765,44200,35264,34164,34058,34966,40541,59779,36331,38225,24501,22879,24301,24092,23677,144470,35357
,35768,40788,35961,51507,67367,42073,40782,34868,44245,40408,44409,26201,44245,23207,24550,24326,23029,45946,294006,27912,106359,23018,46092,39815,23160,68621,44965,57368,23619,40425,80689,23909,58867,27223,48495,160557,43831,44299,35402,34163,34061,35086,40659,61021,36426,38257,24468,22879,24292,24079,23678,144510,35418
,35667,40610,35586,51513,67427,42146,40790,34880,44223,40396,44321,25971,44223,23197,24559,24383,23029,45901,293933,27779,106420,23014,45999,39826,23160,68548,44884,57354,23612,40544,81260,23904,58899,27221,48424,161274,43877,44173,35598,34164,34060,35182,40768,62405,36528,38296,24436,22880,24283,24066,23678,144690,35581
,35529,40452,35237,51417,67718,42194,40800,34891,44202,40384,44405,25764,44202,23190,24573,24444,23030,45966,293308,27862,106442,23012,46161,39877,23160,68516,44841,57370,23605,40504,82359,23900,58942,27220,48518,161128,43841,44232,35804,34164,34059,35289,40868,63866,36621,38321,24406,22881,24275,24053,23679,144920,35845
,35383,40296,35035,51516,67825,42048,40809,34902,44184,40371,44350,25571,44184,23183,24588,24499,23030,45975,293106,27819,106347,23010,46056,39847,23162,68437,44868,57576,23598,40485,83647,23896,58968,27217,48609,160963,43795,44223,36026,34164,34067,35326,40958,65365,36654,38294,24374,22881,24268,24041,23679,145000,36180
,35237,40146,34904,51501,67424,42152,40819,34911,44166,40358,44350,25397,44166,23178,24606,24558,23031,45923,294288,27856,105863,23008,46122,39903,23163,68556,44827,57859,23592,40457,84897,23892,58993,27214,48571,160210,43779,44233,36216,34164,34077,35361,41035,66762,36655,38246,24343,22881,24262,24029,23680,145040,36638
,35119,40014,34803,51568,67669,42061,40830,34922,44151,40345,44352,25244,44151,23174,24627,24615,23032,46050,293767,27868,106532,23006,46070,39904,23165,69106,44886,58240,23586,40485,85920,23888,59022,27211,48525,160564,43790,44250,36286,34164,34071,35629,41115,68200,36630,38185,24313,22882,24256,24018,23681,145070,37345
,35022,39887,34737,51395,67850,42136,40841,34939,44136,40333,44420,25111,44136,23175,24651,24680,23032,46142,294124,27798,106074,23005,45944,39835,23166,69120,44741,58677,23580,40473,86994,23885,59054,27208,48391,160587,43889,44148,36277,34165,34062,35926,41180,69332,36587,38123,24285,22882,24251,24008,23681,145100,38204
,34965,39747,34684,51461,67977,42200,40849,34925,44119,40324,44478,25001,44119,23188,24674,24784,23033,46136,293651,27889,106920,23005,46191,39869,23165,68921,44826,58909,23574,40406,88118,23885,59090,27202,48599,159927,43766,44237,36138,34168,34066,36222,41191,69813,36537,38105,24257,22882,24244,24001,23681,145100,39289
,34928,39597,34647,51554,67699,42080,40856,34949,44103,40316,44415,24911,44103,23208,24697,24906,23033,46249,293445,27760,106683,23006,46080,39863,23163,68883,44746,59103,23568,40507,89294,23886,59127,27197,48589,160740,43733,44263,35934,34173,34072,36186,41168,69322,36483,38108,24230,22882,24236,23996,23680,145100,40590
,34914,39450,34634,51461,67739,42058,40864,34950,44085,40308,44307,24837,44085,23229,24723,25040,23034,46297,294537,27796,106637,23006,46142,39863,23161,68646,44678,59551,23562,40425,90596,23887,59173,27190,48626,160160,43903,44231,35676,34175,34080,35842,41128,68575,36417,38113,24206,22882,24228,23990,23679,145080,41532
,34909,39303,34634,51321,68016,42091,40879,34950,44068,40301,44449,24782,44068,23252,24749,25181,23034,46310,292930,27842,106443,23007,46233,39862,23158,68738,44697,60118,23557,40450,92018,23888,59219,27184,48554,159680,43826,44315,35402,34179,34086,35350,41059,67648,36349,38129,24183,22882,24221,23986,23678,145070,42092
,34869,39186,34633,51334,67800,42108,40861,34953,44055,40295,44333,24747,44055,23279,24777,25305,23035,46563,292888,27771,106916,23008,46361,39878,23155,68589,44840,60472,23552,40492,93155,23891,59244,27177,48661,159770,43854,44179,35217,34190,34081,35056,40969,66946,36309,38172,24159,22882,24215,23985,23678,145070,41578
,34821,39083,34633,51245,67910,42075,40892,34955,44043,40288,44288,24728,44043,23306,24805,25427,23035,46553,292783,27824,106845,23009,46154,39905,23152,68655,44694,60967,23547,40503,94362,23894,59266,27171,48615,159659,43852,44214,35071,34201,34072,34825,40862,66628,36278,38229,24137,22882,24209,23985,23678,145080,40532
,34774,38948,34648,51461,68014,42109,40897,34955,44035,40283,44308,24731,44035,23337,24834,25550,23035,46517,291956,27830,106666,23010,46308,39850,23147,68559,44760,61604,23542,40513,95738,23898,59268,27168,48678,159424,43873,44251,34949,34219,34060,34720,40677,66660,36251,38297,24119,22883,24203,23988,23681,145090,39175
,34730,38813,34667,51338,68213,42177,40902,34954,44026,40277,44398,24750,44026,23365,24864,25672,23036,46536,292972,27806,106572,23011,46298,39883,23143,68593,44648,62649,23538,40409,97033,23901,59271,27168,48700,159484,43833,44138,34852,34236,34048,34682,40488,67176,36226,38372,24104,22884,24199,23992,23683,145100,37707
,34704,38719,34662,51280,68250,42151,40901,34945,44009,40267,44534,24762,44009,23375,24895,25813,23036,46716,292256,27795,106485,23012,46277,39896,23144,68852,44634,64588,23535,40531,98534,23900,59338,27155,48655,159159,43844,44187,34776,34232,34046,34622,40333,68610,36189,38448,24088,22882,24199,23982,23680,145140,36784
,34687,38641,34651,51232,68093,42110,40898,34932,43991,40256,44469,24782,43991,23378,24928,25951,23036,46639,292368,27818,106935,23014,46300,39809,23148,68642,44729,67390,23532,40420,99754,23896,59418,27140,48728,158889,43931,44160,34720,34223,34046,34575,40199,70650,36147,38526,24073,22880,24202,23969,23676,145200,36102
,34676,38565,34648,51265,68020,42244,40894,34915,43967,40244,44350,24826,43967,23375,24960,26082,23036,46750,291662,27846,106690,23014,46294,39836,23149,68809,44715,70817,23531,40453,100681,23893,59519,27151,48678,159317,43945,44192,34677,34208,34048,34569,40056,73318,36110,38607,24074,22877,24205,23952,23670,145270,35748
,34668,38496,34651,51309,68197,42123,40889,34896,43944,40228,44448,24893,43944,23369,24992,26195,23037,46776,291894,27861,106546,23014,46251,39916,23151,68249,44746,74349,23530,40511,101693,23888,59612,27167,48702,158762,43966,44208,34646,34195,34050,34583,39928,76389,36075,38687,24080,22873,24210,23935,23664,145360,35590
,34656,38433,34655,51339,68402,42175,40881,34881,43945,40224,44466,24965,43945,23367,25023,26243,23035,46880,291041,27903,106519,23015,46280,39842,23152,68143,44716,77853,23526,40434,102457,23880,59606,27164,48688,158825,43920,44257,34637,34206,34051,34587,39856,79646,36035,38772,24082,22873,24219,23935,23671,145510,35404
,34646,38374,34669,51262,68231,42215,40873,34868,43953,40205,44353,25059,43953,23364,25053,26248,23031,46956,290966,27877,106431,23017,46374,39825,23154,68249,44786,80719,23521,40426,103411,23872,59563,27156,48817,158496,43888,44173,34638,34227,34051,34592,39816,82980,35997,38857,24083,22874,24229,23940,23681,145710,35265
,34637,38322,34707,51221,68424,42227,40863,34837,43967,40190,44395,25203,43967,23359,25080,26235,23031,47091,291173,27805,106234,23018,46329,39833,23154,68350,44588,81813,23514,40434,104323,23859,59500,27146,48646,158635,43807,44196,34640,34250,34052,34613,39796,86328,35973,38932,24089,22876,24241,23948,23690,145890,35226
,34631,38272,34764,51267,68209,42242,40853,34829,43980,40180,44526,25389,43980,23352,25106,26192,23031,46977,292144,27795,106252,23019,46300,39871,23153,68319,44663,81450,23507,40471,105384,23846,59428,27137,48899,159050,43881,44187,34643,34274,34052,34637,39797,89466,35955,38998,24095,22877,24254,23956,23698,146100,35234
,34634,38214,34821,51066,68569,42219,40854,34798,43969,40168,44439,25582,43969,23336,25133,26086,23031,47066,291549,27773,106253,23016,46337,39849,23155,68506,44666,79138,23513,40455,106244,23847,59405,27144,48892,157752,43923,44097,34632,34298,34052,34634,39820,92228,35935,39071,24098,22876,24265,23952,23707,146400,35197
,34641,38154,34903,51192,68584,42313,40859,34765,43949,40157,44514,25820,43949,23317,25159,25940,23032,47084,290923,27723,106871,23011,46437,39829,23157,68216,44658,75932,23522,40474,107125,23851,59397,27155,48715,157902,43937,44317,34616,34321,34051,34624,39867,94502,35917,39126,24099,22874,24275,23944,23715,146740,35156
,34650,38096,34999,51168,68529,42279,40864,34733,43926,40147,44561,26134,43926,23296,25188,25791,23034,47115,289702,27888,106755,23007,46462,39858,23162,67937,44645,72516,23535,40514,107671,23860,59389,27174,48727,157849,43898,44344,34598,34332,34050,34614,39912,95820,35907,39175,24102,22872,24285,23934,23705,147080,35143
,34661,38038,35133,51266,68522,42355,40870,34700,43900,40136,44463,26525,43900,23275,25214,25627,23035,47175,290213,27910,106698,23001,46375,39849,23166,67896,44700,69202,23548,40421,108888,23869,59382,27190,48789,157268,43929,44288,34580,34344,34049,34607,39968,96409,35902,39185,24105,22869,24294,23923,23688,147400,35138
,34674,37985,35374,51051,68638,42396,40877,34664,43879,40127,44416,27016,43879,23250,25220,25395,23036,47222,290024,27889,106408,22996,46426,39845,23156,67849,44586,67462,23544,40453,109599,23858,59353,27175,48836,157545,43953,44342,34569,34365,34048,34610,40091,96351,35892,39114,24108,22867,24306,23915,23686,147610,35127
,34687,37935,35664,50976,68648,42330,40884,34628,43858,40118,44446,27621,43858,23226,25219,25145,23035,47252,289640,27863,106051,22990,46466,39875,23142,68239,44715,66574,23534,40473,110995,23841,59316,27148,48820,157658,43854,44295,34561,34404,34047,34620,40215,95622,35883,38923,24113,22865,24317,23907,23687,147750,35115
,34702,37887,36042,51067,68700,42232,40892,34590,43836,40110,44620,28288,43836,23200,25225,24928,23035,47294,288934,27979,106175,22984,46443,39838,23125,68107,44588,66482,23522,40454,111656,23821,59277,27116,48792,157436,43858,44257,34555,34450,34046,34640,40358,94264,35889,38750,24117,22863,24329,23899,23673,147830,35109
,34717,37840,36396,51118,68740,42200,40900,34555,43814,40101,44427,29056,43814,23177,25231,24729,23034,47447,288327,28056,106379,22978,46471,39901,23108,68010,44646,66800,23509,40429,112100,23800,59237,27082,48872,156449,43902,44198,34549,34529,34045,34666,40468,92309,35903,38558,24123,22860,24340,23891,23656,147860,35105
,34725,37795,36742,51186,68742,42195,40899,34536,43788,40089,44446,30140,43788,23162,25234,24559,23031,47557,288140,27932,105829,22973,46398,39812,23103,68069,44630,67089,23506,40442,113126,23791,59207,27068,48899,156868,43939,44201,34540,34689,34044,34692,40380,89518,35916,38301,24133,22857,24348,23883,23651,147800,35088
,34731,37753,36889,51074,68770,42225,40895,34524,43760,40076,44535,31307,43760,23153,25235,24411,23027,47642,287933,27993,105743,22970,46548,39871,23102,67954,44683,67282,23508,40521,114037,23786,59180,27062,48926,156471,43959,44202,34531,34901,34044,34724,40192,86175,35935,38033,24146,22852,24354,23875,23649,147680,35068
,34734,37712,36835,51060,68801,42141,40888,34515,43732,40063,44508,32576,43732,23142,25236,24277,23024,47482,287856,27988,105994,22967,46478,39865,23102,68016,44588,66888,23508,40476,114491,23781,59148,27057,48878,155941,43904,44307,34522,35213,34044,34769,39970,82590,35959,37853,24159,22848,24359,23867,23647,147640,35052
,34736,37673,36644,51100,68775,42137,40880,34510,43705,40050,44489,33737,43705,23135,25235,24158,23020,47778,286966,28032,105938,22964,46548,39902,23104,67896,44622,65974,23509,40471,114681,23778,59116,27055,48904,155746,44123,44283,34514,35563,34044,34826,39713,78880,35992,37714,24172,22844,24363,23860,23644,147600,35037
,34740,37636,36329,51126,69069,42115,40878,34505,43676,40036,44524,34490,43676,23139,25230,24060,23014,47639,287094,28060,106054,22961,46418,39868,23104,67962,44719,64888,23511,40472,115356,23774,59097,27046,48795,155484,44018,44249,34510,35893,34044,34907,39369,75228,36057,37598,24191,22839,24367,23852,23641,147430,35010
,34744,37600,35956,51168,69102,42314,40876,34501,43647,40022,44502,34887,43647,23147,25221,23977,23009,47874,286153,27944,106605,22958,46565,39813,23103,67730,44552,63682,23513,40518,115565,23771,59080,27036,48799,155653,44134,44418,34508,36149,34044,35011,39009,71730,36142,37507,24212,22834,24370,23844,23637,147230,34981
,34748,37567,35638,51099,69003,42190,40882,34499,43617,40007,44572,34731,43617,23166,25210,23909,23003,47944,286727,28023,106329,22955,46677,39821,23102,67811,44634,62496,23518,40550,116015,23768,59073,27026,48914,155425,44150,44298,34500,36070,34044,35110,38761,68756,36211,37445,24224,22828,24373,23837,23634,147000,34965
,34750,37535,35351,51104,69225,42206,40888,34499,43588,39994,44514,34191,43588,23185,25197,23852,22998,47916,286614,28058,106110,22952,46596,39840,23102,67963,44476,61397,23520,40557,116449,23766,59064,27016,48830,155170,44113,44318,34491,35826,34044,35223,38566,66148,36285,37404,24234,22823,24375,23829,23631,146790,34956
,34743,37506,35168,51026,69559,42199,40872,34495,43566,39987,44496,33124,43566,23177,25181,23789,22996,47912,286111,28024,105847,22951,46575,39839,23100,67786,44683,60722,23507,40556,116158,23762,59008,27011,48771,154419,44188,44386,34487,35440,34043,35414,38410,63957,36413,37365,24257,22821,24378,23823,23628,146760,34952
,34732,37480,35042,51029,69370,42217,40852,34491,43548,39983,44593,31811,43548,23163,25162,23730,22996,48041,285930,28082,105734,22950,46666,39885,23098,68219,44682,60284,23486,40554,117142,23758,58937,27006,48777,154849,44181,44496,34486,35005,34042,35630,38290,62117,36544,37335,24283,22819,24382,23818,23625,146820,34953
,34720,37456,34946,50882,69549,42277,40838,34487,43532,39980,44555,30470,43532,23148,25141,23676,22997,48085,284456,28102,105936,22950,46528,39851,23096,67871,44616,60075,23466,40602,117122,23755,58857,27003,48928,154568,44292,44324,34483,34793,34041,35838,38208,60557,36709,37316,24308,22821,24385,23813,23623,146890,34958
,34706,37434,34880,50859,69538,42290,40831,34483,43517,39978,44586,29144,43517,23138,25117,23629,22999,48306,285035,28178,105940,22950,46660,39863,23094,67988,44739,60081,23445,40641,118123,23751,58780,27000,48970,154095,44076,44345,34481,34671,34040,36033,38153,59276,36858,37305,24333,22825,24387,23809,23621,146990,34965
,34692,37411,34825,51029,69562,42249,40843,34481,43499,39977,44474,28184,43499,23153,25089,23595,23000,48188,284557,28268,105792,22950,46748,39942,23091,68007,44617,60017,23426,40568,118327,23746,58741,26996,48992,153832,44266,44500,34480,34607,34039,36189,38104,58291,36844,37299,24360,22818,24389,23805,23618,147100,34972
,34676,37389,34784,,,,40875,34479,43481,39977,,27413,43481,23181,25057,23568,23002,,,,,22950,,,23089,,,60113,23410,,,23740,58718,26993,,,,,34479,34582,34038,36301,38066,57535,36770,37301,24387,22808,24391,23801,23616,147220,34980
,34660,37367,34767,,,,40897,34477,43463,39977,,26785,43463,23230,25023,23548,23004,,,,,22949,,,23083,,,60655,23393,,,23734,58715,26989,,,,,34479,34605,34037,36396,38050,56991,36660,37313,24415,22813,24393,23797,23615,147360,34989
,34644,37346,34763,,,,40932,34474,43447,39977,,26279,43447,23290,24987,23533,23007,,,,,22949,,,23077,,,61647,23379,,,23729,58726,26986,,,,,34478,34641,34035,36424,38045,56604,36538,37335,24441,22821,24394,23793,23613,147500,34998
,34630,37335,34755,,,,41048,34476,43437,39973,,25895,43437,23333,24945,23515,23007,,,,,22949,,,23081,,,62647,23384,,,23724,58702,26984,,,,,34476,34582,34035,36360,38021,56262,36509,37366,24456,22820,24393,23789,23611,147540,34997
,34618,37329,34752,,,,41195,34479,43430,39966,,25605,43430,23383,24900,23499,23007,,,,,22950,,,23087,,,64357,23397,,,23719,58680,26982,,,,,34473,34494,34034,36189,37994,55994,36516,37407,24466,22816,24391,23784,23610,147540,34992
,34607,37316,34753,,,,41330,34475,43428,39959,,25410,43428,23442,24852,23489,23007,,,,,22952,,,23081,,,66904,23413,,,23714,58689,26982,,,,,34469,34404,34033,35823,37983,55792,36516,37468,24472,22813,24389,23779,23606,147510,34986
,34597,37302,34758,,,,41454,34471,43427,39951,,25283,43427,23519,24803,23484,23007,,,,,22953,,,23072,,,71217,23432,,,23710,58729,26981,,,,,34466,34314,34033,35396,37978,55641,36526,37542,24477,22811,24386,23775,23602,147460,34979
,34585,37297,34784,,,,41587,34472,43417,39942,,25155,43417,23670,24756,23476,23007,,,,,22950,,,23071,,,76896,23458,,,23708,58780,26977,,,,,34463,34263,34032,35141,37968,55548,36565,37608,24484,22808,24383,23770,23604,147480,34972
,34574,37294,34815,,,,41700,34475,43403,39933,,25046,43403,23866,24709,23470,23007,,,,,22946,,,23071,,,85746,23488,,,23706,58864,26972,,,,,34460,34228,34031,34955,37967,55459,36612,37685,24491,22806,24380,23765,23607,147520,34965
,34563,37299,34854,,,,41722,34478,43389,39922,,24988,43389,24050,24662,23480,23007,,,,,22940,,,23069,,,99274,23509,,,23705,59064,26967,,,,,34458,34198,34030,34848,37971,55418,36665,37786,24498,22804,24375,23760,23604,147570,34957
,34553,37304,34893,,,,41697,34481,43374,39911,,24950,43374,24252,24617,23496,23006,,,,,22934,,,23068,,,118870,23526,,,23705,59340,26961,,,,,34455,34175,34029,34791,37990,55344,36716,37905,24504,22803,24369,23756,23598,147610,34949
,34547,37275,34902,,,,41649,34480,43359,39906,,24866,43359,24543,24569,23508,23007,,,,,22935,,,23066,,,146790,23560,,,23702,59573,26957,,,,,34452,34155,34029,34754,38057,55036,36731,38071,24503,22801,24366,23752,23597,147500,34944
,34542,37235,34899,,,,41594,34477,43344,39903,,24772,43344,24856,24521,23522,23007,,,,,22937,,,23065,,,180100,23590,,,23699,59888,26954,,,,,34449,34139,34029,34738,38153,54615,36725,38250,24500,22800,24362,23748,23597,147320,34941
,34539,37221,34892,,,,41470,34474,43324,39902,,24689,43324,25177,24477,23541,23008,,,,,22939,,,23062,,,213980,23594,,,23696,60307,26952,,,,,34445,34127,34029,34706,38250,54114,36719,38414,24497,22798,24355,23744,23596,147160,34938
,34536,37214,34881,,,,41344,34470,43303,39900,,24612,43303,25468,24436,23564,23009,,,,,22942,,,23060,,,242020,23576,,,23693,60935,26949,,,,,34441,34118,34029,34678,38360,53555,36699,38554,24494,22797,24345,23741,23595,146990,34935
,34534,37191,34875,,,,41386,34467,43292,39893,,24548,43292,25668,24393,23590,23009,,,,,22945,,,23059,,,256800,23535,,,23690,61826,26946,,,,,34439,34119,34030,34675,38524,53000,36638,38663,24490,22796,24338,23737,23594,146840,34934
,34532,37162,34870,,,,41478,34464,43284,39884,,24494,43284,25785,24354,23619,23010,,,,,22948,,,23058,,,255550,23482,,,23688,63016,26943,,,,,34438,34125,34030,34682,38685,52449,36556,38729,24486,22794,24330,23734,23593,146730,34934
,34531,37148,34866,,,,41577,34460,43250,39874,,24447,43250,25789,24315,23650,23011,,,,,22951,,,23060,,,237980,23412,,,23685,64860,26940,,,,,34434,34136,34031,34695,38872,51859,36469,38686,24482,22793,24322,23731,23592,146610,34934
,34531,37141,34861,,,,41664,34457,43211,39864,,24408,43211,25704,24282,23685,23012,,,,,22953,,,23062,,,210330,23339,,,23683,66925,26937,,,,,34429,34147,34032,34711,39034,51286,36376,38586,24479,22792,24313,23728,23591,146530,34934
,34532,37100,34849,,,,41649,34456,43195,39856,,24385,43195,25478,24271,23727,23012,,,,,22952,,,23055,,,179070,23302,,,23681,69584,26935,,,,,34428,34146,34030,34714,39019,50861,36280,38437,24490,22790,24306,23724,23591,146660,34932
,34534,37053,34837,,,,41581,34456,43187,39849,,24374,43187,25185,24271,23772,23013,,,,,22947,,,23047,,,148820,23279,,,23679,72087,26933,,,,,34429,34140,34028,34714,38923,50511,36186,38264,24508,22789,24300,23720,23590,146880,34929
,34537,37064,34821,,,,41432,34457,43177,39842,,24371,43177,24868,24283,23822,23013,,,,,22943,,,23044,,,122970,23257,,,23677,73643,26928,,,,,34429,34133,34025,34714,38801,50191,36100,38102,24528,22788,24293,23715,23589,147100,34928
,34540,37093,34807,,,,41246,34458,43167,39836,,24376,43167,24544,24302,23875,23014,,,,,22937,,,23043,,,101410,23240,,,23676,74422,26923,,,,,34430,34127,34022,34714,38651,49914,36023,37950,24552,22786,24286,23711,23588,147340,34926
,34543,37088,34812,,,,41076,34459,43161,39832,,24389,43161,24312,24310,23925,23015,,,,,22931,,,23042,,,85955,23224,,,23674,73356,26927,,,,,34431,34122,34019,34720,38483,49677,35970,37856,24572,22785,24279,23707,23588,147680,34920
,34547,37076,34824,,,,40916,34459,43157,39829,,24410,43157,24122,24320,23977,23016,,,,,22925,,,23041,,,75258,23212,,,23673,71403,26933,,,,,34432,34118,34016,34728,38314,49477,35929,37788,24591,22784,24272,23704,23587,148010,34914
,34550,37072,34842,,,,40783,34460,43153,39826,,24437,43153,23935,24330,24028,23016,,,,,22919,,,23042,,,68773,23199,,,23671,68880,26927,,,,,34433,34113,34014,34737,38166,49302,35898,37736,24612,22782,24266,23700,23586,148410,34908
,34554,37069,34862,,,,40673,34462,43150,39824,,24470,43150,23770,24346,24081,23017,,,,,22912,,,23043,,,65344,23188,,,23669,66104,26918,,,,,34434,34110,34012,34747,38042,49158,35875,37695,24632,22781,24261,23697,23585,148760,34905
,34558,37065,34871,,,,40604,34463,43140,39819,,24507,43140,23647,24396,24147,23018,,,,,22906,,,23041,,,63478,23184,,,23668,64078,26917,,,,,34435,34111,34010,34753,37980,49064,35852,37642,24657,22780,24247,23694,23585,148760,34915
,34562,37060,34876,,,,40561,34466,43129,39813,,24546,43129,23552,24461,24217,23019,,,,,22899,,,23039,,,62831,23184,,,23667,62395,26917,,,,,34436,34113,34008,34757,37950,48997,35833,37589,24682,22779,24230,23690,23584,148590,34933
,34565,37056,34883,,,,40535,34468,43114,39806,,24595,43114,23474,24526,24291,23020,,,,,22893,,,23037,,,62295,23168,,,23665,61034,26916,,,,,34437,34117,34005,34752,37958,48960,35817,37544,24705,22777,24222,23687,23583,148380,34951
,34568,37051,34890,,,,40523,34470,43099,39798,,24648,43099,23413,24595,24364,23021,,,,,22887,,,23034,,,62178,23149,,,23664,59967,26915,,,,,34438,34121,34003,34744,37987,48935,35805,37504,24726,22776,24216,23684,23583,148110,34973
,34572,37047,34905,,,,40513,34473,43088,39793,,24695,43088,23368,24667,24427,23022,,,,,22880,,,23032,,,61933,23143,,,23663,59236,26913,,,,,34440,34126,34004,34744,37982,48880,35804,37476,24752,22775,24204,23681,23582,147860,35007
,34576,37043,34924,,,,40508,34475,43076,39789,,24746,43076,23335,24735,24485,23023,,,,,22873,,,23030,,,62005,23140,,,23662,58740,26912,,,,,34442,34131,34006,34746,37981,48821,35807,37454,24776,22774,24191,23678,23581,147620,35045
,34579,37041,34944,,,,40515,34478,43066,39787,,24795,43066,23316,24806,24539,23025,,,,,22866,,,23028,,,62401,23136,,,23660,58413,26910,,,,,34443,34137,34009,34747,37990,48757,35813,37443,24801,22773,24178,23675,23581,147360,35081
,34580,37037,34968,,,,40525,34481,43054,39785,,24849,43054,23305,24869,24591,23026,,,,,22859,,,23027,,,63574,23133,,,23659,58225,26908,,,,,34445,34143,34013,34748,38018,48710,35821,37439,24821,22772,24164,23672,23580,147110,35117
,34581,37029,34994,,,,40517,34481,43033,39773,,24933,43033,23286,24896,24649,23028,,,,,22854,,,23025,,,65396,23128,,,23656,58036,26904,,,,,34445,34146,34014,34749,38127,48664,35820,37424,24820,22770,24150,23669,23579,146910,35152
,34579,37019,35024,,,,40504,34481,43008,39759,,25030,43008,23267,24904,24709,23030,,,,,22848,,,23023,,,68808,23122,,,23653,57907,26900,,,,,34446,34147,34014,34750,38277,48622,35815,37408,24808,22769,24136,23667,23578,146760,35181
,34579,37004,35060,,,,40489,34480,42982,39742,,25131,42982,23251,24891,24753,23032,,,,,22845,,,23022,,,73948,23116,,,23650,57868,26895,,,,,34446,34148,34014,34752,38427,48583,35811,37419,24792,22768,24121,23665,23577,146580,35216
,34578,36989,35101,,,,40475,34478,42954,39725,,25233,42954,23238,24862,24790,23034,,,,,22843,,,23021,,,81927,23111,,,23646,57891,26889,,,,,34447,34148,34014,34756,38589,48547,35806,37440,24770,22766,24105,23663,23576,146440,35244
,34567,36985,35134,,,,40474,34477,42931,39719,,25326,42931,23229,24850,24844,23037,,,,,22839,,,23019,,,95243,23106,,,23642,57984,26884,,,,,34445,34148,34016,34759,38786,48512,35796,37452,24746,22765,24090,23661,23575,146490,35229
,34554,36984,35170,,,,40477,34475,42910,39718,,25414,42910,23223,24833,24890,23040,,,,,22836,,,23018,,,112400,23102,,,23639,58133,26878,,,,,34444,34148,34018,34763,38985,48479,35785,37463,24720,22763,24074,23659,23573,146620,35196
,34537,36975,35209,,,,40482,34472,42889,39719,,25495,42889,23220,24761,24937,23043,,,,,22833,,,23016,,,133570,23098,,,23634,58264,26872,,,,,34442,34146,34021,34767,39192,48448,35783,37478,24689,22762,24059,23657,23572,146800,35154
,34522,36963,35254,,,,40487,34470,42868,39720,,25569,42868,23217,24669,24966,23046,,,,,22830,,,23015,,,155860,23095,,,23630,58414,26865,,,,,34440,34145,34024,34774,39378,48419,35784,37492,24656,22761,24043,23656,23570,147000,35108
,34519,36949,35325,,,,40488,34468,42847,39714,,25642,42847,23208,24592,24912,23048,,,,,22827,,,23013,,,174080,23093,,,23626,58677,26859,,,,,34442,34148,34025,34789,39474,48385,35783,37489,24629,22759,24026,23654,23569,147060,35078
,34523,36933,35412,,,,40486,34467,42827,39705,,25707,42827,23196,24515,24816,23050,,,,,22824,,,23013,,,183210,23093,,,23623,58941,26854,,,,,34445,34151,34027,34808,39505,48352,35782,37478,24603,22758,24010,23652,23569,147070,35054
,34527,36916,35492,,,,40487,34465,42806,39696,,25765,42806,23184,24429,24714,23053,,,,,22821,,,23011,,,179240,23089,,,23619,59250,26848,,,,,34448,34155,34029,34829,39502,48315,35782,37467,24576,22756,23993,23651,23568,147050,35025
,34534,36897,35580,,,,40487,34463,42786,39686,,25809,42786,23173,24340,24593,23055,,,,,22819,,,23010,,,163200,23084,,,23615,59508,26842,,,,,34451,34158,34032,34852,39445,48278,35784,37453,24548,22754,23976,23650,23567,147020,34996
,34538,36878,35705,,,,40480,34463,42767,39678,,25819,42767,23162,24248,24438,23057,,,,,22816,,,23010,,,138420,23093,,,23612,59395,26836,,,,,34454,34163,34036,34879,39258,48256,35784,37424,24519,22753,23960,23649,23567,147030,34986
,34542,36859,35838,,,,40471,34462,42748,39670,,25805,42748,23153,24158,24271,23060,,,,,22814,,,23009,,,112920,23105,,,23608,59109,26830,,,,,34457,34168,34041,34907,39015,48236,35782,37388,24488,22751,23943,23647,23566,147040,34981
,34549,36839,35981,,,,40460,34463,42730,39662,,25786,42730,23142,24064,24100,23062,,,,,22812,,,23009,,,93491,23101,,,23605,58792,26824,,,,,34462,34173,34050,34937,38729,48224,35791,37362,24458,22750,23927,23646,23565,147070,34968
,34556,36819,36119,,,,40450,34464,42711,39654,,25753,42711,23134,23974,23934,23064,,,,,22809,,,23008,,,80928,23093,,,23601,58410,26818,,,,,34466,34177,34061,34969,38436,48211,35801,37339,24426,22748,23911,23645,23564,147070,34953
,34559,36803,36194,,,,40452,34459,42691,39647,,25678,42691,23132,23909,23810,23068,,,,,22807,,,23006,,,75147,23092,,,23596,57954,26810,,,,,34460,34174,34066,34997,38237,48170,35791,37297,24388,22747,23896,23644,23562,146920,34941
,34562,36789,36240,,,,40459,34453,42669,39639,,25585,42669,23134,23855,23708,23072,,,,,22804,,,23003,,,74361,23093,,,23591,57470,26802,,,,,34451,34168,34071,35025,38083,48120,35773,37257,24348,22745,23883,23643,23560,146720,34928
,34558,36775,36274,,,,40468,34445,42647,39631,,25483,42647,23138,23806,23613,23076,,,,,22801,,,23001,,,77019,23092,,,23586,56987,26793,,,,,34440,34163,34075,35055,37973,48071,35756,37249,24306,22744,23870,23642,23556,146500,34915
,34556,36762,36302,,,,40479,34437,42625,39623,,25379,42625,23144,23764,23529,23081,,,,,22799,,,22998,,,81852,23090,,,23580,56521,26784,,,,,34429,34157,34081,35087,37894,48023,35737,37259,24263,22743,23859,23642,23552,146280,34903
,34573,36749,36305,,,,40485,34437,42603,39615,,25293,42603,23148,23722,23458,23085,,,,,22795,,,22995,,,88361,23089,,,23575,56157,26775,,,,,34422,34144,34115,35116,37818,47994,35718,37284,24222,22741,23846,23641,23549,146140,34892
,34593,36736,36327,,,,40491,34439,42582,39608,,25218,42582,23153,23682,23397,23089,,,,,22792,,,22991,,,94440,23087,,,23569,55857,26766,,,,,34417,34129,34161,35147,37754,47977,35702,37323,24181,22740,23834,23640,23546,146060,34882
,34625,36723,36365,,,,40494,34443,42560,39600,,25169,42560,23154,23648,23347,23093,,,,,22789,,,22988,,,97858,23086,,,23563,55559,26756,,,,,34412,34121,34197,35179,37714,47955,35671,37367,24140,22738,23822,23638,23549,145950,34873
,34655,36710,36457,,,,40497,34447,42539,39593,,25134,42539,23155,23616,23304,23098,,,,,22786,,,22984,,,97272,23084,,,23557,55304,26746,,,,,34407,34116,34233,35215,37687,47937,35654,37419,24101,22737,23811,23637,23554,145870,34864
,34639,36698,36702,,,,40502,34446,42518,39585,,25088,42518,23165,23586,23263,23102,,,,,22785,,,22983,,,92084,23082,,,23553,55178,26739,,,,,34407,34111,34289,35256,37666,47967,35655,37486,24059,22736,23802,23637,23538,145950,34858
,34608,36685,37057,,,,40506,34442,42496,39577,,25048,42496,23176,23558,23226,23107,,,,,22784,,,22982,,,83937,23079,,,23549,55112,26733,,,,,34409,34108,34340,35301,37653,48015,35667,37559,24019,22734,23796,23636,23516,146100,34853
,34577,36673,37482,,,,40511,34439,42477,39569,,25024,42477,23189,23533,23193,23111,,,,,22784,,,22982,,,74778,23078,,,23546,55088,26725,,,,,34409,34106,34399,35366,37639,48027,35670,37644,23979,22733,23789,23636,23520,146250,34848
,34551,36661,38009,,,,40513,34436,42457,39561,,25018,42457,23198,23510,23165,23115,,,,,22784,,,22982,,,66611,23077,,,23542,55086,26718,,,,,34410,34106,34445,35440,37629,48036,35675,37732,23942,22732,23783,23636,23531,146400,34845
,34541,36649,38655,,,,40501,34432,42436,39553,,25029,42436,23183,23490,23145,23119,,,,,22784,,,22982,,,61683,23073,,,23539,55021,26713,,,,,34414,34106,34406,35486,37649,48078,35684,37803,23906,22730,23778,23634,23526,146520,34842
,34543,36637,39389,,,,40483,34429,42415,39545,,25060,42415,23158,23473,23129,23124,,,,,22784,,,22982,,,58798,23069,,,23536,54936,26706,,,,,34417,34105,34335,35534,37675,48127,35697,37864,23873,22729,23772,23633,23517,146590,34840
,34589,36626,40350,,,,40462,34426,42389,39538,,25123,42389,23128,23458,23119,23128,,,,,22785,,,22983,,,57208,23063,,,23533,54860,26709,,,,,34422,34106,34244,35618,37687,48187,35709,37927,23842,22727,23768,23631,23510,146680,34839
,34663,36614,41331,,,,40438,34422,42362,39530,,25212,42362,23095,23445,23110,23131,,,,,22785,,,22983,,,56620,23057,,,23530,54781,26714,,,,,34426,34107,34147,35732,37692,48246,35723,37982,23813,22725,23763,23629,23505,146730,34838
,34686,36601,42306,,,,40420,34422,42356,39523,,25317,42356,23064,23435,23097,23133,,,,,22783,,,22982,,,56004,23060,,,23527,54688,26689,,,,,34426,34106,34105,35861,37673,48253,35741,38008,23794,22724,23756,23627,23504,146580,34836
,34725,36586,43105,,,,40403,34423,42356,39516,,25455,42356,23032,23428,23084,23134,,,,,22780,,,22980,,,55626,23065,,,23523,54588,26657,,,,,34424,34105,34084,36034,37645,48243,35760,38019,23780,22722,23749,23626,23505,146340,34833
,34843,36572,43460,,,,40383,34425,42337,39509,,25614,42337,23000,23423,23070,23135,,,,,22777,,,22977,,,55238,23073,,,23520,54482,26661,,,,,34421,34103,34062,36247,37627,48247,35792,38022,23763,22719,23740,23622,23507,146080,34831
,35040,36558,43514,,,,40361,34428,42312,39502,,25807,42312,22967,23420,23057,23135,,,,,22773,,,22975,,,54917,23081,,,23517,54373,26674,,,,,34418,34102,34047,36525,37612,48260,35829,38016,23746,22717,23731,23618,23510,145800,34829
,35288,36543,43282,,,,40347,34427,42297,39496,,26110,42297,22938,23418,23050,23135,,,,,22769,,,22972,,,54629,23081,,,23513,54270,26665,,,,,34415,34100,34040,36940,37594,48277,35833,38009,23749,22715,23725,23619,23513,145490,34827
,35657,36527,43007,,,,40334,34425,42285,39489,,26481,42285,22910,23418,23044,23134,,,,,22766,,,22969,,,54394,23078,,,23510,54167,26651,,,,,34412,34099,34037,37456,37576,48313,35831,38001,23759,22713,23719,23619,23516,145180,34825
,36174,36512,42960,,,,40306,34423,42271,39483,,26815,42271,22883,23420,23039,23133,,,,,22762,,,22966,,,54180,23074,,,23507,54071,26641,,,,,34409,34098,34040,38047,37563,48380,35864,37986,23749,22713,23715,23622,23520,144870,34823
,36920,36497,43195,,,,40275,34420,42258,39480,,27174,42258,22858,23423,23035,23132,,,,,22758,,,22963,,,54014,23070,,,23504,53974,26632,,,,,34406,34097,34046,38704,37551,48484,35916,37970,23733,22712,23711,23624,23523,144600,34821
,37858,36481,43824,,,,40258,34420,42239,39464,,27690,42239,22841,23427,23024,23131,,,,,22754,,,22961,,,53982,23067,,,23501,53854,26622,,,,,34402,34096,34040,39518,37538,48641,35946,37963,23721,22708,23699,23615,23525,144450,34822
,38709,36467,44938,,,,40245,34419,42230,39466,,28282,42230,22829,23432,23010,23129,,,,,22751,,,22958,,,54005,23065,,,23499,53729,26614,,,,,34399,34095,34030,40361,37528,48856,35999,37961,23708,22702,23685,23594,23527,144390,34823
,38391,36450,46546,,,,40231,34419,42216,39458,,28817,42216,22819,23438,22996,23128,,,,,22748,,,22956,,,54081,23061,,,23496,53609,26605,,,,,34396,34094,34022,41185,37520,49103,36110,37962,23692,22696,23669,23572,23527,144360,34824
,37619,36434,48947,,,,40218,34418,42202,39451,,29276,42202,22810,23445,22982,23126,,,,,22745,,,22953,,,54170,23058,,,23493,53496,26597,,,,,34394,34094,34014,41901,37517,49407,36293,37966,23674,22690,23653,23551,23528,144390,34825
,36608,36422,52367,,,,40204,34419,42189,39445,,29546,42189,22804,23453,22969,23124,,,,,22741,,,22951,,,54134,23059,,,23491,53403,26588,,,,,34389,34093,34007,42445,37528,49859,36537,37962,23657,22688,23647,23548,23531,144600,34827
,35837,36410,56796,,,,40190,34419,42176,39439,,29655,42176,22799,23462,22957,23122,,,,,22738,,,22948,,,54053,23062,,,23489,53323,26579,,,,,34384,34092,34001,42689,37548,50403,36865,37958,23640,22688,23646,23552,23534,144880,34830
,35445,36402,63210,,,,40177,34420,42164,39431,,29548,42164,22796,23472,22945,23119,,,,,22735,,,22946,,,53971,23066,,,23486,53249,26569,,,,,34381,34091,33999,42661,37575,50953,37407,37965,23621,22688,23645,23560,23538,145210,34833
,35279,36394,70617,,,,40165,34421,42151,39422,,29272,42151,22793,23482,22933,23116,,,,,22731,,,22943,,,53877,23070,,,23484,53226,26560,,,,,34379,34088,34000,42444,37611,51531,38032,37977,23603,22689,23643,23568,23541,145550,34836
,35168,36372,78845,,,,40153,34419,42139,39420,,28789,42139,22787,23491,22925,23113,,,,,22729,,,22940,,,53783,23068,,,23481,53108,26552,,,,,34377,34093,34000,42081,37645,52298,38767,37991,23588,22686,23643,23566,23541,145750,34835
,35142,36347,86688,,,,40143,34416,42127,39421,,28191,42127,22780,23499,22918,23110,,,,,22727,,,22938,,,53687,23065,,,23479,53257,26546,,,,,34376,34087,34000,41655,37682,53068,39456,38008,23575,22683,23645,23561,23541,145880,34832
,35175,36318,92396,,,,40133,34411,42115,39411,,27473,42115,22773,23507,22912,23106,,,,,22725,,,22935,,,53580,23060,,,23476,53299,26539,,,,,34375,34088,34003,41296,37749,53752,40015,38031,23561,22679,23630,23554,23538,146000,34829
,35262,36289,96088,,,,40124,34406,42103,39400,,26719,42103,22766,23514,22906,23102,,,,,22723,,,22933,,,53470,23055,,,23474,53349,26532,,,,,34374,34088,34006,41107,37830,54310,40361,38059,23549,22676,23609,23547,23535,146080,34826
,35315,36279,96725,,,,40115,34407,42092,39394,,26150,42092,22760,23524,22901,23098,,,,,22723,,,22930,,,53381,23051,,,23471,53328,26526,,,,,34373,34087,34010,41370,37876,54479,40215,38089,23536,22672,23612,23544,23534,146070,34821
,35395,36276,94414,,,,40107,34409,42080,39389,,25666,42080,22755,23534,22897,23094,,,,,22722,,,22927,,,53299,23047,,,23469,53278,26520,,,,,34372,34086,34015,42046,37931,54430,39613,38125,23524,22670,23622,23541,23533,146010,34817
,35548,36276,90674,,,,40098,34412,42069,39383,,25197,42069,22750,23545,22893,23090,,,,,22723,,,22925,,,53215,23040,,,23467,53217,26513,,,,,34372,34086,34022,43052,38002,54206,38864,38165,23513,22667,23611,23539,23532,145930,34812
,35791,36277,85559,,,,40091,34415,42057,39378,,24782,42057,22745,23557,22889,23086,,,,,22724,,,22922,,,53132,23031,,,23464,53143,26506,,,,,34372,34085,34031,44583,38110,53880,38006,38208,23501,22664,23596,23536,23530,145820,34807
,36061,36267,78402,,,,40084,34415,42046,39372,,24477,42046,22741,23565,22885,23080,,,,,22720,,,22920,,,53037,23029,,,23462,53067,26498,,,,,34371,34085,34036,46750,38314,53461,37380,38271,23488,22661,23591,23531,23522,145660,34808
,36480,36252,70490,,,,40078,34414,42035,39366,,24242,42035,22736,23572,22882,23073,,,,,22715,,,22917,,,52933,23029,,,23460,52986,26489,,,,,34371,34085,34043,49615,38581,53073,36867,38334,23475,22658,23590,23525,23511,145470,34812
,37117,36239,62315,,,,40072,34413,42025,39360,,24047,42025,22732,23579,22878,23066,,,,,22711,,,22914,,,52852,23013,,,23457,52902,26487,,,,,34371,34084,34044,53517,38938,52815,36417,38389,23462,22655,23587,23519,23500,145290,34815
,38073,36224,54862,,,,40067,34412,42014,39354,,23897,42014,22728,23586,22875,23059,,,,,22706,,,22912,,,52777,22993,,,23455,52814,26487,,,,,34370,34084,34047,58511,39341,52727,36141,38475,23450,22652,23583,23513,23487,145100,34819
,39332,36210,49096,,,,40062,34411,42003,39348,,23780,42003,22724,23597,22872,23051,,,,,22701,,,22909,,,52633,22980,,,23453,52709,26460,,,,,34370,34083,34070,63664,39762,53043,35934,38556,23437,22649,23579,23507,23474,144930,34825
,40555,36198,44538,,,,40057,34410,41993,39343,,23689,41993,22720,23610,22869,23043,,,,,22698,,,22906,,,52472,22970,,,23451,52600,26426,,,,,34370,34083,34098,68222,40185,53614,35804,38644,23424,22646,23576,23501,23460,144780,34830
,40775,36179,41645,,,,40053,34410,41983,39337,,23637,41983,22717,23625,22867,23035,,,,,22694,,,22904,,,52399,22957,,,23449,52488,26435,,,,,34370,34083,34129,69637,40578,54463,35766,38741,23412,22643,23572,23494,23445,144630,34837
,40119,36157,39840,,,,40049,34409,41972,39331,,23604,41972,22714,23642,22865,23027,,,,,22692,,,22901,,,52353,22945,,,23447,52381,26455,,,,,34370,34082,34156,68102,40939,55398,35777,38845,23400,22641,23568,23488,23430,144520,34844
,38801,36160,38543,,,,40043,34408,41961,39325,,23541,41961,22710,23654,22862,23021,,,,,22693,,,22899,,,52266,22937,,,23444,52303,26431,,,,,34369,34082,34167,63822,41246,56604,35718,38943,23390,22638,23564,23482,23423,144540,34845
,37340,36170,37759,,,,40037,34407,41949,39320,,23476,41949,22706,23666,22858,23015,,,,,22697,,,22896,,,52173,22932,,,23442,52243,26394,,,,,34368,34081,34171,57805,41495,57699,35651,39045,23380,22636,23559,23476,23419,144650,34844
,36559,36152,37387,,,,40031,34407,41937,39314,,23418,41937,22703,23681,22855,23010,,,,,22701,,,22894,,,52094,22925,,,23440,52181,26395,,,,,34367,34080,34142,51881,41723,58091,35635,39152,23371,22634,23554,23471,23416,144770,34840
,36087,36126,37205,,,,40024,34406,41924,39308,,23368,41924,22699,23699,22851,23005,,,,,22706,,,22892,,,52020,22920,,,23439,52129,26404,,,,,34366,34079,34102,46599,41870,58018,35637,39267,23362,22632,23550,23465,23415,144930,34836
,35936,36113,37057,,,,40019,34405,41912,39303,,23342,41912,22696,23718,22848,23001,,,,,22717,,,22889,,,51944,22915,,,23436,52109,26394,,,,,34365,34078,34096,42854,41944,57156,35629,39390,23354,22629,23545,23460,23412,145170,34839
,35980,36102,36968,,,,40013,34404,41899,39297,,23328,41899,22693,23741,22845,22996,,,,,22730,,,22887,,,51868,22910,,,23434,52100,26379,,,,,34364,34077,34099,40547,41899,55892,35623,39522,23346,22627,23540,23454,23411,145430,34845
,36089,36087,36973,,,,40009,34404,41887,39291,,23323,41887,22690,23769,22842,22991,,,,,22747,,,22884,,,51796,22906,,,23432,52104,26369,,,,,34363,34076,34095,38981,41575,54304,35627,39663,23338,22625,23535,23449,23410,145710,34854
,36252,36072,37013,,,,40007,34403,41874,39286,,23323,41874,22688,23802,22839,22987,,,,,22764,,,22880,,,51726,22903,,,23429,52110,26359,,,,,34361,34076,34091,38106,41099,52602,35636,39811,23331,22624,23530,23444,23409,145990,34863
,36296,36061,36942,,,,39996,34402,41862,39280,,23312,41862,22685,23844,22836,22982,,,,,22775,,,22880,,,51661,22898,,,23428,52086,26351,,,,,34360,34075,34093,37423,40425,51350,35648,39978,23323,22622,23525,23438,23407,146180,34858
,36308,36050,36848,,,,39984,34400,41850,39275,,23301,41850,22682,23896,22833,22977,,,,,22785,,,22880,,,51599,22892,,,23427,52051,26343,,,,,34358,34074,34095,37009,39684,50311,35670,40160,23316,22620,23521,23432,23406,146320,34848
,36334,36041,36758,,,,39982,34399,41838,39269,,23289,41838,22679,23947,22830,22972,,,,,22799,,,22877,,,51533,22887,,,23427,52006,26336,,,,,34357,34073,34091,36692,39032,49457,35691,40318,23309,22618,23517,23426,23404,146570,34839
,36358,36033,36677,,,,39982,34398,41826,39264,,23278,41826,22676,24006,22827,22967,,,,,22815,,,22872,,,51467,22882,,,23426,51956,26328,,,,,34356,34072,34085,36493,38450,48778,35711,40481,23302,22616,23513,23420,23402,146800,34832
,36378,36023,36670,,,,39976,34397,41814,39258,,23277,41814,22673,24091,22824,22962,,,,,22829,,,22870,,,51416,22877,,,23424,51931,26321,,,,,34354,34071,34073,36342,38065,48288,35720,40724,23296,22614,23509,23414,23401,146750,34835
,36402,36012,36691,,,,39969,34395,41802,39253,,23279,41802,22671,24189,22821,22957,,,,,22847,,,22868,,,51367,22872,,,23422,51908,26314,,,,,34352,34070,34059,36243,37792,47933,35722,41009,23289,22612,23505,23409,23400,146570,34845
,36425,36003,36727,,,,39963,34392,41790,39247,,23285,41790,22668,24288,22819,22952,,,,,22866,,,22866,,,51324,22867,,,23419,51890,26307,,,,,34350,34069,34042,36196,37643,47695,35725,41239,23283,22611,23502,23403,23400,146380,34856
,36456,35993,36773,,,,39957,34388,41778,39242,,23289,41778,22666,24388,22816,22947,,,,,22890,,,22864,,,51277,22863,,,23416,51864,26300,,,,,34349,34068,34025,36179,37569,47539,35725,41477,23277,22609,23498,23397,23399,146140,34873
,36522,35988,36774,,,,39953,34391,41766,39236,,23276,41766,22665,24486,22814,22943,,,,,22937,,,22862,,,51186,22858,,,23414,51783,26290,,,,,34348,34067,34019,36120,37474,47355,35703,41836,23271,22607,23493,23391,23396,145870,34906
,36607,35985,36770,,,,39950,34396,41753,39231,,23257,41753,22665,24579,22813,22938,,,,,22997,,,22859,,,51078,22854,,,23413,51679,26278,,,,,34347,34066,34017,36054,37395,47195,35674,42249,23265,22605,23488,23386,23391,145590,34947
,36699,35978,36789,,,,39947,34392,41740,39226,,23236,41740,22665,24666,22812,22933,,,,,23061,,,22857,,,50972,22850,,,23411,51570,26265,,,,,34347,34066,34016,36021,37331,47070,35639,42672,23259,22603,23483,23381,23387,145300,34995
,36777,35972,36836,,,,39944,34386,41727,39221,,23212,41727,22665,24744,22811,22929,,,,,23132,,,22854,,,50862,22846,,,23410,51455,26253,,,,,34347,34065,34016,35998,37281,46977,35602,43114,23253,22601,23477,23376,23382,145040,35049
,36933,35976,36890,,,,39942,34384,41714,39216,,23190,41714,22665,24800,22810,22924,,,,,23210,,,22852,,,50743,22842,,,23408,51336,26240,,,,,34346,34064,34015,35935,37248,46947,35582,43567,23247,22599,23472,23372,23377,144800,35101
,37065,35983,36977,,,,39939,34384,41701,39211,,23168,41701,22665,24837,22810,22920,,,,,23293,,,22850,,,50626,22839,,,23407,51216,26227,,,,,34346,34063,34015,35871,37226,46941,35568,44027,23242,22598,23467,23367,23372,144620,35153
,36985,35980,37200,,,,39937,34383,41689,39205,,23145,41689,22666,24868,22809,22916,,,,,23377,,,22847,,,50502,22835,,,23405,51112,26214,,,,,34346,34062,34016,35816,37218,46975,35555,44479,23237,22596,23462,23363,23366,144430,35225
,36798,35974,37489,,,,39934,34382,41676,39200,,23122,41676,22666,24881,22808,22911,,,,,23462,,,22845,,,50387,22832,,,23403,51022,26202,,,,,34346,34061,34017,35782,37217,47013,35545,44926,23232,22594,23457,23358,23361,144300,35299
,36508,35966,37756,,,,39932,34382,41663,39195,,23102,41663,22667,24855,22808,22907,,,,,23552,,,22843,,,50328,22828,,,23402,50913,26191,,,,,34345,34060,34017,35817,37211,46943,35531,45380,23226,22592,23452,23354,23357,144400,35357
,36170,35957,38058,,,,39931,34380,41650,39190,,23084,41650,22669,24805,22807,22903,,,,,23642,,,22840,,,50296,22825,,,23400,50813,26181,,,,,34344,34059,34016,35898,37206,46836,35516,45817,23220,22590,23448,23349,23354,144610,35401
,35796,35946,38374,,,,39929,34383,41637,39185,,23067,41637,22670,24739,22807,22898,,,,,23727,,,22838,,,50275,22822,,,23399,50802,26170,,,,,34343,34058,34015,35995,37206,46720,35505,46242,23215,22589,23444,23344,23350,144840,35438
,35427,35934,38815,,,,39927,34387,41625,39180,,23051,41625,22671,24660,22807,22894,,,,,23805,,,22836,,,50268,22819,,,23397,50826,26159,,,,,34342,34057,34014,36125,37209,46598,35500,46636,23210,22587,23440,23339,23346,145120,35459
,35215,35921,39251,,,,39926,34378,41612,39176,,23034,41612,22672,24580,22807,22890,,,,,23876,,,22833,,,50249,22816,,,23395,50822,26153,,,,,34340,34056,34016,36318,37220,46505,35470,46938,23204,22585,23435,23334,23344,145440,35438
,35073,35908,40109,,,,39924,34366,41599,39171,,23017,41599,22674,24493,22807,22886,,,,,23937,,,22831,,,50220,22813,,,23394,50817,26150,,,,,34339,34055,34019,36548,37235,46423,35481,47178,23198,22583,23430,23329,23340,145750,35393
,34949,35894,41417,,,,39923,34371,41586,39166,,23001,41586,22675,24402,22807,22881,,,,,23980,,,22829,,,50259,22810,,,23392,50835,26138,,,,,34338,34054,34023,36803,37252,46345,35471,47389,23191,22582,23424,23324,23343,146120,35341
,34856,35882,43503,,,,39922,34380,41574,39161,,22986,41574,22677,24305,22806,22877,,,,,24008,,,22827,,,50219,22807,,,23390,50857,26123,,,,,34337,34053,34026,37087,37272,46273,35464,47551,23185,22580,23418,23320,23347,146460,35280
,34782,35876,47453,,,,39919,34378,41562,39156,,22974,41562,22676,24196,22805,22874,,,,,24017,,,22824,,,50223,22804,,,23388,50853,26118,,,,,34335,34052,34030,37358,37293,46197,35454,47638,23182,22578,23418,23316,23334,146640,35211
,34728,35874,53270,,,,39915,34373,41552,39151,,22963,41552,22676,24082,22803,22870,,,,,24011,,,22822,,,50226,22802,,,23387,50841,26115,,,,,34334,34052,34035,37665,37314,46126,35443,47681,23180,22577,23419,23314,23316,146740,35140
,34693,35870,60959,,,,39912,34370,41542,39146,,22954,41542,22674,23966,22800,22866,,,,,23992,,,22820,,,50221,22799,,,23385,50819,26111,,,,,34332,34051,34037,38006,37338,46059,35433,47630,23178,22575,23422,23312,23321,146760,35073
,34673,35867,70406,,,,39908,34366,41532,39141,,22947,41532,22673,23851,22797,22863,,,,,23963,,,22818,,,50213,22797,,,23383,50795,26108,,,,,34331,34050,34038,38427,37361,46001,35423,47460,23177,22574,23425,23310,23333,146720,35010
,34664,35873,79561,,,,39904,34364,41522,39136,,22939,41522,22671,23752,22795,22860,,,,,23929,,,22816,,,50223,22794,,,23381,50794,26105,,,,,34329,34050,34047,38980,37377,45977,35412,47365,23175,22572,23423,23309,23331,146830,34964
,34661,35882,85992,,,,39900,34362,41513,39131,,22931,41513,22670,23661,22792,22858,,,,,23888,,,22814,,,50233,22792,,,23379,50795,26103,,,,,34327,34049,34056,39685,37390,45971,35401,47217,23173,22570,23420,23307,23325,146960,34927
,34673,35880,88000,,,,39891,34364,41504,39126,,22924,41504,22668,23573,22788,22857,,,,,23840,,,22812,,,50251,22790,,,23377,50801,26102,,,,,34323,34049,34061,40544,37391,45977,35390,46817,23171,22569,23417,23306,23322,146840,34886
,34689,35876,83166,,,,39881,34368,41495,39121,,22918,41495,22666,23492,22785,22855,,,,,23786,,,22810,,,50261,22788,,,23375,50799,26100,,,,,34319,34049,34062,41594,37387,45994,35381,46262,23169,22567,23413,23305,23320,146630,34848
,34679,35880,74836,,,,39886,34357,41485,39116,,22913,41485,22664,23426,22782,22850,,,,,23724,,,22808,,,50224,22786,,,23373,50742,26093,,,,,34321,34048,34059,42949,37412,46013,35379,45701,23165,22566,23409,23303,23318,146500,34825
,34662,35885,64477,,,,39895,34343,41476,39112,,22909,41476,22662,23370,22779,22845,,,,,23658,,,22806,,,50166,22783,,,23371,50659,26084,,,,,34325,34047,34052,44522,37439,46039,35380,45104,23160,22564,23406,23300,23317,146370,34811
,34642,35890,55191,,,,39884,34344,41467,39107,,22905,41467,22660,23320,22776,22838,,,,,23589,,,22804,,,50101,22781,,,23368,50577,26075,,,,,34322,34046,34048,46385,37453,46068,35382,44453,23154,22563,23402,23296,23316,146220,34798
,34623,35895,48214,,,,39868,34350,41457,39102,,22902,41457,22657,23275,22773,22831,,,,,23516,,,22802,,,50030,22779,,,23366,50487,26065,,,,,34318,34046,34044,48059,37457,46104,35386,43798,23148,22561,23399,23293,23315,146050,34789
,34613,35901,43507,,,,39864,34351,41449,39097,,22899,41449,22655,23237,22770,22828,,,,,23440,,,22800,,,49967,22777,,,23364,50385,26055,,,,,34318,34042,34024,49409,37427,46160,35392,43198,23142,22560,23394,23290,23314,145870,34788
,34607,35908,40801,,,,39862,34351,41440,39093,,22897,41440,22653,23202,22767,22828,,,,,23364,,,22798,,,49905,22775,,,23362,50284,26045,,,,,34319,34045,33999,49781,37381,46223,35398,42647,23136,22558,23389,23287,23313,145720,34790
,34602,35916,39070,,,,39859,34353,41431,39088,,22895,41431,22652,23173,22763,22828,,,,,23286,,,22796,,,49846,22773,,,23360,50173,26034,,,,,34319,34044,33993,49185,37331,46292,35406,42184,23129,22557,23384,23283,23313,145470,34795
,34598,35924,37911,,,,39855,34356,41423,39084,,22893,41423,22651,23148,22760,22828,,,,,23210,,,22794,,,49791,22771,,,23357,50070,26024,,,,,34319,34044,33993,47952,37276,46364,35414,41787,23123,22555,23379,23280,23312,145230,34799
,34587,35929,37008,,,,39851,34355,41414,39079,,22889,41414,22646,23121,22757,22826,,,,,23138,,,22793,,,49740,22770,,,23355,50027,26017,,,,,34318,34044,33987,46328,37220,46419,35415,41472,23119,22554,23376,23278,23311,145260,34792
,34575,35933,36387,,,,39847,34352,41405,39074,,22883,41405,22641,23096,22753,22823,,,,,23071,,,22791,,,49698,22768,,,23353,50011,26012,,,,,34315,34043,33981,44630,37164,46465,35413,41216,23116,22552,23373,23276,23309,145410,34781
,34564,35939,35968,,,,39844,34349,41397,39069,,22877,41397,22641,23074,22750,22819,,,,,23006,,,22789,,,49654,22767,,,23351,50005,26006,,,,,34313,34042,33979,43242,37105,46528,35408,40999,23113,22551,23371,23275,23306,145550,34769
,34554,35944,35714,,,,39840,34345,41389,39064,,22870,41389,22643,23053,22747,22815,,,,,22945,,,22787,,,49619,22766,,,23349,50010,26001,,,,,34310,34041,33979,42265,37046,46589,35400,40823,23110,22549,23370,23273,23301,145740,34756
,34543,35948,35484,,,,39836,34342,41380,39059,,22865,41380,22642,23035,22744,22812,,,,,22892,,,22785,,,49626,22765,,,23347,50016,25998,,,,,34308,34040,33976,41914,37000,46613,35402,40650,23107,22548,23368,23272,23305,146110,34745
,34533,35952,35312,,,,39833,34339,41371,39054,,22859,41371,22639,23020,22741,22810,,,,,22845,,,22783,,,49651,22763,,,23345,50026,25995,,,,,34307,34040,33974,41945,36960,46634,35405,40498,23105,22547,23366,23271,23311,146550,34734
,34524,35957,35248,,,,39830,34336,41362,39050,,22853,41362,22637,23006,22738,22807,,,,,22801,,,22781,,,49683,22762,,,23343,50036,25989,,,,,34306,34039,33971,42530,36923,46634,35397,40414,23102,22545,23364,23269,23306,147050,34723
,34517,35963,35232,,,,39826,34332,41354,39045,,22848,41354,22635,22995,22735,22804,,,,,22763,,,22779,,,49721,22761,,,23341,50043,25983,,,,,34305,34038,33969,43401,36888,46641,35386,40355,23100,22543,23363,23268,23298,147540,34712
,34521,35974,35134,,,,39823,34329,41347,39040,,22842,41347,22634,22987,22731,22801,,,,,22733,,,22777,,,49758,22760,,,23339,50062,25979,,,,,34304,34037,33971,43780,36859,46756,35384,40242,23097,22542,23361,23267,23297,147770,34703
,34530,35989,35025,,,,39820,34327,41340,39035,,22836,41340,22632,22981,22728,22799,,,,,22709,,,22775,,,49794,22759,,,23337,50082,25977,,,,,34302,34037,33974,43583,36834,46912,35384,40119,23095,22541,23360,23266,23298,147900,34695
,34539,36002,34935,,,,39816,34324,41334,39030,,22831,41334,22631,22977,22725,22796,,,,,22688,,,22773,,,49827,22758,,,23335,50051,25974,,,,,34300,34037,33980,42108,36811,47061,35383,40008,23093,22540,23358,23265,23297,147980,34688
,34552,36017,34858,,,,39813,34321,41327,39026,,22826,41327,22629,22973,22721,22794,,,,,22670,,,22772,,,49855,22757,,,23332,50005,25970,,,,,34298,34036,33985,40403,36790,47213,35382,39903,23091,22539,23356,23263,23296,148020,34682
,34573,36041,34828,,,,39810,34319,41321,39021,,22820,41321,22628,22973,22718,22791,,,,,22659,,,22770,,,49872,22756,,,23330,50006,25968,,,,,34297,34036,33982,39077,36774,47376,35380,39821,23089,22536,23354,23263,23295,148050,34675
,34596,36067,34818,,,,39806,34318,41316,39016,,22815,41316,22626,22973,22715,22789,,,,,22650,,,22768,,,49876,22756,,,23328,50013,25966,,,,,34296,34036,33975,38251,36761,47522,35379,39751,23087,22533,23353,23262,23294,148050,34669
,34627,36101,34824,,,,39803,34317,41311,39011,,22810,41311,22625,22975,22711,22787,,,,,22645,,,22766,,,49879,22755,,,23326,50019,25969,,,,,34296,34036,33968,37766,36744,47676,35377,39690,23086,22533,23352,23262,23293,148020,34663
,34659,36135,34838,,,,39800,34317,41306,39007,,22805,41306,22623,22977,22708,22784,,,,,22642,,,22764,,,49870,22754,,,23324,50015,25973,,,,,34296,34035,33960,37526,36727,47795,35375,39635,23085,22533,23350,23261,23292,147960,34657
,34671,36141,34832,,,,39796,34313,41296,39003,,22804,41296,22621,22972,22705,22782,,,,,22632,,,22762,,,49811,22752,,,23321,49953,25955,,,,,34293,34035,33958,37390,36719,47751,35372,39582,23081,22531,23347,23258,23291,147840,34652
,34677,36139,34821,,,,39793,34308,41285,38999,,22804,41285,22618,22963,22703,22779,,,,,22619,,,22760,,,49727,22750,,,23318,49863,25931,,,,,34289,34034,33958,37357,36714,47624,35369,39533,23077,22529,23343,23255,23290,147690,34647
,34684,36133,34812,,,,39789,34302,41273,38996,,22806,41273,22615,22954,22701,22776,,,,,22608,,,22758,,,49646,22748,,,23315,49774,25927,,,,,34284,34034,33959,37460,36708,47460,35366,39489,23072,22528,23339,23250,23290,147560,34642
,34695,36128,34804,,,,39786,34296,41260,38992,,22808,41260,22612,22943,22699,22773,,,,,22596,,,22756,,,49556,22746,,,23313,49676,25927,,,,,34279,34033,33960,37605,36703,47261,35362,39449,23068,22526,23335,23246,23289,147420,34637
,34722,36147,34802,,,,39782,34296,41248,38989,,22810,41248,22609,22934,22697,22771,,,,,22586,,,22754,,,49438,22744,,,23310,49562,25916,,,,,34278,34032,33960,37639,36704,47013,35359,39415,23063,22524,23331,23243,23289,147210,34633
,34759,36176,34802,,,,39779,34298,41237,38986,,22812,41237,22606,22924,22695,22768,,,,,22578,,,22752,,,49319,22742,,,23306,49448,25903,,,,,34279,34032,33961,37614,36706,46757,35355,39385,23058,22523,23326,23241,23288,146990,34629
,34804,36213,34802,,,,39775,34301,41226,38983,,22815,41226,22603,22914,22693,22765,,,,,22569,,,22750,,,49182,22740,,,23303,49322,25893,,,,,34281,34031,33961,37476,36707,46520,35351,39360,23052,22521,23321,23239,23288,146750,34625
,34858,36253,34802,,,,39772,34305,41215,38980,,22819,41215,22600,22904,22691,22762,,,,,22561,,,22748,,,49056,22737,,,23300,49205,25884,,,,,34282,34030,33962,37271,36706,46308,35347,39338,23047,22520,23317,23236,23287,146540,34622
,34918,36297,34797,,,,39768,34305,41204,38977,,22822,41204,22597,22896,22689,22760,,,,,22559,,,22746,,,49028,22735,,,23297,49159,25871,,,,,34282,34029,33961,37034,36698,46200,35343,39317,23044,22518,23313,23233,23286,146570,34619
,34985,36323,34789,,,,39765,34303,41194,38973,,22825,41194,22593,22888,22687,22757,,,,,22559,,,22744,,,49041,22732,,,23294,49145,25858,,,,,34280,34029,33959,36773,36687,46139,35340,39299,23042,22517,23310,23230,23286,146710,34616
,35073,36375,34781,,,,39761,34301,41183,38970,,22829,41183,22589,22881,22685,22754,,,,,22560,,,22742,,,49070,22730,,,23291,49134,25843,,,,,34278,34028,33956,36479,36674,46098,35336,39279,23041,22515,23306,23226,23285,146890,34613
,35174,36437,34772,,,,39758,34299,41172,38967,,22832,41172,22585,22875,22683,22751,,,,,22563,,,22740,,,49112,22728,,,23288,49136,25830,,,,,34275,34027,33954,36181,36660,46074,35333,39261,23040,22513,23303,23222,23284,147150,34610
,35273,36499,34754,,,,39754,34298,41170,38964,,22836,41170,22581,22868,22681,22748,,,,,22566,,,22737,,,49143,22725,,,23285,49154,25828,,,,,34274,34027,33954,35964,36648,46036,35329,39254,23038,22511,23300,23219,23283,147370,34608
,35387,36574,34733,,,,39751,34298,41171,38961,,22840,41171,22577,22861,22679,22746,,,,,22570,,,22735,,,49174,22723,,,23281,49177,25830,,,,,34272,34026,33954,35785,36637,45991,35325,39250,23037,22510,23297,23215,23282,147580,34606
,35514,36675,34709,,,,39747,34297,41174,38958,,22844,41174,22572,22854,22678,22743,,,,,22575,,,22731,,,49187,22720,,,23278,49213,25835,,,,,34271,34025,33955,35613,36625,45964,35321,39252,23037,22508,23294,23211,23281,148090,34604
,35669,36808,34686,,,,39744,34296,41177,38955,,22848,41177,22568,22847,22676,22740,,,,,22579,,,22728,,,49190,22718,,,23275,49245,25840,,,,,34270,34025,33957,35461,36613,45932,35317,39253,23036,22506,23290,23207,23280,148650,34602
,35876,36952,34670,,,,39740,34296,41171,38952,,22851,41171,22565,22843,22674,22737,,,,,22580,,,22727,,,49238,22715,,,23271,49225,25838,,,,,34268,34024,33957,35344,36600,45841,35313,39227,23034,22505,23287,23204,23280,148810,34600
,36117,37136,34657,,,,39736,34295,41163,38950,,22853,41163,22563,22840,22673,22735,,,,,22580,,,22727,,,49289,22713,,,23268,49184,25832,,,,,34267,34023,33956,35252,36586,45727,35309,39192,23031,22503,23283,23200,23280,148820,34598
,36443,37404,34646,,,,39733,34294,41153,38947,,22856,41153,22561,22837,22671,22732,,,,,22579,,,22728,,,49250,22711,,,23264,49134,25827,,,,,34265,34023,33956,35173,36575,45607,35305,39156,23029,22502,23279,23197,23280,148790,34596
,36795,37748,34636,,,,39729,34294,41143,38944,,22858,41143,22559,22835,22670,22729,,,,,22577,,,22728,,,49176,22709,,,23261,49074,25820,,,,,34263,34022,33956,35110,36564,45483,35300,39119,23026,22501,23275,23194,23280,148720,34595
,37108,38134,34627,,,,39726,34293,41134,38942,,22859,41134,22557,22834,22668,22727,,,,,22576,,,22726,,,49116,22707,,,23257,49025,25813,,,,,34263,34022,33956,35072,36551,45376,35298,39093,23023,22500,23271,23190,23280,148630,34593
,37378,38611,34618,,,,39722,34291,41125,38939,,22861,41125,22556,22832,22667,22724,,,,,22575,,,22722,,,49048,22704,,,23254,48976,25805,,,,,34263,34021,33956,35047,36541,45279,35297,39075,23020,22498,23267,23187,23279,148490,34591
,37642,39197,34612,,,,39718,34289,41116,38936,,22862,41116,22554,22832,22665,22721,,,,,22573,,,22718,,,48960,22702,,,23250,48909,25797,,,,,34261,34021,33956,35040,36523,45179,35297,39052,23017,22496,23263,23183,23279,148370,34589
,37844,39882,34607,,,,39714,34287,41106,38934,,22863,41106,22553,22831,22663,22719,,,,,22572,,,22714,,,48863,22700,,,23246,48832,25788,,,,,34258,34020,33956,35041,36503,45086,35298,39029,23014,22495,23259,23180,23279,148220,34588
,37850,40847,34605,,,,39710,34288,41098,38931,,22864,41098,22550,22830,22662,22716,,,,,22569,,,22711,,,48764,22698,,,23243,48783,25779,,,,,34257,34020,33956,35015,36517,45014,35289,39040,23012,22493,23255,23176,23279,147840,34586
,37743,41905,34604,,,,39707,34289,41091,38929,,22866,41091,22547,22827,22661,22713,,,,,22567,,,22710,,,48664,22696,,,23239,48735,25769,,,,,34256,34019,33957,34983,36542,44954,35278,39065,23009,22492,23251,23173,23279,147390,34585
,37543,42927,34608,,,,39703,34293,41083,38926,,22868,41083,22543,22825,22659,22711,,,,,22564,,,22708,,,48561,22694,,,23235,48630,25760,,,,,34255,34019,33957,34958,36532,44900,35264,39029,23007,22491,23247,23169,23278,146890,34584
,37275,43854,34614,,,,39700,34297,41075,38923,,22870,41075,22539,22822,22658,22708,,,,,22561,,,22707,,,48460,22692,,,23231,48507,25750,,,,,34254,34018,33957,34936,36515,44852,35250,38987,23005,22489,23243,23166,23278,146410,34583
,36971,44594,34620,,,,39696,34294,41068,38921,,22871,41068,22536,22823,22657,22706,,,,,22558,,,22705,,,48364,22690,,,23228,48402,25740,,,,,34253,34018,33957,34918,36520,44807,35248,39025,23002,22488,23239,23162,23278,146150,34582
,36649,45129,34628,,,,39692,34288,41061,38918,,22873,41061,22532,22824,22655,22703,,,,,22555,,,22703,,,48277,22688,,,23224,48307,25729,,,,,34251,34017,33958,34906,36530,44764,35250,39089,23000,22486,23235,23158,23278,146010,34582
,36311,45230,34637,,,,39689,34287,41055,38916,,22874,41055,22528,22827,22654,22700,,,,,22551,,,22701,,,48188,22686,,,23220,48194,25718,,,,,34250,34016,33958,34907,36537,44727,35253,39155,22998,22485,23231,23155,23278,145880,34581
,35981,45062,34650,,,,39685,34287,41049,38913,,22875,41049,22524,22829,22653,22698,,,,,22547,,,22699,,,48107,22684,,,23216,48089,25707,,,,,34249,34016,33959,34921,36543,44693,35258,39222,22995,22483,23227,23151,23278,145810,34581
,35752,44665,34678,,,,39680,34286,41040,38910,,22874,41040,22520,22827,22650,22695,,,,,22544,,,22697,,,48062,22681,,,23213,48046,25697,,,,,34247,34015,33959,34929,36543,44656,35255,39253,22992,22481,23223,23148,23276,145860,34579
,35572,44111,34715,,,,39675,34285,41030,38906,,22872,41030,22516,22824,22648,22692,,,,,22542,,,22695,,,48033,22679,,,23210,48031,25688,,,,,34246,34015,33958,34944,36540,44618,35251,39268,22989,22479,23220,23145,23273,145980,34575
,35404,43473,34747,,,,39670,34277,41019,38902,,22869,41019,22512,22819,22645,22690,,,,,22539,,,22693,,,48010,22675,,,23207,48023,25678,,,,,34245,34017,33958,35007,36535,44581,35246,39274,22986,22477,23216,23141,23270,146140,34574
,35261,42780,34780,,,,39664,34268,41009,38898,,22866,41009,22508,22814,22642,22687,,,,,22537,,,22691,,,47994,22670,,,23204,48023,25669,,,,,34243,34019,33958,35099,36530,44545,35241,39271,22982,22475,23213,23138,23267,146330,34574
,35150,42182,34826,,,,39659,34282,41001,38894,,22863,41001,22504,22810,22640,22684,,,,,22534,,,22688,,,47980,22671,,,23201,48020,25659,,,,,34242,34014,33957,35168,36526,44515,35237,39271,22979,22473,23209,23135,23262,146510,34572
,35060,41622,34871,,,,39653,34301,40994,38890,,22860,40994,22500,22806,22637,22681,,,,,22531,,,22686,,,47966,22674,,,23199,48014,25650,,,,,34241,34007,33957,35269,36522,44488,35234,39265,22975,22471,23205,23132,23257,146700,34570
,34989,41025,34922,,,,39647,34292,40988,38886,,22856,40988,22496,22801,22633,22678,,,,,22529,,,22684,,,47954,22669,,,23196,48011,25641,,,,,34242,34009,33956,35414,36519,44463,35231,39244,22972,22468,23202,23129,23250,146860,34568
,34930,40479,34966,,,,39642,34274,40982,38881,,22852,40982,22492,22796,22630,22675,,,,,22526,,,22681,,,47940,22662,,,23193,48003,25632,,,,,34245,34015,33955,35652,36516,44438,35228,39212,22968,22466,23198,23126,23243,146990,34566
,34863,39997,34960,,,,39636,34272,40974,38877,,22847,40974,22488,22791,22627,22672,,,,,22523,,,22679,,,47912,22659,,,23191,47979,25622,,,,,34238,34014,33955,35979,36505,44403,35225,39167,22964,22464,23195,23123,23242,147170,34564
,34799,39563,34931,,,,39630,34274,40967,38874,,22843,40967,22482,22787,22624,22670,,,,,22520,,,22678,,,47874,22658,,,23188,47943,25612,,,,,34228,34012,33955,36484,36491,44364,35223,39112,22960,22462,23192,23119,23243,147320,34562
,34740,39160,34893,,,,39624,34272,40959,38870,,22838,40959,22478,22782,22621,22668,,,,,22517,,,22676,,,47839,22656,,,23185,47904,25601,,,,,34231,34012,33954,37208,36482,44327,35220,39055,22957,22459,23189,23116,23245,147370,34560
,34687,38791,34847,,,,39618,34269,40951,38866,,22833,40951,22473,22777,22618,22665,,,,,22514,,,22675,,,47797,22655,,,23182,47855,25591,,,,,34237,34011,33954,38167,36473,44288,35218,38995,22954,22457,23186,23113,23247,147350,34558
,34653,38447,34808,,,,39612,34268,40944,38862,,22828,40944,22467,22773,22615,22663,,,,,22511,,,22674,,,47723,22653,,,23180,47780,25580,,,,,34235,34011,33954,39674,36460,44251,35217,38929,22950,22455,23183,23110,23243,147160,34555
,34627,38132,34770,,,,39606,34268,40938,38859,,22823,40938,22462,22768,22612,22660,,,,,22508,,,22673,,,47636,22651,,,23177,47690,25570,,,,,34232,34010,33953,41259,36447,44215,35216,38865,22947,22454,23181,23107,23236,146870,34553
,34610,37844,34727,,,,39600,34268,40932,38855,,22817,40932,22457,22763,22609,22657,,,,,22505,,,22673,,,47539,22649,,,23175,47590,25560,,,,,34230,34010,33953,42404,36433,44178,35216,38795,22938,22453,23178,23104,23229,146540,34551
,34596,37586,34683,,,,39594,34267,40925,38851,,22811,40925,22452,22758,22606,22653,,,,,22502,,,22672,,,47439,22647,,,23173,47482,25549,,,,,34229,34010,33953,42868,36419,44143,35216,38730,22928,22451,23175,23101,23221,146160,34549
,34570,37371,34647,,,,39589,34266,40916,38846,,22806,40916,22450,22754,22602,22651,,,,,22499,,,22669,,,47364,22645,,,23170,47378,25541,,,,,34227,34010,33952,42074,36412,44121,35212,38700,22934,22448,23172,23098,23215,145710,34547
,34541,37187,34615,,,,39584,34266,40905,38841,,22801,40905,22448,22750,22599,22648,,,,,22496,,,22665,,,47297,22642,,,23167,47270,25533,,,,,34226,34009,33951,40730,36407,44103,35207,38686,22945,22444,23167,23095,23209,145230,34546
,34512,37029,34585,,,,39579,34265,40894,38835,,22797,40894,22447,22747,22596,22645,,,,,22493,,,22661,,,47240,22639,,,23164,47161,25524,,,,,34226,34009,33949,39332,36403,44092,35202,38684,22934,22439,23163,23092,23204,144770,34545
,34484,36895,34557,,,,39574,34264,40883,38829,,22792,40883,22446,22743,22592,22643,,,,,22490,,,22656,,,47187,22637,,,23162,47050,25517,,,,,34225,34008,33948,38060,36400,44084,35196,38689,22918,22434,23159,23089,23199,144320,34544
,34465,36781,34525,,,,39570,34262,40871,38823,,22787,40871,22445,22740,22589,22640,,,,,22486,,,22651,,,47106,22633,,,23159,46925,25509,,,,,34224,34007,33946,37261,36396,44066,35193,38678,22915,22432,23154,23086,23192,143880,34543
,34451,36686,34493,,,,39565,34260,40859,38816,,22782,40859,22444,22736,22586,22637,,,,,22483,,,22646,,,47024,22630,,,23155,46800,25502,,,,,34223,34007,33945,36704,36391,44049,35190,38666,22915,22431,23150,23083,23185,143500,34543
,34441,36607,34461,,,,39560,34258,40846,38809,,22777,40846,22444,22733,22583,22635,,,,,22480,,,22641,,,46930,22627,,,23152,46671,25498,,,,,34222,34006,33944,36278,36385,44028,35186,38665,22912,22431,23145,23080,23178,143110,34542
,34433,36542,34431,,,,39556,34255,40834,38803,,22772,40834,22443,22730,22580,22632,,,,,22477,,,22636,,,46844,22623,,,23148,46552,25495,,,,,34221,34006,33942,35973,36380,44009,35182,38672,22909,22431,23141,23077,23171,142790,34541
,34412,36494,34414,,,,39552,34254,40826,38799,,22767,40826,22443,22727,22576,22629,,,,,22474,,,22634,,,46823,22622,,,23147,46491,25482,,,,,34221,34005,33941,35681,36378,44017,35185,38684,22906,22428,23137,23074,23166,142820,34540
,34390,36460,34404,,,,39547,34253,40819,38795,,22762,40819,22444,22723,22573,22626,,,,,22470,,,22633,,,46827,22623,,,23146,46459,25467,,,,,34220,34005,33940,35437,36377,44032,35189,38700,22902,22425,23134,23071,23162,143010,34539
,34362,36435,34396,,,,39542,34252,40811,38792,,22756,40811,22444,22720,22570,22623,,,,,22467,,,22632,,,46843,22623,,,23145,46436,25464,,,,,34220,34004,33939,35253,36378,44053,35196,38727,22898,22422,23130,23068,23158,143240,34537
,34337,36419,34390,,,,39538,34252,40804,38790,,22751,40804,22444,22717,22566,22620,,,,,22464,,,22632,,,46863,22623,,,23144,46426,25465,,,,,34219,34004,33937,35111,36379,44074,35202,38756,22894,22419,23127,23066,23155,143550,34535
,34335,36414,34387,,,,39534,34251,40802,38787,,22746,40802,22445,22713,22563,22616,,,,,22460,,,22632,,,46849,22624,,,23144,46430,25458,,,,,34219,34003,33936,34984,36371,44074,35198,38766,22891,22416,23124,23063,23151,143960,34534
,34342,36414,34384,,,,39529,34251,40801,38785,,22740,40801,22446,22710,22560,22612,,,,,22457,,,22632,,,46821,22625,,,23143,46442,25449,,,,,34218,34002,33935,34879,36360,44065,35190,38769,22887,22413,23120,23060,23148,144420,34532
,34355,36419,34384,,,,39525,34250,40794,38782,,22735,40794,22446,22707,22556,22610,,,,,22454,,,22633,,,46794,22626,,,23143,46464,25440,,,,,34218,34002,33934,34806,36338,44055,35181,38771,22884,22410,23117,23057,23144,144930,34531
,34368,36426,34384,,,,39521,34250,40785,38780,,22730,40785,22447,22704,22553,22607,,,,,22451,,,22633,,,46761,22627,,,23142,46488,25432,,,,,34217,34001,33933,34753,36313,44040,35171,38770,22880,22408,23113,23054,23141,145430,34529
,34363,36423,34379,,,,39517,34248,40778,38776,,22723,40778,22445,22701,22551,22604,,,,,22448,,,22632,,,46721,22626,,,23139,46496,25426,,,,,34216,34001,33932,34696,36324,44020,35167,38761,22877,22406,23111,23051,23138,145680,34527
,34352,36416,34373,,,,39513,34246,40771,38771,,22716,40771,22443,22697,22548,22603,,,,,22446,,,22630,,,46677,22624,,,23135,46497,25421,,,,,34214,34002,33932,34647,36345,43996,35166,38747,22873,22405,23110,23048,23135,145810,34525
,34339,36405,34366,,,,39509,34244,40763,38766,,22709,40763,22440,22694,22546,22595,,,,,22444,,,22627,,,46627,22622,,,23130,46487,25417,,,,,34213,34002,33933,34606,36327,43970,35166,38731,22870,22403,23109,23045,23133,145890,34523
,34326,36389,34359,,,,39505,34241,40754,38761,,22702,40754,22436,22690,22544,22584,,,,,22442,,,22625,,,46574,22620,,,23125,46472,25413,,,,,34211,34003,33933,34575,36298,43942,35165,38714,22866,22402,23107,23042,23130,145900,34521
,34316,36364,34353,,,,39502,34239,40746,38756,,22695,40746,22433,22687,22542,22597,,,,,22441,,,22622,,,46522,22617,,,23120,46473,25405,,,,,34209,34003,33933,34561,36291,43910,35164,38695,22863,22401,23106,23039,23126,145860,34519
,34308,36329,34347,,,,39498,34236,40737,38751,,22688,40737,22429,22684,22540,22616,,,,,22439,,,22620,,,46468,22614,,,23114,46470,25395,,,,,34207,34004,33934,34555,36290,43877,35161,38676,22859,22401,23106,23036,23122,145760,34517
,34300,36296,34342,,,,39495,34233,40729,38746,,22680,40729,22426,22680,22538,22605,,,,,22438,,,22617,,,46416,22611,,,23109,46468,25385,,,,,34205,34005,33934,34557,36284,43841,35160,38656,22856,22400,23106,23033,23118,145620,34515
,34292,36255,34336,,,,39491,34230,40720,38740,,22673,40720,22422,22677,22537,22586,,,,,22436,,,22614,,,46361,22607,,,23103,46455,25375,,,,,34203,34006,33935,34561,36278,43805,35158,38637,22853,22399,23105,23030,23114,145430,34513
,34286,36183,34331,,,,39488,34229,40711,38735,,22665,40711,22418,22673,22535,22584,,,,,22435,,,22612,,,46294,22605,,,23098,46378,25366,,,,,34201,34006,33935,34551,36276,43776,35154,38621,22849,22398,23102,23027,23111,145120,34510
,34281,36099,34327,,,,39484,34229,40703,38730,,22658,40703,22414,22670,22533,22585,,,,,22433,,,22610,,,46225,22603,,,23092,46270,25358,,,,,34201,34007,33936,34536,36275,43749,35151,38608,22846,22397,23098,23024,23108,144740,34508
,34276,36009,34322,,,,39481,34229,40695,38725,,22651,40695,22410,22667,22531,22583,,,,,22432,,,22608,,,46152,22603,,,23087,46173,25351,,,,,34199,34008,33937,34522,36274,43725,35147,38604,22843,22396,23094,23021,23105,144370,34506
,34273,35917,34318,,,,39477,34229,40687,38720,,22643,40687,22407,22663,22529,22579,,,,,22430,,,22606,,,46081,22605,,,23081,46072,25343,,,,,34198,34008,33937,34508,36273,43703,35144,38604,22840,22394,23089,23019,23103,143970,34503
,34269,35841,34315,,,,39474,34230,40679,38716,,22636,40679,22402,22660,22528,22575,,,,,22429,,,22604,,,46022,22598,,,23075,45908,25335,,,,,34198,34009,33938,34487,36275,43676,35140,38591,22836,22393,23085,23016,23100,143510,34501
,34266,35775,34312,,,,39471,34231,40671,38711,,22629,40671,22398,22657,22526,22571,,,,,22428,,,22602,,,45971,22589,,,23069,45729,25327,,,,,34199,34010,33939,34465,36276,43649,35135,38579,22833,22392,23080,23013,23098,143050,34499
,34264,35708,34310,,,,39467,34232,40663,38705,,22622,40663,22394,22653,22525,22566,,,,,22426,,,22601,,,45918,22591,,,23064,45624,25318,,,,,34200,34010,33940,34440,36280,43622,35130,38567,22830,22390,23075,23010,23095,142560,34496
,34261,35648,34307,,,,39464,34233,40655,38700,,22614,40655,22390,22650,22523,22561,,,,,22425,,,22599,,,45869,22596,,,23058,45546,25310,,,,,34200,34011,33941,34416,36284,43596,35126,38559,22827,22389,23070,23007,23093,142120,34494
,34260,35605,34302,,,,39461,34233,40647,38696,,22607,40647,22387,22647,22522,22558,,,,,22424,,,22597,,,45826,22592,,,23053,45454,25304,,,,,34198,34012,33941,34402,36278,43584,35124,38598,22824,22388,23067,23004,23091,141940,34491
,34258,35573,34296,,,,39458,34231,40640,38692,,22600,40640,22385,22644,22520,22555,,,,,22423,,,22595,,,45786,22585,,,23050,45371,25299,,,,,34194,34013,33941,34393,36271,43578,35124,38655,22821,22387,23064,23001,23088,141890,34489
,34258,35547,34290,,,,39455,34231,40634,38691,,22593,40634,22384,22641,22519,22553,,,,,22422,,,22593,,,45752,22579,,,23046,45302,25294,,,,,34189,34014,33941,34385,36259,43572,35124,38672,22817,22387,23062,22998,23086,141900,34487
,34257,35525,34284,,,,39452,34230,40628,38691,,22587,40628,22382,22638,22517,22550,,,,,22421,,,22591,,,45718,22574,,,23043,45247,25290,,,,,34184,34015,33941,34379,36247,43569,35124,38683,22811,22386,23059,22995,23083,141990,34484
,34256,35508,34279,,,,39449,34227,40621,38681,,22580,40621,22381,22635,22516,22548,,,,,22420,,,22589,,,45666,22568,,,23040,45222,25285,,,,,34183,34017,33941,34371,36247,43566,35125,38728,22812,22385,23057,22992,23081,142090,34482
,34255,35493,34276,,,,39446,34224,40614,38669,,22574,40614,22380,22632,22515,22545,,,,,22419,,,22587,,,45609,22562,,,23036,45214,25280,,,,,34184,34018,33941,34362,36250,43564,35126,38778,22814,22384,23055,22989,23078,142230,34479
,34254,35481,34273,,,,39443,34220,40608,38669,,22567,40608,22379,22629,22513,22543,,,,,22418,,,22586,,,45548,22556,,,23033,45218,25276,,,,,34185,34019,33941,34355,36257,43557,35127,38848,22811,22384,23057,22986,23076,142430,34477
,34253,35470,34270,,,,39440,34216,40601,38673,,22561,40601,22378,22626,22512,22541,,,,,22417,,,22584,,,45488,22550,,,23031,45232,25271,,,,,34187,34020,33941,34349,36265,43548,35128,38900,22807,22383,23061,22983,23074,142670,34474
,34253,35463,34268,,,,39437,34218,40595,38669,,22555,40595,22377,22623,22511,22538,,,,,22417,,,22582,,,45450,22548,,,23028,45240,25268,,,,,34186,34021,33940,34345,36253,43541,35126,38926,22800,22382,23050,22980,23072,142940,34472
,34255,35457,34267,,,,39435,34221,40590,38664,,22548,40590,22376,22620,22509,22536,,,,,22416,,,22580,,,45421,22546,,,23025,45251,25265,,,,,34184,34022,33940,34344,36236,43533,35123,38941,22792,22382,23036,22977,23070,143230,34469
,34256,35439,34265,,,,39433,34226,40584,38660,,22542,40584,22375,22617,22508,22533,,,,,22416,,,22578,,,45391,22545,,,23022,45260,25262,,,,,34182,34023,33940,34342,36214,43528,35119,38967,22793,22381,23039,22974,23068,143540,34467
,34258,35417,34264,,,,39431,34231,40578,38656,,22536,40578,22374,22614,22507,22530,,,,,22415,,,22577,,,45363,22545,,,23020,45271,25259,,,,,34179,34024,33940,34340,36192,43520,35115,38995,22796,22380,23047,22971,23066,143860,34464
,34260,35408,34264,,,,39428,34229,40573,38653,,22530,40573,22373,22611,22506,22527,,,,,22415,,,22575,,,45335,22545,,,23017,45293,25257,,,,,34178,34026,33940,34342,36191,43490,35111,39026,22794,22380,23045,22968,23064,144130,34462
,34262,35401,34264,,,,39425,34224,40567,38650,,22525,40567,22372,22609,22504,22525,,,,,22414,,,22573,,,45306,22545,,,23015,45316,25255,,,,,34176,34027,33939,34343,36196,43452,35107,39058,22790,22379,23040,22965,23062,144410,34459
,34264,35394,34264,,,,39422,34219,40562,38647,,22519,40562,22372,22606,22502,22522,,,,,22414,,,22572,,,45281,22545,,,23013,45338,25253,,,,,34175,34028,33939,34347,36207,43410,35102,39094,22787,22379,23037,22962,23060,144730,34456
,34266,35387,34265,,,,39419,34213,40556,38644,,22514,40556,22371,22603,22500,22520,,,,,22413,,,22570,,,45252,22545,,,23010,45355,25250,,,,,34173,34029,33939,34351,36218,43367,35097,39135,22784,22378,23034,22959,23059,145010,34454
,34265,35376,34263,,,,39416,34211,40549,38640,,22509,40549,22370,22600,22499,22517,,,,,22412,,,22569,,,45204,22544,,,23008,45345,25244,,,,,34172,34030,33938,34347,36215,43337,35094,39171,22781,22377,23031,22956,23056,145180,34452
,34263,35363,34259,,,,39413,34211,40540,38637,,22506,40540,22369,22598,22500,22515,,,,,22410,,,22567,,,45148,22542,,,23005,45319,25237,,,,,34171,34029,33938,34340,36208,43315,35091,39212,22779,22376,23029,22954,23054,145260,34450
,34261,35351,34256,,,,39410,34211,40532,38633,,22502,40532,22367,22595,22500,22512,,,,,22409,,,22566,,,45085,22540,,,23003,45292,25228,,,,,34169,34029,33938,34331,36197,43293,35089,39277,22777,22375,23027,22953,23051,145190,34448
,34258,35338,34253,,,,39406,34211,40523,38629,,22499,40523,22366,22593,22501,22510,,,,,22407,,,22565,,,45019,22538,,,23000,45254,25219,,,,,34167,34028,33937,34322,36186,43273,35087,39346,22775,22373,23026,22951,23048,145020,34446
,34256,35324,34249,,,,39403,34211,40514,38626,,22497,40514,22365,22590,22499,22507,,,,,22405,,,22563,,,44964,22536,,,22998,45187,25210,,,,,34167,34028,33937,34319,36188,43255,35084,39385,22773,22372,23024,22949,23046,144720,34444
,34254,35311,34245,,,,39400,34210,40505,38622,,22495,40505,22363,22587,22497,22505,,,,,22403,,,22562,,,44910,22534,,,22995,45109,25202,,,,,34169,34027,33936,34318,36195,43238,35081,39417,22771,22371,23022,22947,23044,144360,34442
,34251,35298,34242,,,,39396,34209,40496,38618,,22493,40496,22362,22585,22494,22502,,,,,22401,,,22561,,,44859,22532,,,22993,45009,25193,,,,,34165,34026,33936,34319,36199,43224,35078,39437,22769,22369,23020,22946,23043,143900,34441
,34249,35285,34238,,,,39393,34208,40487,38615,,22491,40487,22361,22582,22490,22500,,,,,22399,,,22560,,,44807,22530,,,22991,44902,25184,,,,,34161,34025,33935,34319,36203,43210,35076,39455,22767,22368,23018,22945,23042,143410,34439
,34245,35275,34235,,,,39389,34207,40477,38611,,22489,40477,22359,22580,22489,22497,,,,,22397,,,22559,,,44730,22528,,,22989,44840,25174,,,,,34161,34024,33935,34317,36200,43199,35073,39515,22765,22366,23016,22943,23038,143110,34437
,34241,35267,34232,,,,39386,34206,40467,38607,,22487,40467,22358,22578,22488,22495,,,,,22395,,,22558,,,44644,22527,,,22986,44788,25163,,,,,34162,34023,33934,34313,36192,43189,35071,39582,22763,22365,23014,22941,23033,142870,34435
,34237,35258,34229,,,,39383,34205,40458,38604,,22485,40458,22357,22575,22487,22493,,,,,22393,,,22557,,,44560,22525,,,22984,44704,25153,,,,,34163,34022,33934,34309,36187,43177,35069,39655,22761,22364,23012,22940,23024,142680,34433
,34233,35250,34226,,,,39379,34204,40448,38600,,22483,40448,22356,22573,22486,22490,,,,,22390,,,22556,,,44478,22524,,,22982,44610,25143,,,,,34164,34021,33934,34305,36183,43165,35066,39719,22759,22362,23010,22938,23015,142520,34431
,34227,35244,34223,,,,39376,34202,40438,38596,,22481,40438,22355,22571,22485,22488,,,,,22388,,,22555,,,44400,22523,,,22979,44523,25132,,,,,34163,34020,33933,34301,36141,43159,35064,39727,22757,22361,23008,22937,23017,142240,34430
,34222,35238,34220,,,,39373,34201,40429,38593,,22480,40429,22354,22569,22484,22486,,,,,22386,,,22554,,,44331,22522,,,22977,44442,25121,,,,,34161,34018,33933,34298,36091,43152,35062,39709,22755,22359,23006,22935,23022,141960,34428
,34215,35233,34217,,,,39369,34200,40418,38589,,22478,40418,22353,22567,22482,22484,,,,,22384,,,22553,,,44260,22520,,,22975,44352,25110,,,,,34159,34017,33932,34294,36092,43147,35061,39669,22753,22358,23005,22934,23019,141660,34428
,34210,35227,34214,,,,39366,34199,40409,38585,,22477,40409,22352,22565,22481,22482,,,,,22382,,,22552,,,44197,22519,,,22973,44269,25099,,,,,34156,34016,33931,34291,36108,43140,35059,39609,22751,22356,23003,22932,23013,141420,34429
,34210,35215,34212,,,,39362,34197,40401,38583,,22478,40401,22351,22562,22480,22479,,,,,22380,,,22551,,,44172,22518,,,22971,44237,25093,,,,,34155,34015,33931,34289,36100,43116,35054,39572,22749,22355,23001,22931,23011,141480,34423
,34212,35200,34209,,,,39359,34196,40394,38580,,22479,40394,22349,22560,22479,22477,,,,,22379,,,22550,,,44164,22518,,,22971,44228,25090,,,,,34154,34013,33930,34288,36088,43084,35049,39533,22748,22353,22999,22930,23011,141690,34415
,34215,35186,34206,,,,39356,34195,40387,38578,,22480,40387,22348,22557,22478,22474,,,,,22377,,,22549,,,44171,22517,,,22970,44231,25087,,,,,34154,34012,33930,34288,36083,43050,35043,39432,22746,22352,22997,22929,23010,141950,34416
,34218,35170,34203,,,,39353,34194,40381,38576,,22482,40381,22346,22555,22477,22472,,,,,22376,,,22548,,,44185,22516,,,22970,44242,25086,,,,,34153,34011,33929,34287,36081,43013,35037,39308,22745,22351,22995,22929,23009,142270,34419
,34222,35154,34200,,,,39348,34192,40374,38575,,22484,40374,22345,22552,22476,22470,,,,,22375,,,22547,,,44189,22515,,,22970,44247,25084,,,,,34153,34010,33928,34287,36079,42978,35031,39219,22743,22349,22993,22928,23008,142560,34419
,34227,35137,34197,,,,39343,34191,40368,38573,,22485,40368,22344,22550,22475,22467,,,,,22374,,,22546,,,44193,22514,,,22970,44253,25082,,,,,34152,34009,33927,34288,36079,42943,35024,39138,22742,22348,22992,22927,23006,142860,34419
,34232,35119,34195,,,,39341,34190,40362,38571,,22487,40362,22342,22548,22474,22465,,,,,22373,,,22545,,,44196,22515,,,22970,44264,25081,,,,,34151,34008,33927,34288,36079,42909,35022,39024,22740,22346,22990,22926,23005,143180,34417
,34237,35102,34192,,,,39339,34188,40356,38569,,22489,40356,22341,22545,22473,22463,,,,,22373,,,22544,,,44202,22517,,,22970,44272,25080,,,,,34150,34007,33926,34288,36081,42875,35021,38906,22739,22345,22988,22925,23003,143510,34415
,34237,35093,34189,,,,39336,34187,40350,38568,,22492,40350,22340,22543,22472,22461,,,,,22372,,,22543,,,44242,22513,,,22970,44299,25080,,,,,34149,34005,33925,34286,36080,42839,35009,38823,22737,22343,22986,22924,23003,143800,34412
,34234,35086,34187,,,,39332,34186,40345,38567,,22495,40345,22338,22540,22472,22458,,,,,22371,,,22542,,,44293,22508,,,22970,44358,25080,,,,,34148,34004,33924,34283,36079,42805,34995,38753,22736,22342,22984,22924,23005,144070,34409
,34231,35081,34184,,,,39322,34184,40339,38565,,22498,40339,22337,22538,22471,22456,,,,,22370,,,22541,,,44347,22510,,,22971,44273,25080,,,,,34147,34003,33924,34280,36077,42768,34996,38685,22735,22340,22983,22923,23007,144280,34405
,34228,35076,34181,,,,39310,34183,40333,38564,,22501,40333,22336,22536,22470,22454,,,,,22370,,,22540,,,44400,22514,,,22971,44371,25080,,,,,34146,34002,33923,34276,36076,42733,35001,38621,22734,22339,22981,22923,23009,144470,34401
,34224,35072,34181,,,,39320,34181,40327,38562,,22505,40327,22335,22533,22469,22452,,,,,22369,,,22540,,,44428,22514,,,22972,44383,25082,,,,,34145,34001,33922,34273,36075,42715,35007,38561,22733,22338,22979,22922,23009,144730,34400
,34220,35069,34182,,,,39335,34180,40322,38561,,22508,40322,22335,22531,22469,22449,,,,,22368,,,22539,,,44441,22513,,,22972,44398,25083,,,,,34144,34000,33921,34269,36074,42702,35013,38506,22733,22336,22977,22922,23008,144980,34400
,34215,35067,34178,,,,39323,34179,40316,38560,,22512,40316,22334,22529,22468,22447,,,,,22368,,,22538,,,44452,22512,,,22973,44435,25084,,,,,34143,34000,33920,34265,36073,42694,35007,38450,22733,22335,22976,22922,23007,145240,34401
,34211,35064,34173,,,,39303,34177,40311,38559,,22515,40311,22333,22527,22467,22445,,,,,22367,,,22537,,,44453,22512,,,22974,44470,25085,,,,,34142,33999,33920,34262,36071,42687,34997,38396,22733,22333,22974,22921,23006,145440,34402
,34208,35058,34172,,,,39300,34176,40304,38557,,22516,40304,22332,22525,22466,22443,,,,,22366,,,22536,,,44430,22511,,,22973,44416,25082,,,,,34141,33997,33919,34258,36067,42669,34994,38357,22730,22332,22972,22919,23004,145330,34400
,34207,35050,34172,,,,39302,34175,40297,38554,,22517,40297,22331,22524,22465,22442,,,,,22365,,,22535,,,44394,22510,,,22972,44329,25077,,,,,34140,33995,33919,34255,36062,42647,34993,38323,22727,22331,22971,22917,23002,145090,34398
,34206,35042,34172,,,,39300,34174,40289,38552,,22516,40289,22331,22522,22464,22440,,,,,22364,,,22534,,,44348,22508,,,22971,44273,25071,,,,,34139,33993,33918,34252,36056,42623,34990,38276,22722,22330,22970,22914,22999,144760,34395
,34205,35033,34171,,,,39298,34173,40281,38549,,22516,40281,22330,22521,22462,22439,,,,,22362,,,22533,,,44295,22506,,,22969,44218,25065,,,,,34139,33991,33918,34249,36049,42599,34986,38227,22718,22329,22968,22912,22996,144380,34393
,34204,35024,34171,,,,39296,34172,40274,38546,,22515,40274,22330,22520,22461,22438,,,,,22361,,,22532,,,44243,22505,,,22967,44149,25059,,,,,34138,33990,33918,34247,36044,42579,34983,38184,22717,22327,22967,22909,22993,144060,34391
,34203,35015,34172,,,,39293,34171,40266,38544,,22514,40266,22329,22519,22459,22437,,,,,22360,,,22531,,,44190,22503,,,22966,44073,25052,,,,,34137,33991,33918,34244,36039,42560,34979,38141,22716,22326,22966,22906,22990,143730,34389
,34202,35006,34174,,,,39290,34171,40259,38541,,22514,40259,22329,22518,22458,22436,,,,,22359,,,22530,,,44132,22501,,,22964,44000,25046,,,,,34136,33992,33917,34243,36034,42542,34976,38100,22716,22325,22964,22903,22987,143370,34387
,34202,34999,34175,,,,39287,34170,40253,38538,,22513,40253,22329,22518,22457,22434,,,,,22358,,,22529,,,44072,22500,,,22962,43923,25039,,,,,34135,33993,33917,34241,36029,42523,34973,38058,22715,22324,22963,22900,22984,142980,34386
,34200,34990,34173,,,,39284,34169,40243,38535,,22511,40243,22328,22517,22455,22433,,,,,22356,,,22528,,,44003,22498,,,22960,43825,25031,,,,,34134,33993,33917,34239,36019,42499,34968,38009,22713,22323,22962,22897,22980,142590,34383
,34198,34982,34170,,,,39281,34168,40231,38532,,22510,40231,22328,22515,22453,22432,,,,,22355,,,22527,,,43929,22496,,,22958,43717,25023,,,,,34133,33992,33917,34236,36008,42473,34962,37960,22711,22322,22960,22894,22976,142210,34380
,34196,34982,34167,,,,39278,34167,40224,38529,,22508,40224,22327,22514,22452,22431,,,,,22353,,,22525,,,43863,22494,,,22956,43617,25015,,,,,34133,33991,33917,34233,35996,42447,34956,37905,22708,22321,22959,22890,22972,141700,34377
,34194,34985,34165,,,,39275,34166,40219,38526,,22507,40219,22327,22513,22450,22430,,,,,22352,,,22524,,,43798,22491,,,22954,43518,25008,,,,,34132,33990,33917,34228,35983,42421,34950,37853,22705,22320,22957,22887,22968,141170,34373
,34193,34978,34160,,,,39272,34165,40210,38523,,22505,40210,22327,22512,22448,22429,,,,,22350,,,22523,,,43719,22489,,,22952,43408,24999,,,,,34131,33989,33917,34228,35976,42394,34947,37824,22702,22319,22956,22883,22963,140740,34372
,34191,34968,34156,,,,39269,34164,40201,38519,,22503,40201,22327,22511,22447,22428,,,,,22349,,,22522,,,43642,22487,,,22950,43305,24990,,,,,34131,33989,33917,34229,35972,42367,34945,37802,22700,22318,22954,22880,22959,140390,34371
,34189,34959,34151,,,,39266,34163,40192,38516,,22501,40192,22326,22510,22445,22427,,,,,22347,,,22521,,,43560,22485,,,22947,43195,24981,,,,,34130,33988,33918,34226,35968,42340,34944,37790,22697,22317,22952,22876,22954,140150,34370
,34187,34949,34147,,,,39263,34163,40183,38513,,22499,40183,22326,22509,22444,22426,,,,,22346,,,22519,,,43488,22482,,,22945,43099,24973,,,,,34129,33988,33918,34221,35964,42313,34943,37780,22695,22316,22951,22873,22950,140010,34370
,34185,34943,34150,,,,39260,34162,40175,38510,,22498,40175,22326,22508,22443,22425,,,,,22345,,,22518,,,43475,22481,,,22944,43077,24968,,,,,34128,33987,33917,34217,35957,42290,34940,37745,22693,22315,22950,22870,22948,140030,34367
,34183,34939,34158,,,,39259,34161,40168,38507,,22498,40168,22326,22508,22442,22424,,,,,22345,,,22518,,,43489,22480,,,22942,43089,24965,,,,,34127,33987,33917,34215,35949,42269,34936,37702,22692,22314,22949,22868,22948,140150,34364
,34181,34935,34166,,,,39257,34158,40161,38505,,22499,40161,22325,22508,22442,22423,,,,,22345,,,22517,,,43516,22480,,,22941,43117,24963,,,,,34125,33987,33916,34211,35941,42250,34931,37673,22691,22313,22949,22867,22948,140290,34361
,34179,34931,34175,,,,39255,34154,40154,38503,,22500,40154,22325,22509,22441,22423,,,,,22345,,,22516,,,43555,22481,,,22940,43159,24962,,,,,34123,33986,33916,34208,35933,42231,34927,37648,22691,22313,22948,22866,22948,140480,34358
,34177,34927,34185,,,,39254,34158,40147,38500,,22500,40147,22325,22508,22441,22422,,,,,22345,,,22515,,,43585,22478,,,22939,43194,24960,,,,,34122,33985,33915,34204,35925,42211,34923,37620,22690,22312,22947,22864,22948,140780,34356
,34175,34922,34194,,,,39252,34165,40139,38498,,22500,40139,22325,22508,22441,22421,,,,,22345,,,22515,,,43616,22476,,,22938,43230,24958,,,,,34120,33984,33915,34200,35916,42191,34920,37591,22689,22311,22947,22863,22948,141140,34354
,34173,34918,34205,,,,39250,34160,40132,38495,,22500,40132,22324,22508,22441,22420,,,,,22345,,,22514,,,43652,22476,,,22937,43270,24956,,,,,34119,33983,33914,34196,35907,42171,34916,37569,22688,22311,22946,22860,22949,141530,34353
,34171,34913,34215,,,,39248,34153,40125,38492,,22501,40125,22324,22508,22441,22420,,,,,22345,,,22513,,,43690,22477,,,22936,43312,24954,,,,,34117,33982,33913,34193,35898,42152,34913,37548,22688,22310,22945,22858,22949,141940,34351
,34169,34909,34219,,,,39247,34152,40118,38490,,22501,40118,22324,22508,22441,22419,,,,,22345,,,22512,,,43739,22477,,,22935,43357,24954,,,,,34115,33982,33913,34190,35894,42135,34909,37509,22687,22310,22945,22859,22950,142370,34349
,34167,34905,34220,,,,39246,34154,40111,38488,,22502,40111,22324,22509,22440,22419,,,,,22345,,,22512,,,43792,22476,,,22934,43400,24955,,,,,34114,33983,33913,34187,35890,42120,34905,37468,22687,22309,22945,22861,22952,142800,34347
,34165,34901,34220,,,,39245,34154,40105,38485,,22503,40105,22324,22510,22440,22418,,,,,22346,,,22511,,,43837,22476,,,22932,43442,24955,,,,,34112,33985,33914,34184,35887,42103,34902,37422,22686,22309,22944,22858,22953,143200,34345
,34162,34898,34218,,,,39244,34154,40098,38483,,22504,40098,22324,22510,22440,22417,,,,,22346,,,22510,,,43881,22475,,,22931,43477,24955,,,,,34110,33987,33914,34182,35884,42087,34899,37389,22685,22308,22944,22854,22954,143570,34343
,34160,34894,34219,,,,39244,34155,40091,38481,,22505,40091,22324,22511,22441,22417,,,,,22347,,,22510,,,43936,22475,,,22929,43495,24957,,,,,34108,33986,33914,34180,35880,42075,34895,37374,22685,22308,22944,22853,22956,143920,34340
,34157,34890,34219,,,,39243,34155,40084,38478,,22506,40084,22324,22512,22441,22416,,,,,22347,,,22509,,,43986,22475,,,22928,43501,24958,,,,,34106,33984,33915,34178,35875,42064,34892,37367,22685,22307,22944,22853,22958,144200,34338
,34155,34886,34220,,,,39243,34155,40078,38476,,22507,40078,22324,22513,22441,22416,,,,,22347,,,22509,,,44039,22475,,,22926,43502,24960,,,,,34105,33982,33915,34176,35870,42054,34889,37320,22684,22307,22944,22852,22959,144530,34336
,34152,34883,34219,,,,39242,34155,40071,38473,,22508,40071,22323,22513,22441,22415,,,,,22348,,,22508,,,44080,22475,,,22925,43491,24960,,,,,34103,33980,33916,34174,35866,42044,34885,37264,22684,22306,22943,22851,22961,144790,34334
,34151,34879,34213,,,,39238,34154,40062,38469,,22506,40062,22323,22512,22440,22414,,,,,22347,,,22506,,,44063,22474,,,22923,43453,24955,,,,,34102,33980,33916,34172,35855,42021,34883,37236,22683,22305,22942,22849,22960,144630,34332
,34150,34874,34205,,,,39234,34151,40052,38465,,22504,40052,22322,22509,22440,22413,,,,,22346,,,22504,,,44016,22472,,,22921,43400,24947,,,,,34101,33980,33915,34171,35843,41994,34880,37216,22681,22304,22939,22847,22958,144290,34331
,34150,34870,34196,,,,39229,34149,40041,38461,,22500,40041,22321,22506,22439,22411,,,,,22345,,,22502,,,43954,22470,,,22919,43334,24938,,,,,34100,33979,33915,34170,35830,41966,34878,37191,22679,22303,22936,22845,22956,144030,34329
,34149,34865,34187,,,,39223,34147,40030,38456,,22497,40030,22320,22503,22438,22410,,,,,22344,,,22500,,,43877,22468,,,22917,43257,24927,,,,,34099,33979,33915,34169,35817,41937,34876,37167,22676,22302,22933,22842,22953,143760,34327
,34149,34861,34178,,,,39218,34144,40019,38451,,22493,40019,22320,22500,22438,22408,,,,,22343,,,22498,,,43801,22466,,,22915,43186,24918,,,,,34098,33979,33914,34169,35808,41909,34873,37151,22676,22300,22930,22840,22950,143420,34326
,34149,34856,34169,,,,39213,34141,40008,38447,,22490,40008,22319,22496,22437,22407,,,,,22341,,,22495,,,43718,22464,,,22913,43110,24908,,,,,34098,33978,33914,34168,35800,41882,34871,37139,22676,22299,22927,22838,22947,143030,34324
,34149,34852,34161,,,,39208,34138,39997,38442,,22486,39997,22318,22493,22436,22405,,,,,22340,,,22493,,,43628,22462,,,22912,43031,24898,,,,,34097,33977,33914,34168,35793,41853,34869,37117,22673,22298,22924,22835,22944,142650,34323
,34149,34848,34155,,,,39203,34135,39985,38437,,22482,39985,22317,22489,22435,22403,,,,,22338,,,22491,,,43530,22459,,,22910,42946,24887,,,,,34097,33977,33913,34168,35787,41826,34866,37095,22669,22296,22921,22833,22941,142250,34322
,34149,34843,34150,,,,39197,34134,39974,38432,,22478,39974,22316,22485,22434,22402,,,,,22337,,,22488,,,43415,22457,,,22907,42838,24876,,,,,34096,33976,33913,34167,35783,41812,34865,37083,22667,22295,22917,22830,22938,141740,34320
,34147,34839,34148,,,,39190,34134,39962,38426,,22474,39962,22315,22481,22433,22400,,,,,22335,,,22485,,,43290,22454,,,22904,42719,24863,,,,,34095,33975,33912,34167,35780,41804,34863,37073,22665,22293,22913,22827,22934,141190,34319
,34146,34835,34146,,,,39184,34134,39950,38421,,22470,39950,22313,22477,22433,22399,,,,,22333,,,22483,,,43171,22452,,,22901,42605,24852,,,,,34095,33975,33912,34166,35778,41797,34861,37077,22663,22292,22910,22825,22930,140640,34317
,34145,34831,34146,,,,39177,34134,39938,38416,,22466,39938,22312,22473,22432,22397,,,,,22332,,,22480,,,43050,22449,,,22898,42491,24841,,,,,34094,33975,33912,34166,35776,41792,34860,37087,22661,22290,22906,22822,22926,140110,34316
,34144,34825,34154,,,,39170,34135,39926,38410,,22462,39926,22311,22468,22431,22395,,,,,22330,,,22478,,,42912,22446,,,22895,42363,24827,,,,,34094,33974,33911,34166,35776,41789,34859,37049,22659,22289,22902,22820,22922,139630,34314
,34142,34819,34164,,,,39163,34135,39914,38405,,22457,39914,22310,22464,22430,22394,,,,,22328,,,22475,,,42776,22443,,,22891,42237,24814,,,,,34093,33973,33911,34166,35776,41787,34859,36999,22657,22287,22898,22817,22917,139210,34313
,34141,34812,34178,,,,39156,34136,39902,38399,,22453,39902,22308,22459,22429,22392,,,,,22327,,,22472,,,42636,22441,,,22888,42109,24800,,,,,34093,33970,33911,34166,35777,41786,34860,37003,22654,22286,22893,22814,22913,138870,34312
,34140,34804,34192,,,,39150,34137,39889,38394,,22449,39889,22307,22455,22427,22390,,,,,22325,,,22469,,,42507,22438,,,22885,41995,24787,,,,,34092,33965,33910,34166,35778,41785,34861,37023,22652,22284,22889,22812,22909,138630,34310
,34139,34803,34204,,,,39147,34136,39879,38389,,22446,39879,22306,22452,22427,22388,,,,,22323,,,22467,,,42445,22436,,,22885,41939,24782,,,,,34092,33970,33910,34167,35775,41775,34857,37022,22650,22283,22887,22809,22907,138360,34309
,34138,34804,34216,,,,39145,34135,39869,38384,,22443,39869,22305,22450,22426,22387,,,,,22322,,,22465,,,42416,22435,,,22886,41912,24781,,,,,34091,33979,33910,34168,35770,41761,34851,37018,22648,22281,22885,22807,22906,138160,34308
,34138,34806,34226,,,,39144,34135,39859,38380,,22441,39859,22305,22448,22425,22385,,,,,22321,,,22464,,,42397,22434,,,22888,41923,24781,,,,,34091,33974,33910,34169,35764,41746,34846,37019,22647,22280,22884,22805,22906,138310,34306
,34138,34808,34235,,,,39144,34136,39850,38375,,22439,39850,22305,22447,22425,22383,,,,,22319,,,22462,,,42394,22434,,,22890,41956,24782,,,,,34090,33965,33910,34171,35758,41729,34842,37022,22645,22279,22883,22803,22906,138610,34305
,34138,34803,34250,,,,39144,34130,39840,38371,,22437,39840,22304,22445,22424,22381,,,,,22318,,,22460,,,42411,22433,,,22892,41962,24783,,,,,34090,33964,33910,34172,35753,41714,34837,37025,22643,22277,22881,22801,22906,138840,34304
,34137,34795,34265,,,,39143,34123,39831,38366,,22436,39831,22303,22444,22424,22380,,,,,22316,,,22458,,,42439,22432,,,22894,41965,24784,,,,,34089,33966,33910,34174,35748,41700,34832,37026,22641,22276,22880,22799,22906,139090,34303
,34136,34786,34282,,,,39144,34122,39822,38362,,22434,39822,22303,22443,22423,22378,,,,,22315,,,22457,,,42478,22431,,,22896,42002,24786,,,,,34089,33966,33910,34175,35743,41684,34838,37027,22640,22275,22879,22797,22906,139380,34301
,34136,34777,34296,,,,39144,34124,39813,38358,,22433,39813,22302,22442,22422,22376,,,,,22314,,,22455,,,42521,22430,,,22898,42046,24788,,,,,34089,33966,33910,34177,35738,41668,34847,37025,22638,22273,22878,22795,22906,139710,34300
,34135,34773,34294,,,,39145,34124,39804,38353,,22432,39804,22302,22441,22422,22374,,,,,22312,,,22454,,,42547,22430,,,22902,42066,24788,,,,,34088,33965,33910,34179,35732,41651,34845,37006,22636,22272,22877,22793,22907,140170,34299
,34135,34770,34284,,,,39146,34123,39795,38349,,22430,39795,22302,22440,22421,22372,,,,,22311,,,22452,,,42566,22430,,,22906,42078,24786,,,,,34087,33965,33910,34181,35725,41634,34840,36980,22635,22271,22877,22791,22908,140660,34297
,34135,34767,34272,,,,39146,34125,39786,38345,,22429,39786,22302,22439,22421,22371,,,,,22310,,,22451,,,42579,22430,,,22909,42086,24784,,,,,34087,33964,33910,34183,35719,41617,34835,36958,22634,22270,22877,22789,22909,141160,34296
,34134,34765,34257,,,,39147,34126,39777,38340,,22428,39777,22301,22438,22420,22369,,,,,22308,,,22449,,,42586,22430,,,22913,42088,24781,,,,,34086,33963,33910,34185,35714,41601,34831,36936,22632,22269,22876,22787,22910,141630,34295
,34134,34762,34244,,,,39148,34124,39769,38336,,22427,39769,22301,22437,22419,22367,,,,,22307,,,22448,,,42591,22430,,,22917,42092,24780,,,,,34085,33962,33910,34187,35706,41582,34827,36909,22631,22267,22876,22785,22912,141880,34294
,34134,34758,34230,,,,39150,34121,39760,38332,,22427,39760,22301,22437,22419,22365,,,,,22306,,,22447,,,42585,22430,,,22922,42087,24778,,,,,34084,33962,33910,34189,35699,41564,34823,36881,22629,22266,22876,22783,22913,141990,34293
,34133,34755,34218,,,,39151,34118,39752,38328,,22426,39752,22301,22436,22418,22363,,,,,22304,,,22446,,,42595,22430,,,22926,42083,24775,,,,,34084,33961,33910,34192,35691,41545,34822,36853,22628,22265,22876,22782,22915,142080,34291
,34133,34752,34205,,,,39153,34114,39743,38324,,22426,39743,22301,22435,22417,22362,,,,,22303,,,22445,,,42596,22430,,,22930,42069,24772,,,,,34083,33961,33910,34194,35683,41526,34822,36824,22627,22264,22876,22780,22916,142060,34290
,34133,34749,34191,,,,39151,34113,39734,38319,,22426,39734,22300,22434,22416,22360,,,,,22301,,,22443,,,42527,22429,,,22929,42011,24766,,,,,34082,33960,33910,34194,35682,41515,34816,36792,22625,22262,22874,22778,22914,141800,34289
,34132,34746,34177,,,,39149,34113,39724,38314,,22427,39724,22298,22432,22415,22359,,,,,22300,,,22441,,,42426,22427,,,22926,41933,24758,,,,,34082,33960,33910,34193,35682,41506,34809,36760,22622,22261,22871,22776,22911,141400,34288
,34132,34743,34161,,,,39146,34112,39714,38309,,22427,39714,22295,22431,22414,22358,,,,,22298,,,22439,,,42316,22424,,,22921,41839,24749,,,,,34081,33960,33910,34193,35683,41499,34814,36727,22619,22259,22867,22773,22907,140930,34287
,34132,34740,34146,,,,39143,34112,39704,38304,,22429,39704,22293,22429,22412,22357,,,,,22297,,,22438,,,42194,22421,,,22915,41735,24738,,,,,34081,33959,33910,34191,35684,41493,34822,36694,22616,22257,22863,22771,22903,140390,34285
,34131,34737,34149,,,,39140,34112,39694,38299,,22430,39694,22290,22427,22411,22356,,,,,22295,,,22436,,,42073,22419,,,22910,41647,24729,,,,,34080,33959,33910,34190,35687,41484,34823,36667,22613,22255,22860,22769,22899,139830,34284
,34131,34734,34158,,,,39136,34111,39685,38294,,22432,39685,22288,22426,22409,22355,,,,,22293,,,22434,,,41952,22416,,,22905,41559,24720,,,,,34080,33959,33910,34188,35690,41475,34823,36642,22611,22254,22856,22767,22894,139250,34283
,34131,34731,34171,,,,39132,34111,39675,38289,,22434,39675,22285,22424,22408,22354,,,,,22292,,,22433,,,41826,22414,,,22899,41475,24710,,,,,34079,33959,33910,34187,35695,41466,34825,36621,22608,22252,22853,22765,22890,138640,34281
,34131,34728,34186,,,,39128,34110,39665,38284,,22436,39665,22283,22422,22406,22353,,,,,22290,,,22431,,,41701,22411,,,22892,41387,24700,,,,,34079,33959,33910,34185,35698,41457,34826,36602,22605,22250,22849,22763,22885,138030,34280
,34130,34726,34185,,,,39125,34110,39655,38279,,22438,39655,22280,22420,22404,22352,,,,,22288,,,22429,,,41589,22408,,,22885,41258,24688,,,,,34079,33958,33909,34183,35695,41449,34826,36577,22602,22248,22844,22760,22880,137490,34279
,34130,34723,34180,,,,39121,34109,39645,38274,,22439,39645,22277,22418,22403,22351,,,,,22287,,,22427,,,41487,22404,,,22878,41116,24675,,,,,34078,33958,33909,34181,35688,41442,34824,36550,22598,22246,22839,22758,22875,136990,34278
,34130,34720,34174,,,,39117,34108,39635,38270,,22441,39635,22274,22417,22401,22350,,,,,22285,,,22425,,,41389,22401,,,22871,40974,24662,,,,,34078,33958,33909,34179,35681,41431,34822,36532,22595,22245,22835,22756,22869,136530,34277
,34129,34718,34166,,,,39114,34108,39626,38265,,22443,39626,22271,22415,22400,22349,,,,,22283,,,22424,,,41299,22398,,,22864,40835,24650,,,,,34077,33958,33909,34178,35673,41420,34819,36517,22592,22243,22830,22754,22864,136130,34277
,34129,34714,34162,,,,39110,34107,39616,38261,,22445,39616,22268,22413,22398,22348,,,,,22282,,,22422,,,41225,22394,,,22855,40723,24636,,,,,34077,33957,33909,34175,35665,41415,34817,36501,22588,22241,22825,22752,22858,135760,34276
,34129,34710,34158,,,,39106,34107,39606,38256,,22447,39606,22264,22411,22396,22347,,,,,22280,,,22420,,,41162,22391,,,22847,40628,24622,,,,,34076,33957,33909,34173,35657,41408,34814,36485,22585,22239,22820,22750,22852,135470,34275
,34128,34706,34155,,,,39102,34106,39596,38252,,22449,39596,22261,22409,22395,22347,,,,,22278,,,22418,,,41111,22387,,,22838,40536,24607,,,,,34076,33957,33909,34171,35647,41404,34812,36471,22581,22237,22815,22748,22846,135190,34271
,34128,34701,34151,,,,39098,34105,39586,38248,,22451,39586,22258,22407,22393,22346,,,,,22277,,,22416,,,41073,22384,,,22830,40459,24594,,,,,34076,33956,33908,34169,35638,41396,34809,36454,22577,22235,22810,22746,22840,135000,34266
,34128,34700,34146,,,,39094,34105,39578,38243,,22455,39578,22257,22406,22391,22345,,,,,22275,,,22416,,,41035,22383,,,22827,40430,24587,,,,,34075,33957,33908,34167,35633,41368,34806,36424,22576,22234,22808,22743,22837,135040,34272
,34128,34701,34141,,,,39091,34104,39571,38239,,22460,39571,22256,22405,22389,22344,,,,,22274,,,22415,,,41006,22382,,,22825,40427,24584,,,,,34074,33957,33908,34165,35630,41331,34803,36387,22575,22233,22807,22741,22836,135220,34280
,34128,34703,34136,,,,39088,34104,39563,38235,,22466,39563,22256,22404,22388,22343,,,,,22273,,,22415,,,41008,22383,,,22824,40438,24582,,,,,34073,33958,33908,34163,35627,41292,34800,36342,22574,22232,22807,22739,22836,135470,34273
,34128,34704,34130,,,,39085,34103,39557,38230,,22472,39557,22256,22403,22386,22342,,,,,22272,,,22416,,,41024,22383,,,22824,40461,24581,,,,,34073,33959,33908,34161,35625,41250,34797,36292,22574,22231,22808,22737,22836,135770,34262
,34128,34701,34126,,,,39082,34103,39550,38226,,22477,39550,22256,22402,22384,22342,,,,,22271,,,22416,,,41031,22384,,,22824,40485,24580,,,,,34072,33960,33908,34159,35623,41206,34794,36249,22574,22230,22807,22735,22835,136090,34260
,34127,34695,34122,,,,39079,34102,39543,38222,,22483,39543,22255,22401,22382,22341,,,,,22270,,,22416,,,41037,22384,,,22824,40511,24578,,,,,34071,33961,33908,34157,35621,41164,34791,36207,22573,22229,22807,22733,22835,136420,34259
,34127,34689,34118,,,,39076,34102,39536,38218,,22488,39536,22255,22400,22381,22340,,,,,22269,,,22416,,,41052,22385,,,22824,40546,24578,,,,,34071,33962,33908,34155,35620,41118,34788,36165,22573,22228,22806,22731,22835,136800,34256
,34127,34682,34114,,,,39074,34101,39530,38214,,22494,39530,22256,22399,22379,22339,,,,,22268,,,22417,,,41068,22386,,,22825,40583,24578,,,,,34070,33963,33908,34153,35618,41075,34785,36125,22573,22227,22806,22729,22836,137180,34253
,34127,34679,34107,,,,39071,34101,39524,38210,,22501,39524,22256,22399,22377,22338,,,,,22267,,,22418,,,41067,22387,,,22825,40618,24579,,,,,34069,33964,33908,34151,35616,41044,34782,36091,22573,22226,22809,22727,22837,137530,34253
,34127,34677,34100,,,,39068,34100,39518,38206,,22508,39518,22257,22398,22375,22337,,,,,22266,,,22419,,,41060,22388,,,22826,40652,24581,,,,,34068,33966,33908,34148,35614,41020,34779,36061,22574,22226,22813,22725,22838,137860,34255
,34127,34675,34093,,,,39065,34097,39512,38202,,22515,39512,22259,22398,22373,22337,,,,,22265,,,22420,,,41047,22390,,,22827,40677,24582,,,,,34067,33964,33908,34146,35613,40999,34777,36032,22575,22225,22816,22723,22839,138120,34257
,34127,34673,34087,,,,39062,34092,39506,38198,,22522,39506,22260,22398,22372,22336,,,,,22264,,,22421,,,41030,22391,,,22828,40698,24583,,,,,34066,33962,33908,34144,35611,40982,34774,36007,22575,22224,22819,22721,22840,138340,34260
,34127,34671,34078,,,,39059,34098,39501,38194,,22530,39501,22261,22397,22370,22335,,,,,22263,,,22422,,,41020,22393,,,22829,40733,24586,,,,,34065,33968,33908,34142,35608,40965,34772,35993,22577,22224,22824,22719,22841,138730,34258
,34127,34669,34070,,,,39056,34106,39495,38190,,22537,39495,22261,22397,22368,22334,,,,,22262,,,22424,,,41009,22394,,,22831,40763,24589,,,,,34064,33976,33909,34140,35604,40950,34769,35984,22578,22223,22830,22717,22843,139120,34256
,34127,34666,34062,,,,39053,34101,39490,38186,,22545,39490,22262,22397,22366,22334,,,,,22262,,,22425,,,40997,22396,,,22833,40806,24593,,,,,34062,33974,33909,34137,35598,40937,34766,35979,22579,22222,22836,22715,22844,139410,34253
,34127,34664,34054,,,,39050,34093,39485,38183,,22552,39485,22262,22397,22364,22333,,,,,22261,,,22427,,,40979,22397,,,22834,40836,24595,,,,,34061,33970,33908,34135,35593,40927,34763,35977,22580,22222,22841,22713,22846,139610,34249
,34127,34661,34053,,,,39048,34092,39478,38179,,22557,39478,22262,22395,22363,22332,,,,,22260,,,22426,,,40936,22397,,,22833,40782,24591,,,,,34061,33970,33908,34134,35594,40924,34762,35976,22578,22221,22839,22711,22845,139570,34248
,34126,34659,34055,,,,39047,34094,39472,38176,,22560,39472,22262,22393,22361,22331,,,,,22259,,,22425,,,40880,22396,,,22831,40698,24584,,,,,34060,33971,33908,34132,35597,40925,34762,35977,22576,22220,22833,22709,22842,139410,34248
,34126,34656,34058,,,,39045,34094,39465,38172,,22562,39465,22262,22391,22360,22330,,,,,22258,,,22424,,,40824,22394,,,22829,40585,24576,,,,,34060,33971,33907,34131,35602,40925,34761,35979,22573,22219,22826,22707,22840,139130,34247
,34125,34654,34062,,,,39044,34094,39458,38169,,22564,39458,22262,22389,22359,22329,,,,,22257,,,22422,,,40766,22393,,,22826,40464,24567,,,,,34060,33971,33907,34130,35607,40926,34761,35982,22569,22217,22818,22706,22836,138780,34247
,34124,34651,34067,,,,39043,34093,39452,38166,,22566,39452,22261,22387,22358,22328,,,,,22257,,,22421,,,40684,22391,,,22823,40412,24558,,,,,34060,33971,33907,34128,35602,40934,34762,35990,22566,22216,22810,22704,22833,138530,34246
,34124,34649,34072,,,,39041,34092,39446,38163,,22568,39446,22260,22385,22356,22327,,,,,22256,,,22420,,,40593,22389,,,22820,40378,24549,,,,,34059,33970,33906,34127,35595,40942,34763,36000,22563,22215,22802,22702,22830,138260,34245
,34123,34646,34078,,,,39040,34092,39439,38160,,22570,39439,22260,22383,22355,22326,,,,,22255,,,22419,,,40541,22387,,,22817,40351,24540,,,,,34059,33969,33906,34125,35585,40953,34764,36011,22560,22214,22793,22700,22827,138000,34244
,34122,34644,34084,,,,39039,34091,39433,38157,,22572,39433,22259,22381,22354,22325,,,,,22254,,,22417,,,40498,22384,,,22814,40323,24530,,,,,34058,33968,33905,34123,35575,40962,34764,36023,22556,22213,22784,22698,22824,137700,34243
,34122,34641,34086,,,,39039,34090,39426,38154,,22572,39426,22259,22379,22353,22324,,,,,22253,,,22415,,,40418,22382,,,22811,40240,24519,,,,,34058,33967,33905,34123,35569,40952,34762,36028,22552,22211,22780,22697,22820,137180,34242
,34121,34638,34086,,,,39038,34089,39419,38151,,22572,39419,22259,22376,22352,22323,,,,,22252,,,22414,,,40326,22380,,,22807,40136,24507,,,,,34057,33967,33904,34123,35564,40932,34759,36030,22547,22210,22777,22695,22816,136590,34242
,34120,34636,34086,,,,39037,34088,39413,38148,,22572,39413,22258,22373,22351,22322,,,,,22252,,,22412,,,40245,22377,,,22804,40034,24496,,,,,34056,33966,33904,34123,35561,40911,34756,36030,22543,22208,22777,22693,22812,136000,34241
,34120,34633,34085,,,,39037,34086,39406,38145,,22573,39406,22258,22371,22350,22321,,,,,22251,,,22410,,,40166,22375,,,22801,39929,24485,,,,,34055,33965,33903,34123,35557,40886,34753,36029,22539,22207,22777,22692,22808,135420,34240
,34119,34630,34085,,,,39037,34085,39399,38142,,22572,39399,22258,22368,22349,22319,,,,,22250,,,22409,,,40074,22372,,,22797,39821,24472,,,,,34055,33964,33902,34122,35551,40862,34749,36032,22534,22206,22774,22690,22804,134870,34239
,34118,34628,34084,,,,39036,34084,39393,38139,,22571,39393,22258,22365,22349,22318,,,,,22250,,,22409,,,39985,22369,,,22794,39718,24460,,,,,34055,33963,33902,34120,35544,40838,34745,36035,22530,22204,22772,22688,22800,134370,34238
,34118,34625,34083,,,,39036,34084,39386,38136,,22570,39386,22258,22362,22349,22317,,,,,22247,,,22408,,,39891,22367,,,22790,39607,24447,,,,,34055,33962,33901,34118,35539,40812,34741,36039,22525,22203,22769,22687,22795,133870,34237
,34117,34622,34082,,,,39036,34083,39379,38134,,22570,39379,22258,22359,22349,22316,,,,,22244,,,22408,,,39806,22364,,,22786,39506,24435,,,,,34056,33961,33901,34116,35535,40786,34736,36043,22520,22201,22767,22685,22791,133450,34236
,34116,34620,34082,,,,39035,34081,39374,38131,,22573,39374,22257,22358,22347,22315,,,,,22247,,,22408,,,39779,22362,,,22784,39461,24429,,,,,34053,33960,33900,34115,35529,40767,34734,36039,22519,22200,22772,22684,22789,133360,34235
,34115,34617,34082,,,,39034,34080,39370,38129,,22578,39370,22257,22359,22344,22314,,,,,22251,,,22409,,,39778,22361,,,22781,39442,24426,,,,,34049,33959,33900,34115,35525,40751,34732,36032,22518,22200,22780,22682,22788,133450,34234
,34114,34615,34083,,,,39033,34078,39367,38127,,22583,39367,22257,22359,22341,22313,,,,,22248,,,22409,,,39788,22359,,,22780,39440,24425,,,,,34044,33958,33899,34114,35530,40737,34731,36025,22519,22199,22787,22680,22787,133670,34233
,34114,34613,34083,,,,39032,34076,39363,38125,,22590,39363,22257,22360,22338,22312,,,,,22244,,,22410,,,39810,22357,,,22778,39448,24425,,,,,34039,33956,33899,34114,35539,40725,34729,36016,22520,22199,22794,22678,22787,133980,34233
,34113,34610,34083,,,,39031,34075,39359,38122,,22595,39359,22257,22361,22338,22311,,,,,22243,,,22411,,,39822,22358,,,22776,39440,24424,,,,,34039,33955,33898,34113,35543,40710,34728,36013,22520,22199,22805,22676,22787,134260,34232
,34112,34608,34083,,,,39031,34075,39356,38120,,22600,39356,22257,22362,22338,22310,,,,,22244,,,22412,,,39835,22359,,,22774,39432,24423,,,,,34041,33954,33898,34112,35546,40695,34727,36012,22521,22198,22815,22674,22786,134560,34232
,34111,34605,34083,,,,39030,34075,39353,38118,,22605,39353,22257,22363,22339,22309,,,,,22244,,,22413,,,39851,22356,,,22772,39423,24423,,,,,34044,33953,33897,34111,35551,40680,34726,36008,22522,22198,22827,22673,22786,134830,34231
,34110,34603,34083,,,,39029,34074,39349,38116,,22611,39349,22258,22364,22340,22308,,,,,22243,,,22414,,,39868,22353,,,22770,39418,24423,,,,,34048,33951,33897,34111,35555,40667,34726,36006,22523,22197,22837,22671,22786,135130,34231
,34110,34600,34082,,,,39028,34073,39347,38115,,22618,39347,22258,22365,22339,22307,,,,,22243,,,22414,,,39890,22353,,,22769,39447,24425,,,,,34048,33950,33896,34110,35553,40662,34724,36008,22525,22197,22836,22669,22786,135670,34230
,34108,34598,34082,,,,39027,34072,39344,38113,,22625,39344,22258,22367,22338,22306,,,,,22243,,,22414,,,39912,22353,,,22768,39487,24428,,,,,34047,33948,33896,34109,35547,40662,34722,36011,22527,22197,22829,22667,22786,136250,34229
,34107,34596,34082,,,,39026,34071,39341,38111,,22632,39341,22259,22368,22337,22305,,,,,22242,,,22413,,,39930,22352,,,22767,39525,24430,,,,,34045,33946,33895,34109,35541,40661,34717,36017,22529,22197,22821,22666,22787,136910,34228
,34106,34593,34082,,,,39026,34070,39338,38110,,22638,39338,22259,22369,22335,22304,,,,,22242,,,22412,,,39942,22351,,,22765,39561,24432,,,,,34043,33945,33894,34108,35534,40659,34711,36021,22531,22197,22811,22664,22787,137510,34227
,34105,34591,34082,,,,39025,34069,39336,38108,,22646,39336,22260,22371,22334,22303,,,,,22241,,,22411,,,39952,22352,,,22764,39583,24435,,,,,34043,33943,33893,34108,35526,40664,34714,36013,22534,22197,22800,22662,22788,137600,34226
,34104,34588,34082,,,,39024,34068,39334,38106,,22653,39334,22261,22373,22334,22303,,,,,22241,,,22411,,,39953,22351,,,22763,39590,24438,,,,,34042,33941,33893,34108,35519,40670,34721,36001,22538,22197,22788,22660,22789,137480,34225
,34103,34586,34082,,,,39023,34066,39332,38105,,22661,39332,22262,22375,22333,22302,,,,,22241,,,22410,,,39954,22355,,,22762,39612,24442,,,,,34042,33939,33892,34108,35510,40665,34714,35984,22543,22197,22775,22659,22789,137260,34225
,34102,34583,34082,,,,39022,34065,39329,38103,,22668,39329,22263,22377,22332,22301,,,,,22241,,,22408,,,39944,22359,,,22761,39626,24445,,,,,34041,33938,33891,34108,35502,40658,34704,35964,22547,22197,22761,22657,22790,136940,34224
,34101,34580,34080,,,,39023,34065,39325,38102,,22669,39325,22264,22376,22331,22300,,,,,22240,,,22406,,,39891,22351,,,22759,39544,24441,,,,,34040,33937,33891,34107,35496,40648,34703,35956,22545,22196,22754,22655,22789,136650,34224
,34101,34576,34077,,,,39024,34064,39320,38099,,22667,39320,22266,22376,22330,22298,,,,,22239,,,22403,,,39816,22339,,,22756,39426,24435,,,,,34039,33937,33891,34105,35490,40635,34704,35951,22541,22195,22749,22654,22786,136340,34223
,34101,34572,34076,,,,39025,34063,39315,38097,,22665,39315,22268,22374,22329,22297,,,,,22238,,,22400,,,39732,22342,,,22752,39359,24427,,,,,34038,33937,33889,34102,35485,40661,34704,35939,22535,22194,22744,22653,22784,135980,34223
,34101,34567,34073,,,,39026,34062,39309,38095,,22661,39309,22270,22373,22328,22295,,,,,22237,,,22396,,,39638,22347,,,22748,39297,24417,,,,,34036,33937,33888,34099,35481,40691,34703,35924,22528,22192,22740,22651,22780,135590,34222
,34101,34563,34070,,,,39028,34062,39304,38093,,22657,39304,22272,22371,22327,22294,,,,,22236,,,22393,,,39545,22345,,,22745,39193,24409,,,,,34034,33936,33890,34099,35475,40666,34704,35902,22527,22191,22736,22650,22778,135120,34220
,34101,34559,34067,,,,39030,34061,39298,38091,,22653,39298,22274,22370,22326,22292,,,,,22236,,,22390,,,39451,22340,,,22742,39079,24401,,,,,34033,33936,33893,34099,35470,40624,34704,35879,22529,22189,22732,22649,22775,134620,34218
,34101,34554,34060,,,,39032,34061,39292,38089,,22649,39292,22277,22368,22325,22291,,,,,22235,,,22386,,,39351,22336,,,22738,38962,24393,,,,,34031,33937,33892,34100,35464,40579,34705,35844,22531,22188,22729,22646,22772,134080,34216
,34101,34549,34052,,,,39034,34060,39286,38087,,22643,39286,22280,22366,22325,22289,,,,,22234,,,22383,,,39251,22333,,,22735,38848,24383,,,,,34029,33937,33889,34101,35459,40533,34705,35806,22534,22186,22725,22643,22769,133550,34214
,34101,34545,34058,,,,39035,34059,39280,38085,,22639,39280,22283,22364,22324,22288,,,,,22233,,,22378,,,39157,22331,,,22731,38762,24372,,,,,34028,33937,33889,34101,35456,40505,34701,35796,22531,22184,22720,22645,22765,133110,34212
,34100,34540,34069,,,,39036,34059,39274,38083,,22634,39274,22285,22362,22323,22286,,,,,22232,,,22373,,,39067,22331,,,22726,38689,24359,,,,,34028,33937,33889,34100,35455,40484,34696,35791,22526,22183,22713,22648,22760,132700,34211
,34099,34535,34063,,,,39038,34058,39269,38081,,22629,39269,22289,22360,22322,22284,,,,,22231,,,22369,,,38987,22331,,,22722,38629,24347,,,,,34028,33938,33890,34099,35453,40471,34690,35763,22520,22181,22706,22644,22756,132380,34209
,34099,34530,34052,,,,39039,34057,39263,38079,,22624,39263,22292,22358,22321,22283,,,,,22230,,,22364,,,38911,22332,,,22717,38575,24335,,,,,34028,33938,33890,34099,35452,40463,34685,35729,22514,22179,22700,22638,22753,132100,34208
,34098,34525,34052,,,,39041,34057,39257,38077,,22619,39257,22295,22356,22319,22281,,,,,22228,,,22359,,,38819,22330,,,22712,38505,24320,,,,,34029,33939,33890,34099,35452,40442,34677,35694,22511,22177,22693,22637,22749,131710,34207
,34097,34520,34055,,,,39042,34056,39251,38075,,22613,39251,22298,22353,22318,22279,,,,,22227,,,22354,,,38731,22328,,,22708,38437,24306,,,,,34030,33939,33890,34099,35452,40418,34670,35659,22509,22175,22686,22637,22744,131350,34205
,34096,34515,34055,,,,39044,34056,39244,38073,,22607,39244,22301,22351,22317,22278,,,,,22226,,,22349,,,38639,22329,,,22703,38368,24290,,,,,34031,33940,33890,34099,35452,40395,34662,35640,22508,22173,22679,22635,22742,130980,34204
,34096,34509,34056,,,,39045,34056,39238,38071,,22602,39238,22304,22349,22316,22276,,,,,22225,,,22344,,,38558,22331,,,22699,38308,24276,,,,,34032,33941,33890,34099,35452,40373,34654,35627,22506,22171,22673,22634,22740,130680,34202
,34095,34504,34055,,,,39048,34055,39233,38069,,22599,39233,22309,22347,22315,22275,,,,,22224,,,22342,,,38539,22331,,,22697,38297,24272,,,,,34031,33940,33890,34097,35449,40356,34653,35607,22505,22170,22669,22633,22734,130770,34201
,34094,34500,34054,,,,39050,34053,39228,38068,,22597,39228,22314,22345,22315,22274,,,,,22224,,,22340,,,38548,22330,,,22697,38309,24271,,,,,34029,33940,33889,34096,35446,40341,34654,35588,22505,22169,22665,22633,22728,131040,34199
,34094,34496,34052,,,,39052,34053,39223,38066,,22596,39223,22320,22343,22315,22272,,,,,22224,,,22339,,,38567,22330,,,22697,38328,24272,,,,,34026,33939,33889,34094,35442,40328,34656,35572,22505,22169,22663,22632,22730,131340,34198
,34093,34492,34051,,,,39055,34053,39218,38064,,22595,39218,22325,22341,22315,22272,,,,,22224,,,22339,,,38598,22330,,,22698,38355,24274,,,,,34022,33939,33890,34092,35439,40315,34659,35557,22505,22168,22660,22631,22733,131720,34196
,34093,34486,34049,,,,39057,34053,39214,38063,,22594,39214,22331,22340,22315,22271,,,,,22223,,,22338,,,38629,22330,,,22699,38384,24278,,,,,34022,33938,33890,34090,35434,40300,34662,35543,22505,22168,22658,22631,22732,132200,34195
,34093,34481,34048,,,,39058,34052,39209,38061,,22594,39209,22337,22338,22315,22270,,,,,22223,,,22338,,,38662,22330,,,22699,38414,24281,,,,,34022,33938,33890,34088,35429,40284,34665,35530,22506,22168,22655,22630,22730,132710,34193
,34092,34475,34046,,,,39059,34051,39204,38060,,22594,39204,22344,22336,22315,22269,,,,,22223,,,22337,,,38703,22331,,,22699,38449,24286,,,,,34023,33937,33890,34086,35425,40268,34670,35517,22506,22168,22653,22629,22729,133300,34192
,34092,34469,34045,,,,39060,34051,39199,38058,,22595,39199,22350,22335,22315,22268,,,,,22223,,,22337,,,38744,22331,,,22700,38482,24290,,,,,34023,33936,33890,34084,35421,40252,34673,35506,22507,22167,22652,22628,22728,133860,34190
,34092,34464,34044,,,,39064,34050,39195,38056,,22595,39195,22354,22333,22314,22267,,,,,22223,,,22337,,,38764,22330,,,22702,38496,24290,,,,,34023,33935,33890,34084,35417,40240,34673,35495,22508,22167,22650,22628,22729,134140,34189
,34091,34459,34043,,,,39068,34050,39191,38055,,22595,39191,22357,22331,22314,22266,,,,,22223,,,22338,,,38775,22329,,,22706,38499,24286,,,,,34022,33934,33890,34083,35413,40230,34670,35484,22509,22166,22648,22628,22730,134300,34187
,34091,34454,34042,,,,39073,34050,39187,38054,,22596,39187,22360,22329,22313,22265,,,,,22223,,,22338,,,38777,22328,,,22709,38498,24282,,,,,34021,33933,33890,34084,35409,40218,34666,35474,22511,22165,22647,22628,22731,134380,34185
,34091,34449,34041,,,,39078,34049,39182,38052,,22596,39182,22363,22327,22313,22265,,,,,22223,,,22338,,,38774,22326,,,22713,38490,24277,,,,,34020,33932,33890,34085,35405,40205,34662,35465,22512,22165,22645,22628,22732,134390,34184
,34091,34444,34040,,,,39080,34049,39178,38051,,22597,39178,22366,22326,22312,22264,,,,,22223,,,22339,,,38781,22325,,,22718,38475,24273,,,,,34019,33930,33890,34084,35401,40199,34659,35455,22513,22164,22644,22628,22734,134440,34182
,34090,34438,34039,,,,39081,34049,39174,38050,,22598,39174,22369,22324,22311,22263,,,,,22223,,,22340,,,38786,22324,,,22723,38454,24268,,,,,34018,33929,33890,34082,35397,40194,34655,35444,22515,22163,22643,22628,22736,134450,34181
,34089,34433,34038,,,,39082,34049,39170,38048,,22599,39170,22372,22322,22310,22263,,,,,22223,,,22341,,,38790,22322,,,22729,38431,24263,,,,,34018,33927,33890,34080,35393,40191,34651,35434,22516,22162,22642,22628,22739,134440,34179
,34087,34428,34037,,,,39082,34048,39166,38047,,22601,39166,22374,22320,22311,22262,,,,,22223,,,22342,,,38785,22321,,,22734,38402,24258,,,,,34017,33926,33890,34078,35389,40186,34647,35424,22518,22161,22641,22628,22741,134360,34178
,34088,34423,34036,,,,39082,34048,39162,38046,,22605,39162,22376,22319,22310,22261,,,,,22222,,,22341,,,38744,22319,,,22732,38355,24252,,,,,34016,33926,33890,34080,35385,40156,34642,35415,22518,22160,22639,22626,22738,134060,34176
,34089,34418,34036,,,,39081,34047,39157,38044,,22610,39157,22377,22317,22309,22259,,,,,22222,,,22340,,,38685,22317,,,22726,38296,24247,,,,,34016,33926,33890,34084,35381,40117,34637,35405,22518,22159,22636,22624,22734,133640,34175
,34092,34413,34034,,,,39079,34046,39153,38043,,22615,39153,22378,22316,22309,22258,,,,,22221,,,22338,,,38619,22316,,,22720,38240,24241,,,,,34015,33927,33890,34089,35377,40078,34632,35397,22517,22159,22634,22621,22729,133170,34174
,34094,34408,34033,,,,39076,34045,39148,38041,,22621,39148,22379,22314,22308,22256,,,,,22220,,,22336,,,38544,22314,,,22713,38178,24235,,,,,34014,33928,33890,34094,35373,40036,34627,35389,22516,22158,22631,22617,22724,132660,34173
,34092,34403,34033,,,,39074,34044,39144,38040,,22627,39144,22380,22313,22308,22255,,,,,22219,,,22334,,,38463,22312,,,22706,38095,24229,,,,,34014,33929,33890,34094,35368,39989,34621,35380,22515,22157,22628,22614,22717,132170,34172
,34089,34399,34033,,,,39071,34043,39140,38038,,22635,39140,22381,22312,22307,22254,,,,,22219,,,22331,,,38377,22310,,,22698,38006,24224,,,,,34014,33930,33890,34092,35364,39942,34615,35371,22515,22156,22625,22611,22711,131690,34171
,34086,34394,34034,,,,39068,34042,39136,38037,,22642,39136,22382,22310,22307,22252,,,,,22218,,,22329,,,38288,22308,,,22690,37909,24219,,,,,34014,33932,33890,34090,35359,39891,34609,35362,22514,22155,22622,22608,22704,131210,34170
,34082,34390,34035,,,,39065,34042,39133,38036,,22651,39133,22383,22309,22307,22251,,,,,22217,,,22326,,,38198,22306,,,22682,37815,24213,,,,,34015,33933,33889,34087,35355,39843,34603,35353,22513,22155,22619,22604,22698,130750,34169
,34081,34384,34032,,,,39060,34040,39127,38034,,22657,39127,22385,22308,22306,22249,,,,,22216,,,22325,,,38111,22305,,,22677,37763,24205,,,,,34013,33933,33889,34083,35351,39825,34601,35350,22512,22153,22616,22600,22695,130270,34168
,34082,34379,34027,,,,39055,34039,39122,38032,,22663,39122,22388,22307,22305,22247,,,,,22215,,,22324,,,38029,22304,,,22674,37729,24196,,,,,34010,33932,33889,34078,35348,39820,34602,35349,22510,22152,22614,22596,22694,129820,34167
,34082,34374,34022,,,,39049,34036,39116,38031,,22670,39116,22393,22305,22304,22245,,,,,22214,,,22323,,,37954,22303,,,22672,37709,24187,,,,,34009,33931,33889,34071,35345,39819,34603,35350,22508,22151,22612,22592,22694,129400,34166
,34083,34368,34017,,,,39044,34032,39111,38029,,22677,39111,22397,22304,22303,22243,,,,,22213,,,22323,,,37885,22302,,,22671,37698,24179,,,,,34008,33930,33889,34065,35342,39824,34604,35350,22507,22150,22610,22587,22695,129030,34166
,34083,34363,34015,,,,39037,34034,39105,38028,,22683,39105,22401,22303,22302,22241,,,,,22212,,,22322,,,37817,22302,,,22668,37669,24169,,,,,34003,33929,33889,34066,35340,39827,34606,35349,22505,22149,22607,22583,22695,128800,34165
,34084,34357,34015,,,,39030,34036,39098,38026,,22691,39098,22404,22301,22301,22240,,,,,22211,,,22320,,,37759,22301,,,22665,37642,24159,,,,,33997,33928,33888,34071,35337,39830,34607,35348,22503,22148,22605,22578,22695,128680,34164
,34085,34351,34015,,,,39022,34035,39091,38025,,22697,39091,22408,22300,22300,22238,,,,,22209,,,22320,,,37701,22300,,,22663,37613,24151,,,,,33988,33926,33888,34077,35335,39837,34609,35346,22501,22147,22603,22573,22696,128590,34163
,34085,34345,34016,,,,39015,34034,39085,38023,,22705,39085,22412,22299,22299,22236,,,,,22208,,,22320,,,37654,22300,,,22661,37593,24144,,,,,33981,33925,33888,34083,35332,39845,34611,35343,22499,22146,22601,22569,22696,128580,34163
,34084,34341,34016,,,,39012,34027,39083,38022,,22716,39083,22420,22298,22299,22235,,,,,22207,,,22319,,,37661,22298,,,22663,37626,24135,,,,,33987,33924,33888,34084,35326,39849,34611,35343,22499,22145,22599,22566,22697,128770,34162
,34081,34338,34017,,,,39010,34019,39082,38022,,22728,39082,22430,22297,22300,22234,,,,,22207,,,22318,,,37693,22297,,,22665,37681,24127,,,,,33997,33924,33888,34082,35320,39853,34610,35343,22500,22144,22598,22565,22697,129050,34161
,34078,34335,34017,,,,39009,34025,39082,38022,,22742,39082,22440,22297,22300,22234,,,,,22206,,,22317,,,37733,22295,,,22668,37745,24129,,,,,34010,33924,33888,34080,35312,39854,34610,35343,22501,22143,22596,22565,22697,129360,34160
,34075,34333,34018,,,,39008,34035,39082,38021,,22756,39082,22451,22296,22301,22233,,,,,22205,,,22316,,,37783,22294,,,22672,37815,24134,,,,,34023,33924,33888,34078,35303,39854,34609,35342,22503,22143,22595,22564,22697,129710,34159
,34071,34331,34019,,,,39007,34037,39084,38021,,22769,39084,22461,22296,22301,22233,,,,,22204,,,22316,,,37830,22292,,,22676,37878,24134,,,,,34026,33924,33888,34077,35297,39858,34608,35336,22504,22142,22593,22564,22697,130130,34158
,34068,34329,34021,,,,39006,34037,39085,38021,,22782,39085,22471,22295,22302,22232,,,,,22204,,,22315,,,37875,22290,,,22680,37937,24132,,,,,34024,33924,33887,34076,35291,39862,34606,35327,22506,22141,22592,22564,22697,130550,34157
,34064,34328,34024,,,,39005,34039,39088,38021,,22795,39088,22480,22295,22303,22231,,,,,22203,,,22314,,,37923,22289,,,22684,37990,24132,,,,,34022,33924,33887,34076,35286,39867,34605,35317,22507,22140,22590,22565,22696,131010,34156
,34060,34326,34026,,,,39004,34041,39090,38021,,22809,39090,22489,22294,22304,22231,,,,,22202,,,22313,,,37967,22287,,,22689,38035,24132,,,,,34019,33924,33887,34075,35282,39869,34603,35305,22509,22139,22589,22565,22696,131430,34155
,34059,34321,34025,,,,39001,34039,39086,38021,,22824,39086,22498,22294,22304,22231,,,,,22201,,,22312,,,37993,22285,,,22691,38088,24131,,,,,34017,33924,33887,34075,35272,39858,34597,35289,22510,22139,22588,22564,22696,131610,34154
,34059,34315,34023,,,,38996,34037,39081,38021,,22840,39081,22507,22294,22303,22232,,,,,22200,,,22312,,,38004,22284,,,22692,38134,24129,,,,,34016,33924,33887,34074,35261,39841,34590,35270,22511,22139,22587,22564,22695,131670,34152
,34060,34309,34021,,,,38990,34033,39075,38021,,22855,39075,22513,22293,22303,22232,,,,,22199,,,22311,,,38019,22282,,,22692,38140,24126,,,,,34015,33924,33886,34074,35249,39820,34581,35250,22512,22139,22586,22563,22694,131650,34151
,34061,34303,34019,,,,38983,34029,39068,38021,,22869,39068,22519,22293,22303,22233,,,,,22198,,,22311,,,38019,22280,,,22692,38123,24123,,,,,34013,33924,33885,34074,35237,39797,34572,35229,22512,22139,22585,22562,22693,131570,34150
,34062,34296,34016,,,,38977,34028,39061,38021,,22885,39061,22527,22293,22302,22234,,,,,22197,,,22310,,,37963,22279,,,22693,38121,24121,,,,,34009,33924,33886,34074,35235,39776,34572,35210,22513,22139,22584,22561,22692,131490,34149
,34063,34289,34014,,,,38971,34027,39054,38022,,22901,39054,22533,22293,22302,22235,,,,,22196,,,22310,,,37882,22277,,,22694,38109,24119,,,,,34005,33923,33888,34074,35237,39755,34575,35190,22514,22139,22583,22560,22691,131360,34148
,34064,34282,34011,,,,38965,34027,39046,38022,,22916,39046,22540,22293,22301,22237,,,,,22195,,,22309,,,37784,22276,,,22695,38045,24116,,,,,34000,33923,33887,34073,35241,39733,34579,35171,22515,22140,22583,22559,22690,131230,34147
,34066,34275,34008,,,,38958,34027,39038,38022,,22931,39038,22544,22292,22300,22238,,,,,22194,,,22309,,,37677,22275,,,22695,37955,24114,,,,,33995,33923,33885,34073,35246,39709,34584,35151,22515,22140,22582,22558,22689,131030,34146
,34066,34270,34006,,,,38950,34025,39033,38021,,22939,39033,22539,22292,22300,22237,,,,,22193,,,22308,,,37598,22272,,,22692,37857,24108,,,,,33993,33923,33885,34073,35244,39681,34583,35132,22514,22139,22580,22557,22686,130580,34146
,34066,34267,34005,,,,38941,34023,39030,38020,,22943,39030,22529,22290,22299,22234,,,,,22192,,,22306,,,37525,22270,,,22686,37745,24101,,,,,33992,33923,33885,34072,35240,39651,34579,35113,22513,22136,22577,22556,22682,130010,34146
,34066,34263,34003,,,,38932,34021,39026,38019,,22947,39026,22517,22289,22299,22231,,,,,22191,,,22305,,,37456,22269,,,22681,37622,24093,,,,,33992,33923,33885,34072,35236,39623,34575,35093,22511,22133,22575,22554,22678,129420,34146
,34066,34260,34002,,,,38923,34019,39023,38018,,22948,39023,22503,22288,22298,22227,,,,,22190,,,22304,,,37386,22269,,,22675,37489,24085,,,,,33992,33923,33885,34071,35231,39595,34571,35072,22509,22131,22572,22553,22674,128800,34146
,34066,34257,34001,,,,38913,34016,39021,38017,,22950,39021,22489,22286,22297,22223,,,,,22189,,,22303,,,37302,22267,,,22668,37347,24078,,,,,33992,33922,33885,34070,35228,39560,34568,35057,22507,22127,22569,22551,22669,128140,34146
,34066,34255,33999,,,,38904,34014,39018,38015,,22951,39018,22474,22285,22297,22218,,,,,22188,,,22301,,,37216,22266,,,22661,37202,24070,,,,,33991,33922,33885,34070,35225,39525,34565,35044,22504,22124,22567,22550,22664,127500,34146
,34067,34252,33997,,,,38893,34012,39016,38014,,22951,39016,22458,22283,22296,22214,,,,,22187,,,22300,,,37130,22264,,,22652,37052,24062,,,,,33991,33922,33884,34069,35222,39486,34562,35024,22502,22120,22564,22549,22659,126860,34146
,34067,34250,33996,,,,38883,34010,39014,38012,,22951,39014,22440,22281,22295,22209,,,,,22186,,,22298,,,37048,22263,,,22644,36907,24054,,,,,33991,33922,33884,34068,35219,39451,34559,35003,22499,22116,22561,22548,22654,126260,34146
,34066,34247,33995,,,,38875,34009,39010,38011,,22949,39010,22424,22280,22295,22208,,,,,22185,,,22297,,,36989,22262,,,22643,36791,24046,,,,,33990,33922,33884,34067,35218,39441,34556,34986,22497,22115,22558,22546,22652,125860,34147
,34066,34243,33994,,,,38867,34009,39006,38009,,22947,39006,22407,22278,22294,22208,,,,,22184,,,22295,,,36942,22260,,,22643,36692,24038,,,,,33989,33922,33884,34066,35218,39441,34554,34969,22494,22115,22555,22543,22650,125590,34147
,34065,34239,33994,,,,38860,34010,39001,38008,,22945,39001,22390,22277,22293,22209,,,,,22183,,,22294,,,36901,22259,,,22644,36601,24031,,,,,33988,33922,33884,34065,35217,39447,34552,34952,22491,22115,22552,22541,22649,125360,34147
,34064,34236,33993,,,,38853,34010,38997,38006,,22942,38997,22374,22276,22292,22210,,,,,22182,,,22292,,,36868,22257,,,22646,36523,24024,,,,,33987,33922,33884,34065,35217,39457,34550,34935,22488,22115,22550,22539,22649,125210,34148
,34063,34232,33993,,,,38846,34011,38993,38005,,22938,38993,22355,22274,22292,22211,,,,,22181,,,22290,,,36846,22256,,,22649,36463,24015,,,,,33986,33922,33884,34064,35217,39455,34548,34918,22485,22116,22547,22535,22647,125290,34148
,34063,34228,33992,,,,38839,34012,38988,38003,,22934,38988,22337,22272,22291,22212,,,,,22180,,,22289,,,36832,22254,,,22651,36419,24006,,,,,33985,33921,33883,34063,35217,39450,34546,34901,22482,22117,22544,22532,22646,125490,34148
,34062,34223,33992,,,,38832,34013,38983,38001,,22929,38983,22318,22271,22290,22214,,,,,22178,,,22287,,,36825,22254,,,22655,36381,23996,,,,,33984,33921,33884,34062,35218,39445,34544,34884,22479,22118,22541,22529,22645,125730,34149
,34061,34219,33992,,,,38825,34014,38978,37999,,22923,38978,22299,22269,22289,22216,,,,,22177,,,22285,,,36823,22254,,,22658,36354,23987,,,,,33983,33920,33884,34061,35218,39441,34542,34868,22476,22118,22538,22525,22645,126030,34149
,34061,34217,33990,,,,38817,34014,38976,37998,,22922,38976,22287,22268,22288,22215,,,,,22176,,,22284,,,36828,22250,,,22657,36352,23985,,,,,33982,33920,33883,34060,35215,39439,34539,34856,22472,22118,22535,22525,22644,126390,34149
,34061,34216,33989,,,,38810,34013,38974,37997,,22921,38974,22276,22266,22287,22214,,,,,22175,,,22283,,,36838,22246,,,22655,36364,23987,,,,,33980,33920,33882,34059,35211,39439,34536,34847,22469,22116,22534,22525,22645,126770,34149
,34061,34216,33987,,,,38802,34012,38972,37995,,22921,38972,22267,22265,22286,22212,,,,,22174,,,22282,,,36839,22247,,,22652,36374,23988,,,,,33979,33920,33881,34058,35206,39437,34533,34838,22466,22115,22532,22526,22644,127160,34149
,34061,34215,33986,,,,38794,34010,38970,37994,,22921,38970,22259,22263,22286,22211,,,,,22173,,,22281,,,36841,22250,,,22648,36388,23991,,,,,33977,33920,33880,34057,35201,39434,34530,34830,22463,22113,22530,22527,22644,127510,34149
,34062,34214,33984,,,,38787,34009,38969,37992,,22920,38969,22251,22261,22285,22209,,,,,22172,,,22280,,,36868,22248,,,22645,36407,23995,,,,,33976,33920,33880,34057,35195,39433,34528,34823,22460,22111,22529,22528,22645,127710,34149
,34062,34212,33982,,,,38780,34008,38968,37991,,22919,38968,22244,22260,22284,22207,,,,,22171,,,22280,,,36894,22246,,,22641,36421,24000,,,,,33974,33920,33879,34056,35190,39431,34525,34817,22457,22109,22528,22530,22646,127780,34149
,34062,34211,33981,,,,38773,34007,38968,37990,,22918,38968,22237,22258,22283,22205,,,,,22169,,,22279,,,36930,22244,,,22637,36443,24006,,,,,33973,33920,33880,34055,35184,39430,34523,34810,22453,22107,22527,22532,22647,127840,34149
,34063,34209,33979,,,,38767,34005,38967,37988,,22917,38967,22231,22257,22283,22203,,,,,22168,,,22279,,,36955,22242,,,22633,36454,24011,,,,,33971,33920,33880,34054,35178,39427,34520,34803,22450,22106,22526,22534,22648,127800,34149
,34063,34206,33977,,,,38758,34004,38964,37987,,22915,38964,22224,22255,22282,22202,,,,,22167,,,22277,,,36904,22240,,,22630,36400,24006,,,,,33970,33920,33878,34054,35173,39414,34517,34799,22447,22104,22523,22532,22645,127480,34149
,34063,34203,33975,,,,38750,34003,38959,37986,,22913,38959,22217,22254,22281,22201,,,,,22166,,,22276,,,36820,22239,,,22628,36316,23996,,,,,33968,33920,33876,34053,35169,39396,34514,34794,22444,22102,22520,22528,22641,127010,34148
,34064,34200,33974,,,,38741,34002,38954,37984,,22911,38954,22210,22252,22280,22200,,,,,22165,,,22274,,,36730,22238,,,22625,36226,23985,,,,,33967,33920,33873,34052,35165,39376,34511,34791,22441,22101,22516,22524,22636,126520,34148
,34064,34196,33972,,,,38732,34001,38949,37983,,22908,38949,22203,22250,22279,22198,,,,,22164,,,22272,,,36628,22238,,,22623,36126,23973,,,,,33966,33920,33871,34051,35161,39354,34508,34789,22438,22100,22513,22520,22632,125960,34148
,34064,34193,33970,,,,38724,34000,38944,37981,,22905,38944,22197,22249,22278,22197,,,,,22162,,,22270,,,36519,22237,,,22620,36019,23960,,,,,33964,33920,33872,34050,35156,39332,34504,34771,22435,22098,22509,22516,22626,125290,34148
,34065,34189,33969,,,,38715,33999,38938,37980,,22902,38938,22191,22247,22278,22196,,,,,22161,,,22268,,,36410,22236,,,22617,35911,23947,,,,,33962,33920,33874,34050,35152,39311,34502,34750,22432,22097,22505,22511,22621,124610,34148
,34065,34185,33967,,,,38706,33998,38932,37978,,22900,38932,22186,22245,22277,22195,,,,,22160,,,22265,,,36289,22235,,,22614,35792,23932,,,,,33961,33920,33877,34049,35147,39288,34499,34752,22429,22095,22501,22506,22614,123850,34147
,34066,34181,33965,,,,38698,33997,38927,37977,,22896,38927,22180,22244,22276,22194,,,,,22159,,,22263,,,36172,22234,,,22612,35678,23918,,,,,33959,33920,33880,34049,35143,39265,34496,34761,22426,22094,22498,22502,22609,123120,34147
,34065,34178,33964,,,,38692,33996,38923,37975,,22889,38923,22175,22243,22276,22193,,,,,22158,,,22262,,,36104,22233,,,22609,35609,23908,,,,,33958,33920,33880,34048,35141,39241,34494,34756,22423,22092,22495,22499,22606,122750,34147
,34065,34175,33964,,,,38686,33995,38921,37974,,22879,38921,22170,22243,22275,22191,,,,,22157,,,22261,,,36057,22231,,,22607,35559,23901,,,,,33957,33919,33879,34047,35139,39218,34493,34747,22420,22091,22493,22496,22604,122530,34146
,34065,34173,33963,,,,38681,33995,38919,37972,,22869,38919,22166,22242,22275,22190,,,,,22157,,,22260,,,36018,22229,,,22605,35519,23895,,,,,33956,33919,33878,34046,35137,39196,34493,34742,22417,22091,22492,22495,22603,122390,34146
,34064,34170,33963,,,,38677,33994,38917,37971,,22858,38917,22162,22242,22275,22189,,,,,22156,,,22259,,,35988,22228,,,22604,35488,23889,,,,,33955,33918,33877,34046,35135,39175,34493,34738,22414,22090,22490,22493,22602,122310,34146
,34064,34168,33963,,,,38673,33994,38915,37969,,22847,38915,22157,22242,22275,22188,,,,,22155,,,22258,,,35956,22226,,,22602,35450,23883,,,,,33955,33918,33877,34043,35134,39150,34492,34734,22411,22089,22489,22491,22601,122190,34145
,34063,34165,33963,,,,38668,33993,38913,37968,,22835,38913,22153,22241,22275,22186,,,,,22154,,,22257,,,35926,22224,,,22600,35415,23877,,,,,33954,33917,33876,34041,35132,39126,34491,34730,22408,22088,22488,22490,22601,122080,34145
,34063,34163,33963,,,,38664,33993,38912,37966,,22822,38912,22150,22241,22276,22185,,,,,22154,,,22256,,,35903,22222,,,22598,35383,23872,,,,,33954,33917,33876,34037,35131,39101,34491,34727,22404,22087,22487,22488,22600,122010,34144
,34062,34160,33963,,,,38661,33994,38910,37964,,22809,38910,22146,22241,22276,22184,,,,,22153,,,22255,,,35883,22220,,,22597,35357,23867,,,,,33954,33916,33875,34034,35130,39078,34495,34725,22401,22087,22486,22486,22600,121980,34143
,34061,34158,33962,,,,38659,33992,38908,37963,,22798,38908,22143,22241,22276,22183,,,,,22152,,,22254,,,35859,22219,,,22595,35342,23861,,,,,33952,33916,33875,34036,35127,39066,34484,34722,22400,22086,22484,22486,22599,122030,34143
,34061,34155,33962,,,,38657,33990,38907,37961,,22788,38907,22140,22241,22276,22181,,,,,22152,,,22253,,,35835,22218,,,22593,35334,23856,,,,,33951,33915,33874,34040,35124,39059,34498,34720,22399,22085,22483,22486,22597,122130,34143
,34060,34152,33962,,,,38656,33990,38905,37960,,22778,38905,22137,22241,22276,22180,,,,,22151,,,22252,,,35817,22217,,,22592,35331,23851,,,,,33950,33914,33874,34045,35120,39053,34498,34718,22398,22084,22481,22487,22596,122270,34142
,34060,34150,33962,,,,38654,33991,38903,37958,,22768,38903,22134,22241,22277,22178,,,,,22151,,,22252,,,35801,22216,,,22590,35330,23846,,,,,33949,33914,33874,34051,35116,39050,34500,34716,22398,22084,22479,22487,22594,122440,34142
,34059,34147,33961,,,,38654,33991,38902,37957,,22758,38902,22132,22242,22277,22177,,,,,22150,,,22251,,,35779,22215,,,22589,35330,23841,,,,,33947,33913,33874,34049,35112,39047,34504,34715,22397,22083,22478,22488,22593,122590,34141
,34058,34145,33961,,,,38654,33990,38901,37955,,22747,38901,22130,22242,22277,22175,,,,,22150,,,22250,,,35758,22214,,,22587,35330,23836,,,,,33945,33913,33874,34044,35108,39044,34509,34714,22397,22083,22476,22489,22592,122740,34141
,34057,34142,33961,,,,38654,33989,38899,37954,,22737,38899,22128,22242,22278,22173,,,,,22149,,,22249,,,35735,22213,,,22586,35331,23830,,,,,33943,33912,33874,34039,35104,39043,34514,34713,22397,22082,22474,22491,22590,122900,34140
,34057,34139,33960,,,,38654,33989,38898,37952,,22727,38898,22125,22242,22278,22172,,,,,22148,,,22248,,,35717,22213,,,22584,35333,23825,,,,,33941,33912,33874,34033,35100,39042,34518,34712,22398,22081,22472,22492,22589,123060,34140
,34056,34137,33960,,,,38653,33988,38896,37950,,22715,38896,22123,22243,22279,22171,,,,,22148,,,22247,,,35722,22211,,,22583,35335,23823,,,,,33941,33911,33873,34031,35095,39038,34517,34711,22397,22081,22471,22492,22588,123270,34139
,34055,34134,33961,,,,38651,33988,38894,37949,,22702,38894,22120,22243,22279,22170,,,,,22147,,,22246,,,35738,22210,,,22581,35336,23821,,,,,33943,33910,33873,34032,35089,39033,34513,34709,22395,22080,22471,22491,22587,123480,34138
,34055,34131,33961,,,,38650,33988,38891,37947,,22690,38891,22117,22243,22279,22170,,,,,22147,,,22245,,,35751,22209,,,22580,35333,23819,,,,,33944,33910,33873,34032,35083,39027,34508,34708,22394,22079,22471,22490,22586,123650,34137
,34054,34128,33962,,,,38648,33988,38889,37945,,22677,38889,22115,22243,22280,22170,,,,,22146,,,22244,,,35767,22207,,,22578,35328,23817,,,,,33946,33909,33873,34033,35077,39020,34503,34707,22392,22078,22470,22489,22586,123810,34136
,34053,34126,33962,,,,38647,33987,38886,37944,,22664,38886,22112,22243,22280,22170,,,,,22146,,,22243,,,35791,22206,,,22577,35329,23816,,,,,33949,33908,33873,34033,35071,39014,34498,34705,22390,22077,22470,22488,22585,124020,34135
,34053,34123,33963,,,,38645,33987,38884,37942,,22652,38884,22109,22243,22280,22170,,,,,22145,,,22242,,,35812,22204,,,22575,35328,23815,,,,,33951,33908,33872,34032,35066,39008,34494,34704,22388,22076,22470,22487,22584,124200,34134
,34052,34121,33964,,,,38643,33987,38882,37941,,22640,38882,22107,22243,22281,22170,,,,,22144,,,22242,,,35839,22203,,,22573,35329,23814,,,,,33954,33907,33872,34032,35060,39002,34490,34703,22386,22076,22470,22486,22583,124380,34133
,34051,34118,33965,,,,38642,33986,38880,37939,,22627,38880,22104,22243,22281,22170,,,,,22144,,,22241,,,35859,22201,,,22572,35325,23813,,,,,33957,33906,33872,34032,35055,38994,34486,34702,22385,22075,22470,22484,22583,124510,34132
,34051,34115,33964,,,,38641,33986,38877,37937,,22614,38877,22102,22244,22282,22169,,,,,22143,,,22240,,,35840,22200,,,22570,35290,23808,,,,,33957,33906,33872,34031,35049,38983,34482,34703,22383,22074,22469,22483,22582,124400,34131
,34050,34113,33963,,,,38640,33986,38874,37936,,22601,38874,22100,22244,22283,22167,,,,,22143,,,22239,,,35802,22199,,,22569,35241,23803,,,,,33955,33905,33872,34030,35042,38969,34479,34704,22382,22073,22468,22483,22581,124160,34130
,34049,34110,33961,,,,38639,33986,38872,37934,,22589,38872,22098,22244,22283,22166,,,,,22142,,,22238,,,35752,22197,,,22568,35184,23796,,,,,33953,33904,33872,34030,35036,38953,34476,34705,22381,22072,22466,22482,22580,123880,34128
,34048,34107,33960,,,,38639,33986,38869,37933,,22576,38869,22096,22244,22284,22164,,,,,22142,,,22237,,,35694,22196,,,22567,35120,23788,,,,,33950,33904,33871,34029,35031,38936,34473,34707,22379,22071,22464,22481,22578,123530,34127
,34047,34105,33958,,,,38638,33987,38867,37931,,22563,38867,22094,22244,22285,22162,,,,,22141,,,22236,,,35650,22194,,,22566,35065,23782,,,,,33947,33903,33871,34028,35024,38922,34474,34709,22378,22070,22462,22480,22577,123120,34126
,34046,34102,33956,,,,38638,33987,38864,37929,,22551,38864,22093,22245,22286,22161,,,,,22141,,,22235,,,35605,22193,,,22565,35011,23776,,,,,33944,33903,33871,34027,35017,38908,34477,34712,22377,22070,22460,22479,22576,122670,34125
,34045,34099,33954,,,,38637,33987,38861,37928,,22538,38861,22091,22245,22287,22159,,,,,22140,,,22234,,,35558,22192,,,22564,34955,23770,,,,,33940,33903,33871,34027,35010,38894,34481,34715,22375,22069,22458,22478,22576,122180,34124
,34044,34097,33952,,,,38637,33987,38859,37926,,22526,38859,22089,22245,22288,22158,,,,,22140,,,22233,,,35507,22190,,,22564,34896,23764,,,,,33935,33903,33871,34026,35003,38878,34486,34718,22374,22068,22456,22477,22574,121670,34123
,34043,34095,33951,,,,38635,33986,38858,37925,,22517,38858,22088,22245,22289,22156,,,,,22139,,,22233,,,35435,22189,,,22562,34824,23755,,,,,33935,33902,33871,34026,35003,38854,34490,34719,22372,22067,22455,22477,22572,121150,34122
,34043,34094,33951,,,,38634,33985,38858,37924,,22510,38858,22086,22246,22289,22154,,,,,22139,,,22232,,,35352,22189,,,22560,34746,23744,,,,,33937,33901,33871,34025,35006,38827,34494,34719,22371,22066,22453,22476,22570,120630,34121
,34043,34092,33951,,,,38632,33983,38858,37923,,22503,38858,22084,22246,22289,22153,,,,,22138,,,22231,,,35279,22188,,,22558,34679,23735,,,,,33939,33899,33871,34026,35009,38800,34504,34722,22369,22065,22452,22476,22568,120170,34121
,34043,34091,33950,,,,38630,33982,38859,37922,,22498,38859,22083,22246,22290,22151,,,,,22138,,,22230,,,35206,22187,,,22556,34611,23725,,,,,33942,33898,33871,34026,35013,38772,34515,34725,22367,22065,22451,22476,22565,119750,34121
,34044,34090,33950,,,,38627,33980,38860,37921,,22492,38860,22081,22246,22290,22149,,,,,22137,,,22229,,,35109,22186,,,22554,34523,23713,,,,,33942,33898,33871,34026,35017,38741,34520,34721,22365,22064,22450,22475,22562,119260,34121
,34045,34089,33950,,,,38625,33978,38861,37920,,22487,38861,22079,22247,22290,22148,,,,,22137,,,22228,,,35015,22186,,,22552,34437,23701,,,,,33940,33899,33871,34026,35022,38711,34527,34715,22363,22063,22449,22475,22559,118810,34121
,34047,34088,33951,,,,38623,33976,38862,37919,,22483,38862,22078,22247,22290,22146,,,,,22136,,,22228,,,34911,22185,,,22550,34344,23687,,,,,33939,33899,33871,34026,35028,38678,34532,34720,22361,22062,22447,22475,22556,118350,34120
,34049,34088,33951,,,,38621,33973,38863,37918,,22479,38863,22076,22247,22290,22144,,,,,22136,,,22227,,,34819,22185,,,22548,34262,23675,,,,,33937,33900,33871,34027,35033,38648,34541,34727,22360,22061,22446,22474,22553,117980,34120
,34047,34087,33950,,,,38619,33972,38864,37917,,22475,38864,22075,22247,22291,22144,,,,,22135,,,22226,,,34811,22184,,,22547,34254,23674,,,,,33937,33901,33871,34027,35034,38633,34579,34730,22358,22060,22445,22474,22552,118140,34120
,34043,34086,33950,,,,38616,33972,38865,37916,,22471,38865,22074,22248,22292,22143,,,,,22135,,,22225,,,34840,22183,,,22547,34281,23677,,,,,33938,33901,33871,34027,35033,38626,34630,34733,22356,22060,22444,22474,22551,118550,34120
,34038,34085,33949,,,,38614,33971,38866,37916,,22468,38866,22074,22248,22294,22144,,,,,22134,,,22224,,,34879,22183,,,22546,34315,23680,,,,,33938,33902,33872,34028,35032,38622,34684,34739,22354,22059,22443,22474,22550,119010,34119
,34033,34085,33949,,,,38612,33971,38867,37915,,22465,38867,22073,22248,22296,22144,,,,,22134,,,22224,,,34931,22182,,,22547,34361,23685,,,,,33939,33903,33872,34028,35029,38620,34743,34745,22352,22058,22442,22474,22550,119570,34119
,34033,34084,33948,,,,38609,33971,38869,37914,,22463,38869,22073,22248,22297,22144,,,,,22133,,,22223,,,34986,22182,,,22547,34412,23692,,,,,33939,33903,33872,34029,35027,38618,34800,34750,22350,22057,22441,22473,22549,120190,34119
,34035,34084,33947,,,,38606,33970,38870,37913,,22461,38870,22073,22248,22299,22145,,,,,22133,,,22222,,,35041,22181,,,22547,34464,23699,,,,,33939,33902,33872,34029,35025,38616,34856,34755,22348,22056,22440,22473,22549,120830,34119
,34038,34083,33947,,,,38604,33970,38872,37913,,22459,38872,22072,22248,22301,22145,,,,,22132,,,22221,,,35106,22181,,,22548,34525,23707,,,,,33939,33902,33872,34030,35022,38617,34914,34760,22346,22056,22439,22473,22549,121510,34119
,34041,34083,33946,,,,38601,33970,38873,37912,,22457,38873,22072,22248,22303,22146,,,,,22132,,,22221,,,35166,22180,,,22548,34581,23715,,,,,33939,33901,33872,34030,35019,38617,34969,34765,22344,22055,22438,22473,22549,122160,34118
,34041,34082,33946,,,,38599,33969,38874,37911,,22455,38874,22072,22248,22305,22145,,,,,22131,,,22220,,,35189,22180,,,22548,34596,23714,,,,,33939,33901,33872,34030,35014,38617,35018,34777,22342,22054,22436,22472,22547,122530,34119
,34040,34082,33947,,,,38597,33968,38874,37911,,22453,38874,22071,22249,22306,22145,,,,,22131,,,22219,,,35193,22179,,,22547,34592,23710,,,,,33939,33901,33873,34031,35010,38617,35062,34790,22340,22053,22435,22472,22546,122740,34119
,34039,34081,33948,,,,38595,33966,38874,37910,,22451,38874,22071,22249,22307,22144,,,,,22131,,,22218,,,35191,22179,,,22546,34580,23705,,,,,33939,33902,33873,34031,35005,38616,35090,34804,22338,22052,22434,22471,22544,122920,34120
,34037,34081,33948,,,,38594,33965,38874,37909,,22448,38874,22070,22249,22308,22143,,,,,22130,,,22217,,,35179,22178,,,22544,34559,23698,,,,,33939,33902,33873,34031,34999,38614,35112,34818,22336,22052,22433,22471,22542,123000,34121
,34037,34080,33950,,,,38592,33964,38873,37909,,22446,38873,22069,22249,22309,22142,,,,,22130,,,22217,,,35155,22178,,,22543,34532,23691,,,,,33939,33902,33873,34031,34994,38614,35146,34831,22334,22051,22431,22470,22540,122850,34122
,34036,34079,33951,,,,38590,33962,38873,37908,,22444,38873,22069,22250,22311,22141,,,,,22129,,,22216,,,35122,22177,,,22542,34499,23685,,,,,33938,33903,33873,34032,34989,38613,35178,34843,22332,22050,22430,22469,22538,122580,34122
,34036,34079,33952,,,,38588,33961,38873,37907,,22442,38873,22068,22250,22312,22140,,,,,22129,,,22215,,,35080,22177,,,22541,34459,23677,,,,,33938,33903,33874,34032,34983,38612,35209,34855,22331,22049,22429,22469,22536,122210,34122
,34035,34078,33953,,,,38586,33959,38872,37907,,22439,38872,22068,22250,22313,22139,,,,,22129,,,22214,,,35032,22176,,,22540,34414,23669,,,,,33938,33903,33875,34032,34978,38610,35231,34866,22329,22048,22427,22468,22534,121780,34123
,34035,34078,33953,,,,38584,33958,38872,37906,,22438,38872,22068,22250,22314,22138,,,,,22128,,,22213,,,34986,22176,,,22539,34365,23663,,,,,33938,33903,33874,34032,34970,38603,35212,34874,22327,22047,22426,22467,22532,121440,34124
,34034,34078,33952,,,,38582,33956,38871,37906,,22437,38871,22067,22250,22315,22138,,,,,22128,,,22213,,,34938,22175,,,22538,34312,23658,,,,,33938,33903,33871,34033,34962,38594,35173,34881,22325,22047,22425,22466,22530,121100,34125
,34033,34077,33951,,,,38580,33955,38871,37905,,22436,38871,22067,22250,22317,22137,,,,,22127,,,22212,,,34891,22175,,,22537,34261,23653,,,,,33937,33903,33873,34033,34953,38582,35124,34886,22323,22046,22423,22466,22528,120770,34126
,34032,34077,33949,,,,38578,33954,38870,37904,,22435,38870,22067,22251,22318,22136,,,,,22127,,,22211,,,34842,22174,,,22536,34208,23648,,,,,33937,33903,33875,34033,34945,38568,35067,34890,22321,22045,22422,22465,22526,120440,34127
,34031,34077,33948,,,,38576,33952,38870,37904,,22434,38870,22067,22251,22320,22136,,,,,22127,,,22210,,,34781,22174,,,22535,34144,23642,,,,,33937,33904,33875,34033,34936,38557,35011,34894,22319,22044,22421,22464,22524,120030,34129
,34030,34076,33946,,,,38574,33951,38869,37903,,22433,38869,22067,22251,22321,22135,,,,,22126,,,22210,,,34718,22174,,,22534,34079,23636,,,,,33937,33904,33875,34033,34927,38545,34954,34898,22317,22043,22419,22464,22523,119620,34130
,34029,34076,33944,,,,38573,33950,38869,37903,,22433,38869,22067,22251,22323,22134,,,,,22126,,,22209,,,34651,22173,,,22533,34009,23631,,,,,33937,33904,33875,34033,34917,38534,34893,34902,22315,22043,22418,22463,22521,119170,34131
,34028,34076,33942,,,,38571,33949,38868,37902,,22432,38868,22067,22251,22324,22134,,,,,22126,,,22208,,,34587,22173,,,22532,33942,23625,,,,,33937,33904,33875,34033,34908,38520,34831,34905,22313,22042,22417,22462,22519,118750,34132
,34029,34075,33942,,,,38568,33948,38866,37902,,22430,38866,22066,22250,22325,22133,,,,,22125,,,22207,,,34550,22172,,,22531,33903,23621,,,,,33936,33904,33875,34033,34905,38496,34769,34900,22311,22041,22416,22461,22518,118550,34130
,34029,34075,33942,,,,38565,33947,38864,37901,,22428,38864,22066,22250,22326,22132,,,,,22124,,,22206,,,34524,22171,,,22531,33876,23616,,,,,33936,33904,33875,34033,34903,38467,34709,34892,22309,22040,22414,22460,22516,118460,34128
,34030,34074,33941,,,,38562,33946,38862,37901,,22426,38862,22066,22249,22327,22131,,,,,22124,,,22206,,,34502,22171,,,22531,33852,23612,,,,,33935,33904,33875,34034,34903,38437,34650,34887,22307,22039,22413,22459,22515,118400,34124
,34031,34073,33942,,,,38559,33945,38860,37900,,22423,38860,22066,22248,22328,22130,,,,,22123,,,22205,,,34484,22170,,,22530,33833,23609,,,,,33935,33905,33876,34035,34904,38406,34593,34881,22305,22038,22412,22459,22514,118370,34121
,34032,34072,33942,,,,38556,33945,38857,37900,,22421,38857,22066,22247,22329,22130,,,,,22122,,,22204,,,34467,22169,,,22530,33814,23605,,,,,33934,33905,33876,34035,34904,38374,34547,34872,22303,22037,22410,22458,22512,118370,34117
,34034,34072,33942,,,,38553,33944,38855,37899,,22418,38855,22065,22246,22330,22129,,,,,22122,,,22204,,,34451,22168,,,22530,33796,23601,,,,,33934,33905,33876,34035,34905,38342,34507,34862,22301,22036,22409,22457,22511,118360,34113
,34035,34071,33942,,,,38550,33944,38852,37898,,22415,38852,22065,22245,22331,22128,,,,,22121,,,22203,,,34439,22167,,,22530,33782,23598,,,,,33934,33904,33876,34036,34906,38309,34470,34852,22299,22035,22408,22456,22510,118410,34109
,34037,34071,33942,,,,38547,33944,38849,37898,,22413,38849,22065,22244,22331,22127,,,,,22120,,,22202,,,34427,22167,,,22529,33768,23594,,,,,33933,33904,33876,34036,34907,38278,34438,34842,22298,22035,22407,22455,22509,118450,34105
,34037,34070,33942,,,,38544,33943,38846,37897,,22410,38846,22065,22242,22332,22126,,,,,22119,,,22201,,,34406,22166,,,22529,33747,23591,,,,,33933,33905,33876,34037,34909,38254,34417,34832,22296,22034,22405,22454,22507,118390,34100
,34036,34068,33942,,,,38541,33942,38843,37897,,22408,38843,22065,22241,22333,22125,,,,,22118,,,22201,,,34382,22165,,,22528,33724,23587,,,,,33932,33906,33876,34037,34912,38234,34404,34822,22294,22033,22404,22453,22506,118290,34095
,34036,34067,33941,,,,38537,33942,38840,37896,,22405,38840,22064,22240,22334,22125,,,,,22118,,,22200,,,34358,22164,,,22528,33700,23583,,,,,33931,33907,33876,34038,34914,38218,34394,34807,22292,22032,22403,22452,22505,118170,34091
,34035,34066,33941,,,,38534,33941,38837,37896,,22403,38837,22064,22239,22335,22124,,,,,22117,,,22199,,,34333,22163,,,22527,33676,23579,,,,,33931,33908,33876,34039,34916,38204,34388,34790,22290,22031,22401,22452,22503,118040,34086
,34034,34065,33941,,,,38531,33940,38834,37895,,22400,38834,22064,22237,22335,22123,,,,,22116,,,22198,,,34310,22162,,,22527,33654,23576,,,,,33930,33909,33876,34039,34919,38185,34384,34791,22288,22030,22400,22451,22502,117990,34081
,34033,34063,33940,,,,38528,33939,38831,37895,,22398,38831,22064,22236,22336,22122,,,,,22115,,,22198,,,34288,22161,,,22526,33634,23572,,,,,33930,33911,33876,34040,34922,38168,34382,34797,22286,22029,22399,22450,22501,117940,34075
,34032,34062,33940,,,,38525,33937,38827,37894,,22395,38827,22063,22235,22337,22121,,,,,22115,,,22197,,,34266,22160,,,22526,33613,23568,,,,,33929,33913,33876,34041,34925,38150,34384,34778,22284,22028,22398,22449,22500,117940,34070
,34031,34061,33940,,,,38521,33936,38824,37894,,22393,38824,22063,22233,22338,22120,,,,,22114,,,22196,,,34244,22159,,,22525,33592,23565,,,,,33928,33914,33876,34042,34928,38135,34387,34752,22282,22027,22396,22448,22498,117950,34065
,34031,34060,33940,,,,38518,33936,38821,37893,,22391,38821,22063,22232,22339,22119,,,,,22113,,,22195,,,34227,22158,,,22525,33569,23561,,,,,33928,33913,33876,34041,34926,38136,34384,34743,22280,22026,22395,22447,22497,117830,34061
,34031,34060,33940,,,,38515,33938,38818,37893,,22389,38818,22063,22230,22339,22118,,,,,22112,,,22195,,,34211,22157,,,22525,33545,23558,,,,,33927,33911,33876,34040,34922,38145,34380,34738,22278,22025,22394,22446,22496,117690,34058
,34032,34060,33940,,,,38511,33940,38814,37892,,22387,38814,22063,22229,22340,22118,,,,,22111,,,22194,,,34199,22156,,,22526,33524,23554,,,,,33927,33909,33876,34038,34915,38154,34376,34731,22276,22024,22393,22445,22495,117520,34056
,34032,34061,33940,,,,38508,33942,38811,37892,,22385,38811,22063,22227,22341,22117,,,,,22111,,,22193,,,34187,22156,,,22526,33502,23551,,,,,33926,33907,33876,34037,34908,38167,34371,34723,22275,22023,22391,22443,22494,117370,34055
,34033,34061,33940,,,,38504,33942,38808,37891,,22383,38808,22063,22226,22342,22116,,,,,22110,,,22193,,,34168,22155,,,22526,33472,23547,,,,,33926,33903,33876,34035,34904,38181,34370,34716,22273,22023,22390,22442,22493,117440,34052
,34033,34061,33940,,,,38501,33942,38804,37891,,22381,38804,22063,22224,22343,22116,,,,,22109,,,22192,,,34149,22154,,,22526,33442,23543,,,,,33925,33900,33876,34033,34901,38196,34369,34709,22271,22022,22389,22441,22492,117600,34050
,34034,34060,33940,,,,38498,33941,38801,37891,,22380,38801,22064,22223,22343,22115,,,,,22108,,,22192,,,34127,22154,,,22526,33409,23539,,,,,33925,33896,33877,34032,34897,38213,34370,34704,22269,22021,22388,22439,22491,117770,34045
,34035,34060,33940,,,,38494,33941,38798,37890,,22378,38798,22064,22221,22344,22114,,,,,22107,,,22191,,,34108,22153,,,22526,33378,23535,,,,,33924,33893,33877,34030,34894,38229,34371,34700,22267,22020,22386,22438,22490,117960,34040
,34035,34061,33941,,,,38491,33941,38794,37890,,22376,38794,22064,22220,22345,22113,,,,,22107,,,22190,,,34105,22152,,,22527,33365,23532,,,,,33924,33893,33876,34028,34885,38232,34368,34689,22266,22019,22385,22437,22489,118130,34044
,34035,34062,33941,,,,38488,33942,38791,37890,,22375,38791,22064,22218,22346,22113,,,,,22106,,,22190,,,34109,22151,,,22528,33360,23530,,,,,33923,33895,33876,34025,34874,38229,34366,34677,22264,22018,22384,22436,22489,118280,34051
,34036,34063,33942,,,,38484,33943,38787,37889,,22373,38787,22064,22217,22347,22112,,,,,22105,,,22189,,,34106,22151,,,22528,33350,23528,,,,,33923,33897,33876,34023,34864,38222,34353,34665,22262,22017,22383,22435,22488,118410,34045
,34036,34063,33942,,,,38481,33944,38784,37889,,22372,38784,22064,22215,22348,22111,,,,,22104,,,22189,,,34104,22150,,,22528,33341,23525,,,,,33922,33899,33876,34021,34853,38213,34337,34655,22261,22016,22382,22434,22488,118510,34036
,34036,34064,33943,,,,38478,33944,38781,37889,,22371,38781,22065,22213,22349,22110,,,,,22103,,,22188,,,34119,22150,,,22529,33344,23524,,,,,33922,33902,33875,34019,34841,38206,34356,34653,22259,22016,22381,22433,22488,118530,34035
,34037,34065,33943,,,,38475,33945,38778,37888,,22369,38778,22065,22212,22350,22110,,,,,22102,,,22187,,,34134,22149,,,22530,33346,23523,,,,,33922,33905,33875,34016,34829,38197,34384,34655,22257,22015,22380,22432,22488,118480,34035
,34037,34066,33944,,,,38471,33946,38774,37888,,22368,38774,22065,22210,22351,22109,,,,,22101,,,22187,,,34157,22148,,,22530,33355,23521,,,,,33921,33908,33874,34014,34816,38188,34378,34658,22256,22014,22379,22431,22488,118430,34035
,34037,34067,33944,,,,38468,33946,38771,37888,,22366,38771,22065,22209,22352,22108,,,,,22101,,,22186,,,34172,22147,,,22531,33357,23520,,,,,33920,33911,33874,34012,34804,38177,34362,34664,22254,22013,22378,22430,22488,118320,34034
,34037,34065,33944,,,,38465,33946,38768,37887,,22365,38768,22065,22207,22353,22107,,,,,22100,,,22185,,,34129,22146,,,22529,33311,23514,,,,,33919,33912,33874,34010,34800,38159,34361,34678,22252,22012,22377,22429,22486,117950,34032
,34037,34062,33942,,,,38463,33945,38764,37887,,22364,38764,22064,22206,22354,22106,,,,,22099,,,22184,,,34061,22145,,,22527,33244,23507,,,,,33919,33912,33875,34010,34799,38137,34362,34697,22250,22011,22375,22428,22483,117470,34030
,34037,34059,33941,,,,38460,33943,38761,37887,,22362,38761,22063,22205,22355,22105,,,,,22099,,,22183,,,33991,22144,,,22524,33174,23499,,,,,33920,33911,33876,34009,34799,38112,34359,34712,22248,22010,22373,22427,22480,116960,34027
,34037,34055,33939,,,,38457,33941,38758,37886,,22361,38758,22063,22204,22356,22103,,,,,22098,,,22182,,,33914,22142,,,22521,33096,23491,,,,,33923,33910,33876,34009,34800,38086,34354,34724,22246,22009,22372,22426,22477,116410,34025
,34036,34051,33938,,,,38455,33940,38754,37886,,22360,38754,22062,22203,22357,22102,,,,,22098,,,22181,,,33831,22141,,,22518,33017,23482,,,,,33917,33909,33877,34009,34801,38064,34350,34752,22244,22008,22370,22425,22474,115860,34022
,34036,34047,33936,,,,38453,33938,38751,37886,,22358,38751,22061,22202,22358,22101,,,,,22098,,,22180,,,33750,22139,,,22515,32938,23474,,,,,33907,33908,33878,34009,34802,38041,34346,34780,22242,22007,22368,22424,22471,115320,34020
,34036,34043,33935,,,,38451,33937,38747,37885,,22357,38747,22060,22201,22359,22099,,,,,22097,,,22178,,,33660,22138,,,22511,32852,23465,,,,,33911,33907,33879,34009,34805,38022,34341,34788,22240,22006,22367,22424,22467,114790,34017
,34035,34039,33933,,,,38449,33935,38743,37885,,22356,38743,22059,22200,22360,22098,,,,,22097,,,22177,,,33577,22136,,,22508,32770,23457,,,,,33917,33905,33880,34009,34807,38002,34336,34787,22239,22005,22365,22423,22464,114290,34014
,34035,34034,33930,,,,38446,33933,38741,37884,,22355,38741,22058,22199,22361,22097,,,,,22096,,,22176,,,33549,22135,,,22505,32722,23450,,,,,33916,33904,33880,34009,34809,37972,34331,34780,22236,22004,22363,22422,22461,113920,34013
,34034,34029,33928,,,,38443,33931,38739,37884,,22353,38739,22057,22197,22362,22095,,,,,22096,,,22175,,,33544,22133,,,22502,32687,23443,,,,,33913,33904,33880,34009,34812,37940,34326,34768,22234,22003,22360,22421,22459,113650,34011
,34034,34024,33925,,,,38440,33929,38738,37884,,22351,38738,22056,22196,22363,22094,,,,,22096,,,22174,,,33555,22131,,,22499,32665,23438,,,,,33912,33902,33879,34009,34814,37904,34321,34751,22232,22002,22358,22421,22457,113410,34010
,34034,34020,33923,,,,38436,33927,38736,37883,,22349,38736,22055,22194,22364,22093,,,,,22095,,,22172,,,33577,22129,,,22496,32650,23433,,,,,33910,33899,33879,34010,34816,37871,34316,34730,22230,22001,22355,22420,22455,113260,34009
,34033,34014,33920,,,,38432,33924,38735,37883,,22347,38735,22054,22192,22365,22092,,,,,22095,,,22171,,,33585,22128,,,22493,32620,23426,,,,,33909,33902,33878,34010,34819,37857,34310,34707,22227,22000,22352,22419,22452,113320,34006
,34033,34009,33917,,,,38428,33922,38734,37883,,22345,38734,22052,22191,22366,22090,,,,,22095,,,22170,,,33595,22126,,,22490,32590,23419,,,,,33908,33907,33877,34011,34822,37851,34305,34683,22225,21999,22348,22418,22450,113500,34003
,34032,34004,33914,,,,38423,33919,38733,37882,,22342,38733,22051,22189,22367,22089,,,,,22094,,,22169,,,33607,22124,,,22487,32561,23412,,,,,33908,33904,33876,34012,34826,37848,34300,34656,22222,21998,22344,22417,22447,113720,34000
,34032,33998,33911,,,,38419,33917,38732,37882,,22340,38732,22050,22187,22368,22088,,,,,22094,,,22168,,,33625,22122,,,22484,32538,23406,,,,,33907,33898,33875,34013,34828,37849,34295,34629,22220,21997,22341,22416,22445,114020,33996
,34031,33996,33911,,,,38419,33916,38730,37882,,22340,38730,22049,22186,22370,22086,,,,,22094,,,22166,,,33676,22120,,,22480,32551,23404,,,,,33906,33898,33875,34013,34827,37842,34293,34611,22218,21996,22340,22417,22444,114480,33995
,34030,33994,33912,,,,38420,33916,38727,37882,,22340,38727,22048,22187,22373,22085,,,,,22093,,,22165,,,33742,22119,,,22477,32579,23404,,,,,33905,33899,33875,34012,34824,37833,34292,34597,22217,21995,22341,22420,22445,115010,33995
,34029,33994,33913,,,,38421,33916,38724,37882,,22341,38724,22046,22187,22375,22083,,,,,22093,,,22164,,,33799,22118,,,22473,32606,23404,,,,,33904,33898,33875,34011,34821,37826,34293,34584,22216,21993,22341,22422,22445,115540,33995
,34029,33993,33914,,,,38422,33916,38720,37881,,22342,38720,22045,22187,22377,22081,,,,,22092,,,22162,,,33857,22117,,,22469,32637,23404,,,,,33904,33898,33876,34010,34816,37820,34294,34571,22215,21992,22342,22424,22446,116070,33995
,34028,33993,33916,,,,38425,33916,38717,37881,,22344,38717,22044,22188,22380,22080,,,,,22092,,,22161,,,33932,22116,,,22466,32680,23406,,,,,33903,33898,33876,34008,34812,37815,34294,34559,22214,21991,22343,22428,22447,116570,33995
,34027,33993,33917,,,,38427,33916,38714,37881,,22345,38714,22043,22189,22382,22078,,,,,22091,,,22159,,,34000,22116,,,22462,32721,23408,,,,,33902,33897,33876,34007,34808,37811,34295,34547,22213,21990,22345,22431,22449,116990,33995
,34026,33993,33919,,,,38431,33917,38711,37881,,22346,38711,22041,22190,22385,22076,,,,,22091,,,22158,,,34078,22115,,,22459,32767,23412,,,,,33901,33896,33876,34005,34805,37807,34296,34535,22213,21989,22347,22434,22451,117420,33995
,34025,33993,33921,,,,38433,33917,38708,37881,,22348,38708,22040,22191,22388,22075,,,,,22090,,,22157,,,34139,22115,,,22456,32804,23414,,,,,33901,33896,33877,34003,34801,37805,34297,34524,22212,21987,22349,22437,22453,117770,33995
,34024,33993,33922,,,,38432,33918,38705,37881,,22348,38705,22039,22190,22389,22073,,,,,22090,,,22155,,,34107,22113,,,22452,32790,23409,,,,,33900,33895,33877,34004,34793,37807,34299,34508,22210,21986,22347,22437,22450,117740,33996
,34023,33994,33923,,,,38428,33918,38702,37881,,22347,38702,22037,22188,22390,22071,,,,,22089,,,22154,,,34031,22111,,,22448,32750,23401,,,,,33899,33895,33877,34005,34785,37812,34301,34489,22208,21985,22343,22436,22446,117530,33996
,34022,33994,33924,,,,38424,33919,38699,37881,,22346,38699,22036,22186,22390,22070,,,,,22089,,,22152,,,33937,22108,,,22444,32705,23392,,,,,33898,33894,33877,34006,34776,37816,34303,34471,22205,21984,22339,22434,22441,117220,33997
,34021,33994,33925,,,,38420,33919,38696,37881,,22344,38696,22035,22184,22391,22068,,,,,22088,,,22151,,,33825,22106,,,22440,32648,23381,,,,,33897,33894,33877,34008,34766,37821,34305,34453,22202,21982,22335,22432,22436,116820,33998
,34020,33995,33926,,,,38415,33920,38693,37881,,22343,38693,22033,22181,22392,22066,,,,,22088,,,22149,,,33720,22103,,,22436,32571,23372,,,,,33896,33893,33877,34008,34761,37828,34308,34433,22200,21981,22330,22430,22431,116380,33999
,34019,33996,33927,,,,38410,33921,38690,37881,,22343,38690,22032,22178,22392,22064,,,,,22088,,,22148,,,33614,22100,,,22433,32486,23362,,,,,33895,33892,33877,34009,34756,37835,34311,34414,22197,21980,22325,22427,22425,115900,34000
,34018,33997,33928,,,,38405,33922,38687,37881,,22342,38687,22030,22176,22392,22063,,,,,22087,,,22146,,,33498,22098,,,22429,32387,23352,,,,,33895,33892,33877,34009,34752,37844,34314,34395,22194,21979,22319,22424,22419,115410,34001
,34017,33998,33929,,,,38399,33922,38684,37881,,22341,38684,22029,22173,22393,22061,,,,,22087,,,22145,,,33382,22095,,,22425,32287,23341,,,,,33894,33891,33877,34010,34748,37851,34316,34376,22192,21978,22314,22421,22413,114900,34001
,34016,33997,33929,,,,38396,33923,38683,37881,,22339,38683,22028,22172,22394,22060,,,,,22086,,,22144,,,33271,22094,,,22423,32219,23332,,,,,33893,33891,33877,34010,34743,37843,34316,34363,22190,21977,22312,22419,22411,114260,34001
,34016,33996,33928,,,,38394,33923,38683,37881,,22336,38683,22027,22171,22395,22059,,,,,22086,,,22143,,,33166,22094,,,22422,32162,23324,,,,,33893,33891,33877,34009,34737,37828,34313,34353,22188,21976,22311,22418,22409,113610,34000
,34016,33995,33927,,,,38392,33923,38684,37881,,22334,38684,22027,22170,22397,22059,,,,,22086,,,22142,,,33067,22094,,,22421,32116,23316,,,,,33893,33891,33877,34009,34731,37811,34311,34343,22187,21976,22310,22417,22409,112950,33999
,34016,33994,33926,,,,38391,33922,38685,37881,,22332,38685,22027,22170,22398,22059,,,,,22086,,,22142,,,32975,22094,,,22420,32075,23309,,,,,33893,33891,33877,34008,34726,37791,34307,34334,22186,21975,22310,22416,22409,112360,33997
,34016,33992,33925,,,,38388,33922,38685,37880,,22328,38685,22026,22169,22400,22058,,,,,22086,,,22141,,,32884,22094,,,22419,32013,23300,,,,,33892,33891,33877,34007,34721,37772,34304,34326,22184,21975,22310,22415,22408,112030,33996
,34016,33991,33924,,,,38386,33922,38687,37880,,22325,38687,22026,22169,22401,22058,,,,,22085,,,22141,,,32802,22094,,,22419,31951,23292,,,,,33892,33891,33877,34007,34717,37753,34300,34319,22183,21975,22310,22414,22408,111870,33995
,34016,33989,33922,,,,38385,33922,38688,37880,,22321,38688,22025,22169,22403,22058,,,,,22085,,,22140,,,32722,22094,,,22418,31886,23282,,,,,33892,33891,33877,34006,34712,37732,34296,34313,22181,21974,22310,22412,22408,111740,33993
,34016,33988,33921,,,,38383,33921,38690,37880,,22318,38690,22025,22168,22404,22057,,,,,22085,,,22140,,,32653,22094,,,22418,31829,23274,,,,,33891,33891,33877,34005,34708,37710,34292,34307,22180,21974,22311,22411,22408,111720,33992
,34016,33986,33919,,,,38382,33921,38691,37880,,22319,38691,22025,22168,22406,22057,,,,,22085,,,22139,,,32635,22095,,,22418,31819,23272,,,,,33891,33892,33877,34004,34705,37688,34289,34299,22180,21974,22310,22409,22408,112000,33990
,34016,33985,33917,,,,38382,33921,38693,37880,,22323,38693,22025,22167,22409,22057,,,,,22085,,,22139,,,32643,22096,,,22418,31831,23273,,,,,33892,33892,33876,34003,34703,37666,34285,34290,22180,21974,22310,22408,22408,112440,33988
,34016,33984,33916,,,,38381,33921,38695,37880,,22326,38695,22025,22167,22411,22057,,,,,22086,,,22139,,,32652,22097,,,22419,31845,23275,,,,,33892,33892,33876,34003,34701,37645,34281,34282,22181,21974,22310,22406,22408,112920,33986
,34016,33983,33914,,,,38381,33920,38697,37880,,22330,38697,22025,22167,22414,22058,,,,,22086,,,22139,,,32672,22098,,,22420,31866,23277,,,,,33892,33892,33875,34002,34700,37623,34277,34273,22181,21974,22310,22404,22408,113450,33984
,34016,33981,33912,,,,38381,33920,38699,37880,,22335,38699,22026,22166,22416,22058,,,,,22086,,,22139,,,32709,22100,,,22420,31897,23281,,,,,33892,33892,33875,34001,34698,37601,34273,34266,22182,21974,22310,22402,22408,114000,33982
,34016,33980,33911,,,,38381,33920,38701,37880,,22340,38701,22026,22166,22419,22058,,,,,22086,,,22139,,,32747,22101,,,22421,31927,23284,,,,,33893,33892,33875,34001,34696,37579,34269,34259,22183,21974,22309,22400,22408,114530,33980
,34016,33978,33909,,,,38381,33919,38703,37880,,22345,38703,22026,22165,22421,22058,,,,,22087,,,22139,,,32800,22102,,,22422,31967,23289,,,,,33894,33892,33876,34000,34695,37556,34265,34252,22184,21974,22309,22398,22409,115130,33978
,34016,33977,33907,,,,38381,33919,38705,37880,,22351,38705,22026,22165,22424,22058,,,,,22087,,,22139,,,32846,22103,,,22423,32002,23293,,,,,33894,33893,33876,33999,34694,37535,34261,34245,22185,21973,22309,22396,22409,115670,33976
,34016,33976,33906,,,,38380,33919,38707,37880,,22353,38707,22026,22164,22426,22058,,,,,22087,,,22138,,,32829,22103,,,22423,31992,23291,,,,,33894,33893,33876,33999,34693,37521,34259,34240,22185,21973,22309,22393,22408,115780,33975
,34016,33975,33905,,,,38379,33919,38710,37881,,22354,38710,22026,22163,22428,22058,,,,,22087,,,22138,,,32784,22103,,,22422,31961,23288,,,,,33893,33893,33875,33998,34694,37510,34256,34236,22185,21973,22308,22391,22407,115710,33976
,34017,33974,33904,,,,38377,33919,38712,37881,,22354,38712,22025,22162,22429,22058,,,,,22086,,,22137,,,32730,22102,,,22421,31922,23283,,,,,33892,33893,33875,33997,34694,37502,34254,34233,22184,21973,22307,22388,22405,115500,33976
,34017,33973,33903,,,,38375,33919,38714,37882,,22354,38714,22024,22160,22430,22057,,,,,22085,,,22136,,,32665,22101,,,22420,31876,23277,,,,,33891,33894,33875,33996,34694,37496,34253,34230,22184,21972,22307,22385,22403,115210,33977
,34017,33972,33902,,,,38373,33919,38716,37883,,22354,38716,22024,22160,22432,22058,,,,,22086,,,22136,,,32609,22101,,,22420,31837,23273,,,,,33890,33894,33875,33996,34696,37488,34251,34226,22184,21972,22306,22383,22402,115050,33977
,34017,33971,33901,,,,38372,33920,38719,37884,,22355,38719,22025,22159,22434,22058,,,,,22086,,,22136,,,32554,22101,,,22420,31798,23269,,,,,33889,33894,33875,33995,34697,37481,34249,34223,22184,21972,22307,22381,22402,114880,33978
,34017,33970,33900,,,,38371,33920,38722,37885,,22355,38722,22025,22158,22437,22059,,,,,22087,,,22137,,,32493,22102,,,22420,31755,23265,,,,,33887,33894,33874,33994,34698,37475,34247,34219,22184,21973,22307,22379,22402,114750,33979
,34017,33969,33900,,,,38370,33920,38725,37886,,22356,38725,22026,22158,22439,22059,,,,,22087,,,22137,,,32431,22102,,,22420,31710,23260,,,,,33886,33895,33874,33993,34700,37470,34245,34217,22184,21973,22307,22376,22401,114580,33980
,34017,33968,33900,,,,38366,33920,38726,37886,,22355,38726,22024,22155,22439,22058,,,,,22085,,,22135,,,32368,22099,,,22417,31660,23253,,,,,33886,33895,33874,33993,34697,37471,34246,34217,22182,21971,22305,22372,22397,114010,33981
,34018,33967,33900,,,,38362,33920,38725,37886,,22354,38725,22021,22152,22437,22056,,,,,22082,,,22132,,,32304,22095,,,22413,31606,23244,,,,,33887,33895,33874,33992,34692,37476,34247,34219,22180,21969,22302,22368,22392,113330,33982
,34018,33967,33900,,,,38359,33920,38725,37886,,22353,38725,22019,22150,22437,22054,,,,,22080,,,22130,,,32246,22091,,,22409,31558,23236,,,,,33888,33896,33874,33991,34687,37482,34248,34221,22178,21967,22299,22364,22386,112580,33983
,34018,33966,33901,,,,38355,33921,38725,37886,,22352,38725,22016,22147,22436,22053,,,,,22077,,,22128,,,32189,22087,,,22405,31510,23228,,,,,33889,33896,33873,33990,34681,37488,34249,34223,22177,21965,22297,22359,22381,111850,33984
,34018,33965,33901,,,,38349,33921,38722,37886,,22350,38722,22012,22144,22433,22050,,,,,22073,,,22125,,,32120,22080,,,22400,31449,23217,,,,,33889,33896,33873,33989,34676,37495,34252,34227,22173,21962,22292,22354,22375,111470,33985
,34018,33965,33902,,,,38343,33921,38720,37885,,22348,38720,22008,22140,22430,22047,,,,,22068,,,22121,,,32053,22074,,,22395,31389,23207,,,,,33890,33897,33873,33988,34670,37502,34254,34230,22170,21960,22288,22349,22369,111270,33986
,34018,33964,33903,,,,38337,33921,38716,37884,,22345,38716,22003,22136,22427,22044,,,,,22063,,,22117,,,31983,22067,,,22389,31325,23195,,,,,33890,33897,33873,33988,34663,37510,34256,34234,22166,21956,22282,22343,22364,111090,33987
,34019,33964,33903,,,,38331,33921,38713,37884,,22343,38713,21999,22132,22424,22041,,,,,22058,,,22114,,,31919,22061,,,22384,31267,23184,,,,,33891,33897,33873,33987,34657,37517,34258,34238,22163,21953,22278,22337,22360,111020,33988
,34018,33964,33903,,,,38332,33921,38716,37885,,22345,38716,22001,22132,22428,22042,,,,,22061,,,22115,,,31897,22064,,,22387,31250,23184,,,,,33892,33898,33872,33986,34653,37519,34258,34237,22164,21954,22279,22336,22359,111120,33988
,34018,33963,33903,,,,38337,33921,38723,37888,,22349,38723,22005,22134,22435,22045,,,,,22066,,,22118,,,31894,22072,,,22393,31251,23189,,,,,33893,33898,33873,33986,34649,37519,34257,34233,22167,21957,22284,22337,22362,111340,33988
,34017,33963,33902,,,,38341,33920,38729,37890,,22353,38729,22010,22137,22442,22047,,,,,22071,,,22122,,,31899,22081,,,22401,31258,23196,,,,,33895,33898,33873,33986,34645,37516,34256,34228,22171,21960,22288,22338,22365,111580,33988
,34017,33963,33902,,,,38346,33920,38735,37893,,22357,38735,22016,22140,22451,22050,,,,,22077,,,22126,,,31911,22092,,,22410,31271,23204,,,,,33896,33898,33873,33986,34642,37512,34254,34223,22174,21964,22292,22340,22369,111890,33987
,34016,33963,33901,,,,38353,33919,38744,37896,,22362,38744,22022,22143,22460,22055,,,,,22084,,,22130,,,31921,22101,,,22416,31283,23211,,,,,33895,33897,33873,33986,34639,37511,34253,34218,22178,21967,22298,22342,22377,112270,33986
,34016,33963,33901,,,,38360,33919,38752,37899,,22367,38752,22029,22146,22468,22059,,,,,22090,,,22135,,,31931,22110,,,22421,31294,23218,,,,,33893,33897,33873,33987,34635,37510,34251,34213,22182,21970,22304,22345,22387,112680,33985
,34015,33963,33900,,,,38368,33918,38761,37902,,22373,38761,22036,22150,22478,22065,,,,,22097,,,22140,,,31948,22119,,,22425,31311,23225,,,,,33891,33897,33874,33989,34632,37509,34249,34207,22187,21973,22311,22348,22395,113140,33985
,34015,33963,33900,,,,38376,33917,38769,37905,,22377,38769,22042,22153,22488,22070,,,,,22103,,,22144,,,31965,22127,,,22429,31326,23231,,,,,33888,33897,33875,33990,34628,37506,34247,34201,22190,21975,22317,22351,22403,113570,33984
,34014,33963,33899,,,,38375,33917,38767,37906,,22379,38767,22043,22154,22491,22070,,,,,22104,,,22145,,,31974,22134,,,22439,31326,23235,,,,,33888,33897,33874,33989,34627,37490,34245,34195,22191,21977,22317,22349,22415,113760,33982
,34013,33963,33899,,,,38369,33916,38761,37907,,22378,38761,22042,22153,22491,22068,,,,,22103,,,22144,,,31981,22140,,,22449,31321,23238,,,,,33887,33897,33874,33987,34625,37467,34244,34189,22189,21979,22313,22347,22425,113840,33981
,34011,33963,33899,,,,38363,33916,38753,37907,,22377,38753,22039,22151,22490,22066,,,,,22102,,,22141,,,31979,22146,,,22461,31304,23239,,,,,33887,33897,33873,33984,34625,37444,34243,34184,22187,21981,22308,22343,22438,113840,33980
,34010,33963,33898,,,,38356,33916,38743,37907,,22374,38743,22036,22149,22488,22062,,,,,22099,,,22138,,,31976,22151,,,22472,31284,23239,,,,,33888,33897,33871,33981,34624,37419,34241,34178,22184,21982,22303,22339,22449,113780,33979
,34009,33963,33898,,,,38348,33916,38733,37907,,22373,38733,22031,22148,22487,22059,,,,,22092,,,22136,,,31989,22148,,,22469,31282,23235,,,,,33887,33897,33872,33982,34624,37392,34240,34172,22179,21978,22297,22335,22440,113770,33978
,34009,33963,33897,,,,38340,33916,38723,37907,,22372,38723,22026,22147,22485,22056,,,,,22084,,,22134,,,32001,22142,,,22462,31279,23228,,,,,33887,33897,33873,33984,34623,37364,34239,34166,22173,21971,22292,22331,22424,113730,33976
,34008,33963,33897,,,,38330,33916,38711,37907,,22371,38711,22020,22145,22484,22052,,,,,22074,,,22131,,,32016,22134,,,22452,31280,23220,,,,,33887,33896,33875,33987,34623,37335,34237,34159,22166,21963,22285,22327,22403,113670,33975
,34007,33964,33896,,,,38321,33916,38699,37906,,22369,38699,22014,22143,22482,22048,,,,,22064,,,22128,,,32025,22124,,,22440,31273,23210,,,,,33886,33896,33876,33990,34624,37306,34236,34153,22159,21954,22279,22322,22381,113550,33973
,34007,33964,33896,,,,38317,33915,38691,37905,,22363,38691,22009,22139,22477,22042,,,,,22059,,,22124,,,31991,22118,,,22433,31218,23197,,,,,33886,33896,33876,33990,34623,37290,34235,34149,22153,21949,22273,22318,22371,113180,33972
,34006,33964,33896,,,,38316,33913,38685,37902,,22357,38685,22005,22133,22472,22036,,,,,22055,,,22118,,,31936,22112,,,22427,31141,23181,,,,,33885,33896,33876,33990,34622,37279,34233,34146,22149,21945,22268,22314,22364,112670,33971
,34005,33964,33896,,,,38315,33911,38680,37900,,22350,38680,22001,22128,22468,22031,,,,,22052,,,22113,,,31882,22106,,,22422,31066,23167,,,,,33885,33896,33876,33989,34621,37270,34232,34143,22145,21942,22264,22310,22359,112230,33970
,34004,33965,33896,,,,38315,33909,38675,37897,,22344,38675,21997,22122,22463,22025,,,,,22050,,,22108,,,31821,22100,,,22417,30985,23152,,,,,33885,33896,33875,33988,34620,37264,34230,34141,22141,21940,22260,22306,22355,111770,33969
,34003,33965,33896,,,,38315,33907,38669,37894,,22335,38669,21992,22115,22456,22018,,,,,22046,,,22101,,,31749,22091,,,22408,30889,23132,,,,,33884,33895,33875,33988,34618,37256,34228,34139,22136,21935,22254,22301,22345,111050,33968
,34002,33965,33896,,,,38314,33904,38664,37890,,22327,38664,21987,22108,22450,22010,,,,,22042,,,22094,,,31676,22082,,,22398,30795,23112,,,,,33884,33895,33875,33988,34616,37248,34227,34137,22130,21930,22248,22296,22335,110310,33967
,34001,33966,33896,,,,38314,33901,38658,37887,,22318,38658,21982,22101,22442,22002,,,,,22038,,,22087,,,31593,22072,,,22387,30692,23089,,,,,33883,33895,33874,33989,34615,37242,34225,34135,22125,21925,22242,22292,22324,109660,33966
,34000,33966,33896,,,,38315,33899,38653,37883,,22310,38653,21978,22094,22436,21995,,,,,22034,,,22080,,,31516,22062,,,22377,30597,23069,,,,,33883,33895,33874,33989,34614,37237,34223,34134,22120,21920,22237,22288,22313,109130,33965
,34000,33966,33896,,,,38314,33898,38649,37881,,22308,38649,21976,22091,22436,21993,,,,,22033,,,22078,,,31492,22058,,,22373,30568,23063,,,,,33882,33895,33874,33988,34613,37236,34222,34132,22118,21918,22236,22285,22310,109010,33964
,33999,33966,33896,,,,38314,33898,38646,37879,,22309,38646,21975,22089,22440,21994,,,,,22033,,,22079,,,31490,22056,,,22372,30569,23064,,,,,33882,33894,33874,33988,34613,37237,34222,34130,22117,21918,22237,22282,22310,109100,33964
,33999,33967,33896,,,,38314,33898,38642,37877,,22311,38642,21975,22087,22444,21995,,,,,22033,,,22080,,,31495,22055,,,22371,30577,23066,,,,,33881,33894,33875,33988,34611,37239,34222,34128,22117,21919,22238,22280,22310,109290,33963
,33998,33967,33895,,,,38313,33898,38640,37876,,22314,38640,21975,22086,22449,21998,,,,,22034,,,22082,,,31507,22054,,,22371,30598,23071,,,,,33881,33894,33875,33988,34610,37242,34221,34126,22117,21919,22240,22279,22312,109570,33962
,33998,33966,33895,,,,38313,33899,38637,37874,,22317,38637,21976,22085,22455,22000,,,,,22035,,,22085,,,31516,22054,,,22372,30627,23077,,,,,33881,33894,33876,33987,34613,37246,34221,34125,22117,21920,22243,22277,22314,109880,33962
,33997,33966,33895,,,,38313,33899,38635,37873,,22321,38635,21977,22084,22461,22003,,,,,22037,,,22088,,,31525,22054,,,22372,30659,23082,,,,,33880,33894,33876,33986,34617,37250,34221,34123,22117,21922,22246,22276,22316,110220,33961
,33997,33966,33894,,,,38312,33900,38633,37871,,22325,38633,21978,22084,22467,22007,,,,,22039,,,22092,,,31539,22054,,,22374,30703,23089,,,,,33880,33893,33877,33986,34622,37256,34222,34122,22118,21923,22249,22275,22319,110620,33960
,33997,33965,33893,,,,38312,33901,38631,37870,,22329,38631,21980,22083,22474,22011,,,,,22041,,,22095,,,31552,22055,,,22375,30746,23096,,,,,33879,33893,33877,33985,34626,37260,34222,34121,22118,21925,22253,22274,22322,111020,33960
,33996,33966,33893,,,,38311,33901,38628,37868,,22331,38628,21980,22082,22478,22011,,,,,22040,,,22095,,,31551,22053,,,22374,30763,23098,,,,,33879,33893,33878,33986,34622,37260,34221,34120,22118,21925,22252,22272,22323,111350,33959
,33994,33967,33893,,,,38310,33900,38625,37866,,22332,38625,21979,22080,22481,22009,,,,,22039,,,22093,,,31544,22051,,,22371,30771,23098,,,,,33878,33893,33878,33987,34614,37257,34219,34119,22118,21924,22251,22271,22322,111640,33958
,33992,33967,33893,,,,38309,33899,38621,37863,,22333,38621,21978,22078,22483,22007,,,,,22037,,,22091,,,31530,22049,,,22367,30769,23096,,,,,33878,33893,33878,33988,34606,37253,34218,34119,22117,21923,22248,22269,22321,111880,33957
,33991,33968,33893,,,,38307,33898,38618,37861,,22333,38618,21977,22076,22485,22005,,,,,22035,,,22089,,,31511,22047,,,22364,30762,23093,,,,,33878,33893,33878,33989,34596,37248,34217,34118,22117,21922,22246,22267,22320,112070,33955
,33989,33969,33893,,,,38306,33897,38615,37859,,22334,38615,21976,22075,22489,22003,,,,,22034,,,22087,,,31504,22044,,,22361,30770,23093,,,,,33877,33894,33878,33990,34586,37243,34215,34118,22117,21921,22243,22266,22320,112280,33954
,33986,33970,33892,,,,38304,33896,38612,37856,,22335,38612,21975,22073,22492,22000,,,,,22032,,,22085,,,31495,22042,,,22358,30778,23092,,,,,33877,33894,33878,33992,34576,37238,34214,34118,22117,21921,22240,22265,22319,112430,33953
,33984,33971,33891,,,,38303,33895,38609,37854,,22337,38609,21975,22071,22495,21998,,,,,22030,,,22082,,,31489,22040,,,22354,30787,23092,,,,,33877,33894,33878,33994,34565,37231,34212,34117,22117,21920,22237,22263,22319,112560,33952
,33982,33972,33889,,,,38302,33894,38606,37851,,22337,38606,21974,22070,22498,21995,,,,,22028,,,22079,,,31476,22038,,,22351,30789,23090,,,,,33876,33894,33878,33995,34554,37224,34210,34117,22116,21919,22234,22262,22318,112600,33951
,33981,33972,33890,,,,38299,33893,38603,37849,,22336,38603,21973,22069,22497,21993,,,,,22026,,,22078,,,31427,22037,,,22348,30751,23084,,,,,33876,33894,33878,33995,34548,37216,34209,34117,22115,21917,22232,22261,22316,112340,33950
,33982,33970,33890,,,,38296,33892,38601,37847,,22333,38601,21973,22068,22495,21992,,,,,22025,,,22076,,,31362,22036,,,22346,30694,23076,,,,,33875,33894,33878,33994,34544,37206,34208,34118,22112,21915,22230,22260,22313,111910,33948
,33982,33969,33891,,,,38294,33892,38598,37845,,22329,38598,21973,22067,22493,21991,,,,,22024,,,22075,,,31291,22035,,,22344,30634,23067,,,,,33875,33894,33878,33993,34541,37195,34206,34119,22109,21912,22228,22259,22310,111470,33947
,33983,33967,33891,,,,38291,33891,38596,37843,,22326,38596,21972,22066,22490,21990,,,,,22023,,,22074,,,31214,22034,,,22342,30566,23058,,,,,33875,33895,33878,33992,34539,37182,34205,34119,22107,21910,22226,22258,22306,110940,33946
,33984,33965,33888,,,,38288,33890,38593,37841,,22321,38593,21972,22065,22486,21988,,,,,22022,,,22073,,,31144,22034,,,22340,30496,23047,,,,,33874,33895,33878,33990,34537,37173,34204,34120,22104,21907,22224,22258,22303,110210,33945
,33986,33963,33883,,,,38285,33890,38591,37839,,22317,38591,21972,22064,22483,21987,,,,,22020,,,22071,,,31076,22033,,,22338,30425,23037,,,,,33874,33895,33878,33988,34534,37163,34202,34121,22100,21904,22222,22257,22299,109400,33944
,33987,33961,33878,,,,38281,33889,38589,37837,,22312,38589,21972,22064,22480,21986,,,,,22019,,,22070,,,31009,22033,,,22336,30348,23025,,,,,33873,33895,33878,33986,34533,37155,34201,34121,22097,21901,22220,22257,22295,108560,33943
,33989,33959,33872,,,,38278,33888,38587,37835,,22308,38587,21972,22063,22476,21985,,,,,22018,,,22069,,,30944,22032,,,22335,30274,23014,,,,,33873,33895,33878,33985,34531,37144,34200,34122,22094,21898,22218,22256,22291,107740,33941
,33988,33958,33870,,,,38277,33888,38585,37833,,22305,38585,21972,22062,22476,21984,,,,,22017,,,22068,,,30878,22031,,,22334,30225,23008,,,,,33873,33895,33878,33984,34531,37126,34198,34122,22092,21897,22216,22256,22289,107160,33940
,33986,33957,33869,,,,38276,33887,38582,37830,,22304,38582,21973,22062,22477,21983,,,,,22016,,,22067,,,30817,22030,,,22334,30187,23004,,,,,33872,33896,33878,33984,34530,37103,34197,34121,22090,21895,22215,22255,22287,106740,33940
,33984,33956,33867,,,,38276,33886,38580,37828,,22303,38580,21974,22061,22478,21982,,,,,22015,,,22066,,,30759,22030,,,22334,30160,23001,,,,,33872,33896,33878,33984,34530,37082,34195,34118,22089,21894,22213,22255,22286,106350,33939
,33982,33956,33866,,,,38276,33886,38578,37825,,22302,38578,21975,22061,22480,21981,,,,,22015,,,22065,,,30708,22029,,,22335,30137,22999,,,,,33871,33896,33878,33985,34530,37060,34194,34115,22088,21893,22212,22254,22284,106080,33938
,33980,33956,33865,,,,38276,33885,38576,37822,,22301,38576,21976,22060,22481,21980,,,,,22014,,,22064,,,30675,22028,,,22335,30103,22997,,,,,33871,33897,33878,33985,34530,37034,34193,34117,22086,21892,22210,22253,22283,106070,33937
,33977,33955,33864,,,,38275,33885,38574,37820,,22301,38574,21976,22060,22482,21980,,,,,22013,,,22062,,,30655,22027,,,22336,30069,22994,,,,,33871,33897,33879,33985,34530,37009,34191,34120,22085,21891,22209,22253,22282,106210,33937
,33974,33955,33862,,,,38275,33884,38572,37817,,22301,38572,21977,22059,22484,21979,,,,,22012,,,22061,,,30640,22026,,,22336,30036,22992,,,,,33870,33897,33879,33986,34530,36982,34190,34125,22084,21890,22207,22252,22282,106450,33936
,33972,33955,33861,,,,38275,33883,38570,37815,,22301,38570,21978,22059,22486,21978,,,,,22011,,,22060,,,30634,22025,,,22337,30008,22990,,,,,33870,33897,33879,33986,34530,36958,34189,34130,22083,21889,22206,22251,22281,106790,33935
,33971,33954,33859,,,,38276,33883,38568,37812,,22300,38568,21979,22058,22487,21977,,,,,22011,,,22059,,,30653,22024,,,22338,30011,22988,,,,,33870,33898,33879,33986,34532,36951,34187,34123,22082,21888,22204,22251,22281,107220,33935
,33971,33953,33857,,,,38276,33882,38566,37809,,22299,38566,21981,22058,22489,21976,,,,,22010,,,22059,,,30685,22024,,,22340,30028,22985,,,,,33869,33899,33879,33986,34535,36952,34185,34112,22081,21887,22203,22252,22281,107720,33934
,33971,33952,33855,,,,38276,33882,38564,37806,,22299,38564,21982,22058,22490,21976,,,,,22009,,,22058,,,30715,22023,,,22341,30046,22982,,,,,33869,33899,33879,33986,34537,36956,34184,34101,22081,21886,22202,22252,22282,108210,33934
,33971,33951,33854,,,,38276,33881,38563,37804,,22299,38563,21984,22058,22491,21975,,,,,22009,,,22057,,,30750,22023,,,22343,30068,22979,,,,,33868,33900,33879,33986,34540,36963,34182,34091,22080,21885,22201,22253,22282,108740,33933
,33971,33950,33852,,,,38276,33881,38561,37801,,22298,38561,21985,22058,22492,21975,,,,,22008,,,22056,,,30803,22022,,,22344,30098,22977,,,,,33868,33901,33878,33986,34544,36969,34180,34086,22080,21884,22200,22253,22283,109430,33932
,33972,33949,33850,,,,38276,33880,38559,37798,,22298,38559,21987,22058,22493,21974,,,,,22007,,,22055,,,30857,22021,,,22346,30126,22974,,,,,33868,33902,33878,33986,34547,36976,34177,34085,22079,21883,22199,22254,22283,110140,33932
,33972,33948,33848,,,,38277,33880,38558,37796,,22298,38558,21989,22058,22494,21973,,,,,22007,,,22054,,,30921,22021,,,22348,30162,22971,,,,,33867,33903,33878,33986,34551,36986,34175,34086,22079,21882,22198,22255,22284,110910,33931
,33973,33947,33846,,,,38277,33879,38556,37793,,22299,38556,21990,22058,22495,21973,,,,,22006,,,22053,,,30977,22020,,,22350,30192,22969,,,,,33866,33904,33878,33986,34554,36995,34173,34090,22079,21880,22197,22255,22285,111620,33931
,33972,33946,33846,,,,38276,33879,38554,37792,,22300,38554,21990,22056,22494,21972,,,,,22005,,,22052,,,30971,22019,,,22350,30184,22965,,,,,33866,33903,33878,33986,34553,37002,34172,34100,22078,21879,22195,22254,22284,111900,33930
,33972,33946,33846,,,,38274,33878,38552,37791,,22301,38552,21988,22055,22492,21971,,,,,22004,,,22051,,,30938,22018,,,22350,30160,22960,,,,,33866,33902,33879,33985,34550,37007,34172,34114,22076,21878,22193,22253,22281,111980,33930
,33971,33946,33846,,,,38272,33878,38550,37790,,22303,38550,21986,22053,22490,21970,,,,,22003,,,22050,,,30892,22016,,,22349,30126,22955,,,,,33865,33901,33879,33984,34546,37011,34172,34138,22075,21877,22191,22251,22279,111980,33930
,33971,33945,33846,,,,38270,33877,38547,37789,,22305,38547,21984,22050,22487,21969,,,,,22002,,,22049,,,30836,22014,,,22348,30084,22950,,,,,33864,33900,33879,33984,34541,37014,34173,34166,22074,21876,22189,22249,22276,111890,33929
,33970,33945,33847,,,,38268,33877,38545,37789,,22308,38545,21982,22048,22484,21968,,,,,22000,,,22048,,,30787,22013,,,22348,30052,22945,,,,,33863,33899,33879,33983,34537,37020,34173,34194,22072,21875,22188,22247,22273,111760,33929
,33970,33945,33847,,,,38266,33876,38543,37789,,22311,38543,21980,22046,22480,21966,,,,,21999,,,22048,,,30736,22011,,,22347,30019,22941,,,,,33863,33897,33879,33982,34533,37026,34174,34229,22071,21873,22186,22245,22270,111570,33928
,33970,33945,33848,,,,38263,33876,38541,37789,,22314,38541,21978,22043,22477,21965,,,,,21998,,,22047,,,30679,22010,,,22346,29984,22936,,,,,33862,33895,33879,33982,34528,37032,34176,34253,22069,21872,22184,22243,22267,111360,33927
,33970,33945,33848,,,,38261,33875,38538,37789,,22318,38538,21975,22041,22473,21964,,,,,21996,,,22046,,,30620,22008,,,22345,29944,22931,,,,,33861,33894,33879,33982,34523,37037,34177,34283,22067,21871,22182,22241,22264,111130,33927
,33969,33944,33849,,,,38258,33874,38536,37788,,22320,38536,21972,22038,22469,21963,,,,,21995,,,22045,,,30558,22006,,,22344,29887,22925,,,,,33860,33893,33880,33980,34517,37031,34176,34375,22066,21870,22180,22238,22261,110830,33926
,33967,33944,33849,,,,38256,33874,38534,37788,,22322,38534,21969,22036,22465,21962,,,,,21994,,,22044,,,30494,22003,,,22343,29821,22919,,,,,33860,33894,33880,33978,34511,37021,34173,34485,22065,21869,22178,22236,22257,110520,33926
,33967,33943,33849,,,,38253,33873,38532,37788,,22324,38532,21966,22033,22461,21960,,,,,21992,,,22043,,,30434,22001,,,22341,29759,22913,,,,,33860,33894,33880,33976,34506,37008,34171,34593,22063,21868,22176,22233,22253,110310,33925
,33966,33943,33850,,,,38251,33873,38529,37788,,22326,38529,21963,22031,22457,21959,,,,,21991,,,22042,,,30374,21999,,,22340,29694,22908,,,,,33859,33895,33880,33974,34500,36994,34168,34689,22062,21866,22174,22231,22250,110170,33925
,33964,33942,33850,,,,38248,33872,38527,37788,,22327,38527,21960,22028,22452,21958,,,,,21990,,,22041,,,30306,21996,,,22339,29620,22902,,,,,33859,33895,33880,33973,34494,36979,34166,34767,22060,21865,22172,22228,22246,110000,33925
,33962,33941,33851,,,,38245,33872,38525,37788,,22330,38525,21956,22026,22448,21957,,,,,21988,,,22040,,,30240,21993,,,22337,29548,22896,,,,,33858,33896,33881,33973,34487,36964,34165,34821,22059,21864,22170,22225,22242,109930,33925
,33960,33940,33852,,,,38242,33872,38523,37789,,22331,38523,21953,22023,22443,21956,,,,,21987,,,22039,,,30170,21991,,,22336,29470,22889,,,,,33858,33897,33881,33973,34481,36946,34163,34787,22058,21863,22167,22223,22238,109930,33924
,33958,33940,33853,,,,38239,33871,38520,37789,,22334,38520,21950,22020,22438,21954,,,,,21986,,,22038,,,30107,21988,,,22334,29399,22884,,,,,33858,33898,33881,33974,34475,36930,34162,34711,22056,21862,22165,22220,22234,110140,33924
,33959,33939,33852,,,,38236,33871,38519,37789,,22341,38519,21948,22018,22434,21953,,,,,21984,,,22037,,,30079,21987,,,22334,29371,22879,,,,,33857,33898,33881,33973,34472,36917,34161,34634,22055,21861,22164,22218,22233,110940,33924
,33962,33938,33851,,,,38234,33870,38517,37790,,22350,38517,21948,22015,22431,21952,,,,,21983,,,22036,,,30066,21985,,,22334,29361,22876,,,,,33855,33897,33881,33971,34470,36905,34160,34550,22053,21860,22163,22217,22232,112110,33923
,33964,33937,33849,,,,38232,33870,38515,37790,,22360,38515,21947,22013,22428,21951,,,,,21982,,,22035,,,30065,21984,,,22334,29362,22873,,,,,33853,33897,33881,33970,34469,36895,34159,34441,22052,21858,22162,22216,22231,113530,33922
,33967,33936,33848,,,,38230,33869,38514,37791,,22370,38514,21947,22011,22425,21950,,,,,21981,,,22034,,,30072,21983,,,22334,29372,22871,,,,,33851,33896,33880,33968,34469,36885,34158,34330,22051,21857,22161,22216,22231,115200,33922
,33971,33935,33845,,,,38227,33869,38512,37791,,22380,38512,21947,22009,22422,21949,,,,,21979,,,22033,,,30067,21982,,,22334,29373,22868,,,,,33849,33895,33880,33967,34469,36875,34158,34269,22049,21856,22161,22215,22231,117110,33921
,33974,33933,33843,,,,38225,33869,38511,37792,,22390,38511,21947,22006,22419,21947,,,,,21978,,,22032,,,30062,21981,,,22334,29374,22865,,,,,33848,33895,33879,33966,34468,36864,34158,34229,22048,21855,22160,22214,22231,119280,33921
,33979,33932,33841,,,,38223,33869,38510,37792,,22400,38510,21948,22004,22416,21946,,,,,21977,,,22032,,,30059,21980,,,22334,29380,22861,,,,,33846,33894,33879,33965,34469,36854,34158,34193,22047,21854,22159,22213,22230,121560,33922
,33983,33931,33839,,,,38221,33868,38508,37793,,22411,38508,21948,22002,22413,21945,,,,,21976,,,22031,,,30061,21979,,,22334,29388,22859,,,,,33844,33893,33879,33964,34469,36845,34158,34165,22045,21853,22159,22213,22230,124040,33922
,33983,33930,33839,,,,38218,33868,38507,37793,,22423,38507,21949,22000,22411,21944,,,,,21975,,,22030,,,30088,21978,,,22334,29410,22857,,,,,33842,33892,33878,33962,34469,36838,34157,34145,22044,21852,22158,22213,22231,127020,33921
,33981,33929,33840,,,,38216,33867,38506,37794,,22436,38506,21949,21998,22408,21943,,,,,21973,,,22029,,,30127,21978,,,22335,29438,22857,,,,,33839,33892,33878,33961,34470,36833,34156,34131,22043,21851,22158,22212,22232,130230,33921
,33980,33927,33841,,,,38214,33867,38504,37795,,22448,38504,21950,21996,22405,21942,,,,,21972,,,22028,,,30158,21977,,,22335,29460,22856,,,,,33837,33891,33877,33960,34471,36828,34155,34122,22041,21850,22157,22212,22233,133620,33921
,33978,33926,33843,,,,38211,33867,38503,37796,,22460,38503,21950,21994,22403,21940,,,,,21971,,,22027,,,30190,21976,,,22336,29483,22855,,,,,33835,33891,33877,33958,34472,36825,34153,34118,22040,21849,22157,22212,22234,137060,33920
,33975,33925,33845,,,,38209,33865,38502,37797,,22474,38502,21951,21992,22400,21939,,,,,21970,,,22026,,,30245,21976,,,22336,29520,22856,,,,,33832,33890,33876,33957,34473,36820,34152,34122,22039,21847,22157,22212,22236,140250,33920
,33972,33924,33847,,,,38207,33864,38501,37798,,22487,38501,21952,21990,22398,21938,,,,,21969,,,22026,,,30297,21975,,,22337,29556,22857,,,,,33829,33890,33876,33956,34474,36816,34151,34130,22037,21846,22157,22211,22238,143310,33920
,33969,33922,33850,,,,38205,33860,38500,37799,,22501,38500,21953,21988,22396,21937,,,,,21968,,,22025,,,30360,21974,,,22338,29598,22859,,,,,33826,33889,33875,33955,34476,36811,34149,34143,22036,21845,22156,22211,22241,146350,33920
,33966,33921,33852,,,,38202,33857,38499,37799,,22513,38499,21954,21986,22393,21936,,,,,21967,,,22024,,,30412,21974,,,22338,29630,22860,,,,,33823,33889,33875,33954,34477,36807,34148,34157,22035,21844,22156,22211,22242,149320,33920
,33965,33920,33853,,,,38199,33860,38497,37799,,22519,38497,21954,21985,22389,21935,,,,,21966,,,22023,,,30382,21973,,,22337,29607,22854,,,,,33823,33889,33874,33953,34476,36807,34147,34160,22034,21843,22155,22210,22241,152180,33919
,33965,33920,33854,,,,38197,33864,38496,37799,,22522,38496,21953,21983,22384,21934,,,,,21965,,,22022,,,30317,21971,,,22335,29559,22847,,,,,33824,33889,33874,33953,34474,36809,34148,34160,22033,21842,22154,22208,22237,154920,33919
,33965,33920,33855,,,,38194,33870,38495,37799,,22523,38495,21952,21981,22379,21932,,,,,21964,,,22021,,,30243,21970,,,22333,29501,22839,,,,,33826,33889,33874,33953,34472,36811,34148,34157,22032,21842,22152,22206,22233,157590,33920
,33966,33920,33856,,,,38191,33876,38493,37798,,22522,38493,21951,21979,22374,21931,,,,,21963,,,22020,,,30155,21968,,,22330,29432,22830,,,,,33828,33889,33874,33953,34469,36812,34149,34154,22031,21841,22151,22204,22229,160140,33920
,33966,33919,33857,,,,38188,33874,38492,37798,,22522,38492,21949,21978,22368,21930,,,,,21962,,,22019,,,30068,21967,,,22328,29369,22820,,,,,33830,33889,33874,33953,34467,36816,34149,34155,22030,21840,22149,22202,22225,162420,33919
,33967,33919,33858,,,,38184,33869,38491,37797,,22521,38491,21948,21977,22363,21929,,,,,21962,,,22018,,,29981,21965,,,22326,29305,22810,,,,,33833,33889,33875,33954,34464,36818,34150,34157,22030,21839,22147,22201,22220,164550,33919
,33967,33919,33858,,,,38181,33864,38490,37796,,22520,38490,21947,21976,22358,21928,,,,,21961,,,22017,,,29884,21964,,,22324,29234,22800,,,,,33836,33889,33875,33954,34462,36822,34151,34160,22029,21839,22146,22199,22216,166420,33917
,33968,33919,33859,,,,38178,33858,38488,37796,,22517,38488,21945,21974,22353,21927,,,,,21960,,,22016,,,29790,21963,,,22322,29162,22789,,,,,33839,33889,33875,33954,34459,36825,34151,34162,22028,21838,22144,22197,22211,168150,33916
,33968,33920,33860,,,,38175,33857,38487,37795,,22515,38487,21944,21973,22347,21926,,,,,21960,,,22015,,,29728,21961,,,22318,29099,22784,,,,,33840,33890,33876,33955,34455,36820,34151,34156,22027,21837,22142,22194,22207,170020,33918
,33967,33920,33862,,,,38172,33859,38486,37794,,22512,38486,21943,21971,22341,21925,,,,,21959,,,22014,,,29681,21958,,,22314,29037,22781,,,,,33840,33890,33876,33955,34451,36812,34150,34147,22026,21836,22140,22192,22203,171870,33921
,33967,33920,33863,,,,38169,33861,38485,37793,,22509,38485,21942,21969,22335,21924,,,,,21958,,,22013,,,29646,21957,,,22311,28986,22779,,,,,33839,33890,33876,33956,34448,36802,34148,34138,22026,21836,22138,22189,22199,173670,33924
,33966,33921,33864,,,,38166,33863,38483,37793,,22506,38483,21940,21968,22330,21923,,,,,21957,,,22012,,,29619,21955,,,22307,28938,22777,,,,,33839,33891,33877,33957,34444,36790,34147,34127,22025,21835,22136,22187,22196,175450,33928
,33965,33921,33866,,,,38164,33866,38482,37792,,22501,38482,21939,21966,22324,21922,,,,,21956,,,22011,,,29583,21952,,,22303,28871,22776,,,,,33839,33891,33877,33957,34439,36781,34145,34116,22024,21834,22134,22184,22193,177050,33929
,33964,33922,33868,,,,38161,33869,38481,37791,,22497,38481,21938,21964,22318,21921,,,,,21956,,,22010,,,29551,21950,,,22299,28806,22775,,,,,33838,33891,33877,33958,34434,36771,34144,34105,22023,21834,22132,22181,22189,178580,33929
,33964,33922,33870,,,,38158,33874,38480,37790,,22491,38480,21936,21963,22312,21919,,,,,21955,,,22009,,,29522,21947,,,22294,28736,22774,,,,,33838,33892,33878,33959,34429,36760,34142,34092,22022,21833,22130,22178,22186,180190,33929
,33963,33923,33871,,,,38155,33878,38478,37790,,22486,38478,21935,21961,22306,21918,,,,,21954,,,22008,,,29503,21945,,,22290,28676,22774,,,,,33837,33892,33878,33959,34425,36749,34140,34081,22021,21832,22128,22175,22184,181790,33928
,33963,33923,33872,,,,38152,33875,38477,37789,,22486,38477,21934,21961,22303,21917,,,,,21954,,,22007,,,29520,21944,,,22288,28674,22772,,,,,33837,33892,33878,33960,34424,36734,34138,34073,22021,21832,22127,22174,22183,183390,33928
,33963,33923,33871,,,,38148,33869,38476,37788,,22487,38476,21934,21962,22300,21916,,,,,21953,,,22006,,,29554,21945,,,22288,28699,22769,,,,,33836,33893,33879,33960,34424,36717,34136,34067,22021,21831,22126,22174,22184,184920,33927
,33963,33923,33871,,,,38145,33861,38475,37787,,22488,38475,21934,21962,22298,21915,,,,,21953,,,22005,,,29603,21945,,,22289,28728,22767,,,,,33835,33893,33879,33961,34425,36700,34133,34061,22021,21830,22126,22174,22185,186300,33926
,33963,33922,33870,,,,38141,33854,38474,37786,,22491,38474,21934,21963,22296,21914,,,,,21953,,,22004,,,29661,21946,,,22290,28767,22765,,,,,33835,33893,33879,33961,34427,36684,34131,34057,22021,21830,22125,22174,22186,187520,33925
,33964,33923,33869,,,,38138,33853,38473,37786,,22493,38473,21934,21964,22295,21913,,,,,21952,,,22003,,,29709,21947,,,22291,28813,22762,,,,,33834,33894,33879,33961,34428,36666,34130,34052,22020,21829,22125,22174,22188,188560,33924
,33964,33923,33868,,,,38135,33856,38472,37785,,22496,38472,21935,21965,22293,21912,,,,,21952,,,22002,,,29759,21949,,,22292,28859,22759,,,,,33834,33894,33879,33962,34429,36648,34129,34048,22020,21829,22124,22175,22190,189330,33924
,33967,33924,33867,,,,38132,33859,38471,37784,,22499,38471,21935,21966,22292,21911,,,,,21952,,,22001,,,29809,21950,,,22294,28915,22756,,,,,33834,33894,33879,33962,34432,36630,34128,34044,22020,21828,22124,22175,22192,189950,33923
,33970,33924,33866,,,,38128,33863,38470,37784,,22503,38470,21936,21967,22291,21910,,,,,21951,,,22000,,,29864,21952,,,22295,28966,22753,,,,,33834,33894,33879,33963,34434,36613,34127,34040,22020,21827,22124,22176,22194,190290,33922
,33965,33923,33866,,,,38125,33864,38469,37783,,22503,38469,21936,21968,22291,21909,,,,,21951,,,21999,,,29949,21951,,,22295,28976,22752,,,,,33834,33895,33879,33963,34434,36604,34123,34037,22020,21827,22123,22175,22194,189750,33920
,33958,33921,33867,,,,38121,33863,38468,37782,,22503,38468,21936,21970,22290,21908,,,,,21951,,,21998,,,30044,21950,,,22294,28967,22752,,,,,33833,33895,33879,33963,34434,36599,34117,34035,22020,21826,22123,22175,22193,188930,33919
,33960,33919,33868,,,,38118,33863,38467,37781,,22503,38467,21937,21971,22289,21907,,,,,21951,,,21997,,,30141,21949,,,22293,28949,22751,,,,,33833,33895,33879,33964,34434,36596,34113,34033,22021,21826,22123,22174,22191,187690,33918
,33963,33916,33870,,,,38115,33863,38466,37781,,22502,38466,21937,21973,22289,21906,,,,,21951,,,21996,,,30236,21947,,,22292,28922,22751,,,,,33834,33896,33879,33964,34433,36595,34108,34032,22021,21825,22123,22174,22189,186110,33918
,33961,33914,33871,,,,38111,33864,38465,37780,,22501,38465,21938,21975,22289,21905,,,,,21951,,,21995,,,30322,21945,,,22291,28904,22751,,,,,33833,33896,33879,33964,34433,36594,34101,34031,22021,21825,22123,22173,22187,184110,33916
,33958,33912,33873,,,,38108,33865,38464,37779,,22501,38464,21939,21976,22289,21904,,,,,21950,,,21994,,,30398,21943,,,22290,28883,22750,,,,,33833,33897,33879,33964,34433,36594,34094,34030,22021,21824,22123,22173,22185,181800,33913
,33956,33908,33876,,,,38105,33865,38463,37778,,22500,38463,21939,21978,22289,21903,,,,,21950,,,21993,,,30463,21941,,,22289,28860,22750,,,,,33832,33897,33879,33964,34433,36595,34085,34029,22022,21824,22123,22172,22182,179250,33911
,33953,33903,33878,,,,38102,33866,38462,37777,,22499,38462,21940,21980,22289,21902,,,,,21950,,,21992,,,30516,21939,,,22288,28832,22750,,,,,33832,33897,33879,33964,34432,36597,34078,34028,22022,21823,22123,22171,22180,176490,33909
,33953,33905,33879,,,,38100,33870,38461,37777,,22499,38461,21941,21980,22288,21901,,,,,21950,,,21991,,,30556,21938,,,22286,28790,22748,,,,,33835,33898,33879,33965,34429,36603,34082,34029,22021,21823,22122,22171,22178,173590,33912
,33953,33909,33880,,,,38098,33875,38460,37777,,22500,38460,21942,21979,22286,21900,,,,,21949,,,21990,,,30577,21937,,,22282,28741,22744,,,,,33839,33898,33880,33966,34426,36610,34089,34031,22020,21822,22121,22170,22176,170580,33918
,33953,33914,33881,,,,38097,33877,38459,37777,,22501,38459,21944,21978,22284,21900,,,,,21948,,,21990,,,30588,21937,,,22279,28688,22740,,,,,33845,33898,33880,33967,34422,36617,34097,34034,22019,21821,22120,22169,22174,167370,33923
,33954,33919,33881,,,,38097,33879,38457,37777,,22502,38457,21945,21976,22282,21899,,,,,21946,,,21989,,,30578,21936,,,22276,28632,22735,,,,,33850,33899,33881,33967,34417,36624,34107,34037,22018,21820,22119,22168,22172,164220,33929
,33954,33924,33883,,,,38096,33880,38456,37778,,22504,38456,21946,21974,22280,21898,,,,,21945,,,21989,,,30511,21936,,,22272,28581,22731,,,,,33855,33899,33881,33968,34413,36633,34118,34036,22016,21819,22117,22168,22171,161170,33938
,33955,33929,33886,,,,38096,33881,38454,37778,,22506,38454,21948,21973,22279,21897,,,,,21944,,,21988,,,30408,21936,,,22269,28530,22727,,,,,33858,33902,33881,33969,34410,36642,34128,34035,22015,21818,22116,22167,22169,158160,33947
,33956,33933,33888,,,,38096,33879,38453,37778,,22509,38453,21949,21971,22277,21896,,,,,21943,,,21987,,,30304,21935,,,22265,28482,22723,,,,,33861,33896,33882,33969,34406,36653,34140,34029,22014,21818,22115,22166,22167,154960,33958
,33956,33937,33890,,,,38096,33877,38452,37778,,22512,38452,21951,21968,22275,21895,,,,,21942,,,21987,,,30182,21935,,,22261,28435,22719,,,,,33864,33899,33882,33970,34401,36661,34151,34024,22012,21817,22113,22165,22166,151770,33968
,33957,33940,33893,,,,38095,33883,38450,37779,,22512,38450,21952,21966,22273,21895,,,,,21940,,,21986,,,30001,21934,,,22259,28384,22713,,,,,33869,33901,33883,33971,34396,36658,34154,34031,22011,21816,22112,22164,22163,148500,33969
,33958,33941,33896,,,,38095,33891,38449,37779,,22511,38449,21954,21964,22271,21894,,,,,21939,,,21986,,,29803,21933,,,22256,28334,22706,,,,,33874,33904,33884,33972,34390,36649,34154,34041,22009,21815,22111,22163,22160,145340,33966
,33958,33942,33900,,,,38095,33900,38447,37780,,22512,38447,21955,21962,22269,21893,,,,,21937,,,21985,,,29587,21933,,,22255,28285,22700,,,,,33880,33902,33884,33973,34385,36637,34152,34055,22007,21814,22109,22162,22157,142670,33961
,33959,33943,33902,,,,38095,33909,38446,37780,,22512,38446,21957,21960,22267,21892,,,,,21936,,,21985,,,29375,21932,,,22254,28241,22694,,,,,33885,33900,33885,33974,34379,36623,34149,34067,22005,21813,22108,22161,22154,140330,33955
,33959,33938,33900,,,,38095,33907,38444,37781,,22510,38444,21959,21958,22264,21891,,,,,21935,,,21984,,,29247,21931,,,22252,28219,22686,,,,,33883,33900,33886,33975,34373,36611,34145,34059,22003,21812,22107,22160,22150,138320,33950
,33960,33931,33894,,,,38095,33901,38443,37781,,22509,38443,21960,21956,22262,21891,,,,,21933,,,21984,,,29158,21930,,,22250,28207,22679,,,,,33878,33901,33886,33976,34367,36598,34141,34043,22001,21811,22105,22159,22147,136590,33943
,33960,33923,33888,,,,38095,33895,38441,37782,,22507,38441,21962,21954,22260,21890,,,,,21932,,,21983,,,29080,21929,,,22248,28201,22670,,,,,33872,33901,33887,33977,34361,36585,34135,34024,21998,21810,22104,22158,22143,135110,33936
,33961,33914,33880,,,,38095,33887,38440,37783,,22506,38440,21964,21951,22257,21889,,,,,21930,,,21983,,,29024,21928,,,22246,28202,22663,,,,,33866,33902,33888,33978,34355,36570,34128,34003,21996,21810,22103,22156,22140,133830,33929
,33961,33910,33875,,,,38096,33878,38438,37783,,22512,38438,21966,21950,22256,21888,,,,,21929,,,21982,,,28992,21927,,,22246,28211,22661,,,,,33858,33902,33888,33978,34354,36550,34122,33993,21996,21809,22101,22156,22139,132700,33925
,33961,33907,33870,,,,38096,33870,38437,37784,,22520,38437,21968,21948,22256,21888,,,,,21929,,,21982,,,28980,21927,,,22246,28226,22662,,,,,33851,33903,33888,33977,34354,36526,34116,33988,21996,21808,22100,22156,22139,131700,33922
,33961,33905,33866,,,,38097,33860,38435,37784,,22528,38435,21969,21946,22256,21887,,,,,21929,,,21981,,,28978,21926,,,22247,28243,22664,,,,,33843,33903,33885,33976,34356,36504,34110,33982,21996,21807,22099,22155,22139,130810,33919
,33960,33903,33862,,,,38098,33850,38434,37784,,22538,38434,21971,21945,22256,21886,,,,,21928,,,21981,,,28988,21926,,,22247,28262,22667,,,,,33835,33904,33881,33974,34358,36480,34104,33978,21996,21806,22098,22155,22140,130010,33917
,33961,33899,33856,,,,38099,33844,38432,37785,,22549,38432,21973,21944,22256,21886,,,,,21928,,,21981,,,29018,21925,,,22249,28290,22670,,,,,33829,33904,33885,33973,34360,36455,34096,33977,21996,21805,22097,22155,22140,129320,33915
,33962,33895,33849,,,,38100,33840,38431,37785,,22560,38431,21975,21942,22256,21885,,,,,21928,,,21980,,,29057,21924,,,22250,28318,22673,,,,,33824,33904,33891,33971,34362,36429,34088,33978,21997,21804,22095,22155,22141,128670,33913
,33964,33891,33841,,,,38100,33838,38429,37786,,22572,38429,21977,21941,22256,21884,,,,,21928,,,21980,,,29109,21924,,,22252,28351,22678,,,,,33820,33904,33887,33970,34364,36403,34080,33979,21998,21803,22094,22154,22142,128140,33911
,33966,33887,33835,,,,38101,33837,38428,37786,,22584,38428,21979,21940,22256,21883,,,,,21928,,,21979,,,29161,21923,,,22254,28381,22682,,,,,33817,33905,33880,33968,34366,36379,34072,33981,21998,21802,22093,22154,22143,127590,33910
,33963,33886,33832,,,,38103,33834,38426,37787,,22589,38426,21981,21939,22256,21883,,,,,21928,,,21979,,,29177,21922,,,22252,28388,22681,,,,,33815,33905,33879,33966,34370,36366,34070,33983,21998,21801,22092,22155,22144,126710,33907
,33959,33886,33831,,,,38104,33831,38425,37787,,22592,38425,21983,21938,22255,21882,,,,,21928,,,21979,,,29179,21922,,,22248,28386,22679,,,,,33815,33906,33880,33964,34374,36360,34070,33986,21997,21800,22091,22155,22144,125710,33905
,33954,33886,33831,,,,38106,33833,38424,37788,,22595,38424,21985,21937,22255,21881,,,,,21928,,,21979,,,29171,21921,,,22244,28376,22676,,,,,33814,33907,33879,33963,34378,36357,34071,33984,21996,21800,22090,22156,22143,124620,33903
,33949,33886,33831,,,,38107,33837,38422,37788,,22597,38422,21987,21936,22254,21881,,,,,21928,,,21978,,,29157,21921,,,22240,28361,22672,,,,,33815,33908,33878,33961,34382,36358,34073,33982,21995,21799,22088,22157,22143,123490,33902
,33950,33887,33832,,,,38109,33840,38421,37789,,22598,38421,21990,21935,22253,21880,,,,,21928,,,21978,,,29161,21920,,,22235,28354,22669,,,,,33818,33909,33877,33959,34388,36356,34075,33983,21995,21798,22087,22158,22143,122510,33899
,33952,33888,33833,,,,38111,33843,38419,37789,,22600,38419,21992,21935,22253,21879,,,,,21928,,,21978,,,29164,21920,,,22230,28346,22665,,,,,33822,33910,33876,33956,34393,36355,34078,33986,21994,21797,22086,22159,22142,121540,33897
,33956,33889,33834,,,,38113,33846,38418,37790,,22602,38418,21994,21934,22252,21879,,,,,21928,,,21977,,,29168,21919,,,22225,28337,22661,,,,,33827,33911,33875,33954,34398,36355,34081,33989,21992,21796,22086,22160,22142,120590,33895
,33960,33891,33835,,,,38114,33850,38416,37791,,22603,38416,21997,21934,22251,21878,,,,,21928,,,21977,,,29166,21919,,,22219,28323,22657,,,,,33833,33912,33873,33952,34402,36357,34085,33992,21991,21795,22085,22161,22142,119610,33893
,33960,33890,33835,,,,38114,33851,38415,37791,,22607,38415,21998,21933,22250,21877,,,,,21928,,,21976,,,29123,21918,,,22217,28285,22652,,,,,33833,33912,33873,33951,34401,36364,34086,33994,21991,21794,22084,22160,22141,118330,33895
,33959,33890,33833,,,,38114,33851,38413,37792,,22611,38413,21999,21932,22248,21877,,,,,21928,,,21976,,,29062,21917,,,22216,28236,22648,,,,,33832,33911,33873,33950,34397,36374,34085,33996,21990,21794,22082,22159,22140,116950,33899
,33959,33889,33831,,,,38113,33850,38412,37793,,22615,38412,22000,21930,22247,21876,,,,,21927,,,21975,,,28994,21916,,,22215,28184,22644,,,,,33830,33910,33873,33950,34394,36385,34085,33999,21990,21793,22081,22157,22139,115540,33903
,33958,33888,33829,,,,38111,33849,38410,37794,,22619,38410,22001,21929,22245,21875,,,,,21927,,,21974,,,28920,21915,,,22214,28128,22640,,,,,33828,33909,33873,33950,34390,36396,34085,34001,21989,21792,22080,22155,22137,114120,33907
,33956,33887,33828,,,,38110,33849,38409,37795,,22625,38409,22001,21929,22243,21875,,,,,21926,,,21973,,,28850,21914,,,22214,28071,22636,,,,,33826,33907,33873,33950,34381,36410,34084,34004,21989,21792,22079,22154,22136,112780,33914
,33955,33885,33826,,,,38109,33848,38407,37796,,22631,38407,22002,21928,22242,21874,,,,,21926,,,21972,,,28782,21913,,,22214,28014,22631,,,,,33825,33906,33874,33950,34370,36423,34084,34007,21989,21791,22078,22153,22135,111480,33921
,33951,33884,33824,,,,38108,33847,38406,37797,,22637,38406,22003,21928,22241,21873,,,,,21925,,,21971,,,28715,21911,,,22214,27955,22627,,,,,33823,33904,33874,33951,34366,36438,34083,34009,21988,21790,22077,22152,22134,110260,33931
,33948,33883,33822,,,,38107,33846,38404,37798,,22644,38404,22004,21928,22239,21872,,,,,21925,,,21971,,,28650,21910,,,22215,27899,22623,,,,,33821,33902,33875,33951,34364,36452,34082,34013,21988,21790,22076,22151,22133,109120,33940
,33952,33882,33821,,,,38104,33846,38403,37799,,22650,38403,22004,21926,22237,21872,,,,,21924,,,21970,,,28585,21909,,,22214,27857,22618,,,,,33820,33902,33875,33951,34356,36458,34083,34018,21987,21789,22075,22148,22131,108000,33942
,33957,33882,33820,,,,38102,33846,38401,37800,,22656,38401,22005,21925,22234,21871,,,,,21923,,,21969,,,28526,21908,,,22212,27822,22613,,,,,33820,33903,33875,33950,34347,36459,34083,34023,21987,21789,22075,22145,22128,106980,33941
,33964,33882,33819,,,,38100,33847,38400,37801,,22663,38400,22005,21923,22231,21870,,,,,21923,,,21968,,,28466,21906,,,22210,27793,22607,,,,,33819,33903,33876,33951,34339,36459,34084,34029,21986,21788,22075,22142,22126,106010,33936
,33970,33882,33819,,,,38097,33848,38398,37801,,22670,38398,22006,21922,22228,21870,,,,,21922,,,21967,,,28413,21905,,,22208,27769,22602,,,,,33819,33905,33876,33951,34332,36457,34085,34036,21986,21788,22074,22140,22124,105180,33933
,33969,33882,33818,,,,38094,33849,38396,37802,,22677,38396,22007,21920,22225,21869,,,,,21922,,,21966,,,28390,21903,,,22206,27746,22597,,,,,33818,33906,33876,33949,34323,36455,34085,34043,21985,21787,22074,22136,22122,104800,33940
,33966,33882,33818,,,,38091,33850,38395,37803,,22684,38395,22007,21919,22222,21868,,,,,21921,,,21965,,,28383,21902,,,22204,27728,22592,,,,,33817,33907,33877,33947,34314,36452,34086,34050,21985,21787,22074,22133,22119,104680,33950
,33961,33882,33817,,,,38087,33851,38393,37804,,22691,38393,22007,21917,22218,21868,,,,,21920,,,21964,,,28384,21900,,,22201,27712,22586,,,,,33815,33908,33877,33943,34305,36448,34087,34058,21984,21786,22074,22129,22116,104730,33962
,33956,33882,33817,,,,38084,33852,38392,37805,,22699,38392,22008,21916,22215,21867,,,,,21920,,,21963,,,28392,21898,,,22199,27701,22581,,,,,33813,33910,33878,33939,34297,36443,34087,34066,21984,21786,22074,22126,22113,104930,33974
,33955,33881,33816,,,,38084,33852,38390,37806,,22714,38390,22010,21918,22215,21866,,,,,21919,,,21962,,,28400,21897,,,22200,27710,22578,,,,,33814,33910,33878,33943,34294,36436,34086,34072,21983,21785,22073,22128,22112,105200,33978
,33957,33880,33816,,,,38086,33851,38389,37807,,22731,38389,22011,21921,22216,21866,,,,,21919,,,21961,,,28411,21897,,,22201,27728,22576,,,,,33817,33909,33879,33949,34293,36428,34085,34078,21983,21785,22073,22132,22112,105550,33978
,33958,33878,33815,,,,38087,33851,38388,37808,,22750,38388,22014,21925,22218,21865,,,,,21919,,,21960,,,28423,21897,,,22202,27747,22575,,,,,33821,33908,33879,33958,34293,36418,34083,34084,21982,21784,22073,22137,22112,105960,33976
,33960,33876,33814,,,,38090,33850,38387,37809,,22770,38387,22016,21930,22220,21864,,,,,21918,,,21959,,,28438,21897,,,22204,27769,22574,,,,,33824,33907,33879,33967,34294,36407,34081,34090,21982,21783,22072,22142,22112,106400,33973
,33961,33874,33813,,,,38092,33849,38385,37810,,22790,38385,22018,21934,22223,21864,,,,,21918,,,21959,,,28465,21897,,,22206,27798,22573,,,,,33823,33906,33880,33965,34295,36397,34080,34097,21982,21783,22071,22147,22112,106790,33974
,33962,33873,33813,,,,38095,33848,38384,37811,,22811,38384,22020,21938,22225,21863,,,,,21918,,,21958,,,28496,21896,,,22208,27828,22572,,,,,33820,33905,33880,33959,34296,36387,34079,34104,21981,21782,22071,22153,22113,107150,33975
,33962,33871,33812,,,,38098,33847,38383,37812,,22832,38383,22021,21943,22227,21862,,,,,21917,,,21957,,,28531,21897,,,22211,27862,22571,,,,,33816,33904,33880,33952,34298,36376,34078,34112,21981,21782,22070,22158,22113,107520,33976
,33963,33869,33812,,,,38101,33846,38381,37813,,22853,38381,22022,21948,22230,21862,,,,,21917,,,21956,,,28565,21897,,,22213,27893,22570,,,,,33812,33903,33881,33944,34300,36365,34078,34120,21981,21781,22070,22164,22114,107840,33976
,33963,33867,33811,,,,38102,33845,38380,37814,,22872,38380,22026,21953,22232,21861,,,,,21917,,,21955,,,28573,21896,,,22213,27897,22570,,,,,33812,33902,33881,33943,34302,36350,34074,34128,21980,21781,22069,22170,22113,107890,33968
,33963,33865,33810,,,,38101,33845,38379,37815,,22889,38379,22030,21959,22233,21860,,,,,21917,,,21955,,,28572,21895,,,22212,27889,22571,,,,,33812,33901,33882,33944,34304,36333,34069,34136,21980,21780,22069,22177,22111,107810,33958
,33964,33863,33809,,,,38100,33844,38378,37816,,22906,38378,22033,21964,22235,21860,,,,,21916,,,21954,,,28566,21894,,,22211,27873,22571,,,,,33813,33900,33882,33946,34305,36317,34063,34145,21980,21780,22069,22182,22109,107630,33947
,33964,33861,33809,,,,38099,33844,38377,37817,,22922,38377,22036,21970,22236,21859,,,,,21916,,,21953,,,28556,21893,,,22208,27852,22572,,,,,33813,33899,33882,33948,34305,36301,34057,34155,21980,21779,22069,22188,22107,107360,33935
,33964,33859,33808,,,,38097,33844,38375,37818,,22938,38375,22040,21976,22237,21858,,,,,21916,,,21952,,,28549,21892,,,22207,27838,22573,,,,,33813,33898,33883,33949,34307,36283,34055,34163,21979,21779,22068,22194,22105,107140,33921
,33965,33857,33807,,,,38096,33844,38374,37819,,22954,38374,22045,21982,22239,21858,,,,,21916,,,21951,,,28541,21891,,,22206,27823,22574,,,,,33813,33897,33883,33949,34308,36265,34054,34171,21979,21778,22068,22200,22103,106870,33907
,33965,33854,33806,,,,38094,33844,38373,37820,,22970,38373,22049,21988,22240,21857,,,,,21916,,,21951,,,28529,21890,,,22205,27806,22576,,,,,33813,33896,33884,33950,34309,36246,34054,34179,21979,21778,22068,22207,22101,106560,33892
,33965,33852,33805,,,,38092,33844,38372,37820,,22985,38372,22053,21994,22241,21857,,,,,21915,,,21950,,,28516,21889,,,22203,27786,22577,,,,,33813,33896,33884,33950,34311,36229,34055,34189,21978,21777,22068,22212,22099,106190,33877
,33965,33852,33805,,,,38092,33842,38371,37821,,22997,38371,22052,21996,22240,21856,,,,,21915,,,21949,,,28506,21888,,,22200,27750,22575,,,,,33813,33895,33884,33950,34312,36220,34054,34205,21978,21777,22067,22214,22097,105560,33871
,33966,33851,33804,,,,38092,33841,38369,37821,,23007,38369,22048,21997,22239,21855,,,,,21914,,,21948,,,28495,21887,,,22197,27707,22572,,,,,33814,33895,33885,33950,34314,36214,34053,34224,21978,21776,22066,22214,22095,104790,33869
,33966,33851,33804,,,,38092,33839,38368,37821,,23015,38368,22043,21997,22237,21855,,,,,21913,,,21948,,,28485,21885,,,22194,27664,22568,,,,,33814,33895,33885,33950,34315,36211,34051,34244,21978,21776,22066,22213,22092,104040,33868
,33966,33851,33804,,,,38092,33838,38366,37821,,23022,38366,22038,21996,22234,21854,,,,,21913,,,21947,,,28474,21884,,,22192,27618,22563,,,,,33814,33896,33885,33950,34316,36209,34050,34265,21978,21775,22065,22210,22090,103240,33868
,33967,33852,33803,,,,38093,33836,38365,37822,,23031,38365,22032,21995,22232,21854,,,,,21912,,,21946,,,28458,21883,,,22188,27568,22560,,,,,33814,33896,33885,33949,34318,36206,34050,34285,21978,21775,22064,22209,22087,102290,33869
,33967,33853,33803,,,,38093,33834,38364,37822,,23039,38364,22026,21994,22229,21853,,,,,21911,,,21945,,,28440,21882,,,22184,27518,22556,,,,,33814,33897,33885,33949,34319,36204,34050,34304,21978,21775,22063,22206,22084,101320,33869
,33968,33855,33803,,,,38094,33832,38362,37822,,23047,38362,22019,21992,22226,21853,,,,,21910,,,21945,,,28417,21881,,,22179,27465,22552,,,,,33815,33897,33885,33948,34321,36202,34050,34324,21978,21774,22062,22204,22082,100340,33871
,33968,33856,33802,,,,38095,33830,38361,37821,,23054,38361,22012,21990,22223,21852,,,,,21909,,,21944,,,28393,21879,,,22176,27416,22547,,,,,33815,33898,33885,33947,34323,36202,34050,34343,21978,21774,22061,22201,22079,99427,33872
,33968,33856,33802,,,,38094,33830,38359,37821,,23057,38359,22008,21988,22219,21852,,,,,21908,,,21943,,,28383,21879,,,22176,27390,22543,,,,,33815,33898,33885,33947,34320,36202,34050,34361,21978,21773,22060,22198,22078,98862,33873
,33969,33855,33802,,,,38094,33830,38358,37821,,23057,38358,22005,21986,22216,21851,,,,,21908,,,21943,,,28375,21878,,,22179,27374,22539,,,,,33816,33899,33885,33947,34316,36204,34050,34379,21978,21773,22059,22194,22077,98509,33873
,33969,33854,33802,,,,38093,33831,38356,37821,,23059,38356,22002,21985,22212,21850,,,,,21907,,,21942,,,28372,21878,,,22182,27366,22535,,,,,33816,33899,33886,33947,34311,36206,34050,34394,21978,21772,22059,22191,22077,98187,33873
,33969,33852,33801,,,,38092,33832,38355,37820,,23059,38355,21999,21983,22209,21850,,,,,21906,,,21942,,,28368,21877,,,22185,27363,22531,,,,,33816,33900,33887,33946,34306,36208,34050,34409,21978,21772,22058,22188,22077,98000,33872
,33970,33854,33801,,,,38091,33834,38353,37820,,23056,38353,21996,21981,22205,21849,,,,,21905,,,21941,,,28340,21877,,,22189,27353,22526,,,,,33817,33901,33886,33946,34300,36211,34050,34424,21978,21772,22058,22184,22077,98152,33873
,33970,33856,33801,,,,38090,33835,38352,37819,,23052,38352,21993,21978,22201,21848,,,,,21905,,,21940,,,28304,21877,,,22193,27344,22521,,,,,33817,33901,33885,33946,34294,36215,34051,34438,21978,21771,22057,22180,22077,98471,33874
,33970,33859,33801,,,,38089,33836,38351,37819,,23047,38351,21991,21976,22197,21848,,,,,21904,,,21940,,,28263,21876,,,22198,27337,22515,,,,,33818,33902,33885,33945,34287,36219,34051,34453,21978,21771,22057,22176,22077,98906,33874
,33971,33862,33801,,,,38087,33838,38349,37818,,23043,38349,21988,21973,22193,21847,,,,,21903,,,21939,,,28222,21876,,,22203,27333,22510,,,,,33818,33903,33887,33945,34280,36223,34051,34464,21978,21770,22057,22172,22078,99402,33875
,33971,33863,33801,,,,38088,33838,38348,37818,,23050,38348,21987,21971,22190,21847,,,,,21902,,,21938,,,28197,21875,,,22205,27345,22510,,,,,33818,33904,33887,33945,34277,36221,34051,34463,21979,21770,22056,22170,22077,99770,33875
,33972,33863,33800,,,,38089,33838,38347,37818,,23063,38347,21986,21969,22187,21846,,,,,21901,,,21938,,,28178,21875,,,22205,27364,22512,,,,,33818,33904,33886,33944,34276,36216,34051,34456,21979,21769,22055,22169,22077,100100,33874
,33972,33862,33800,,,,38090,33837,38346,37818,,23075,38346,21985,21967,22185,21846,,,,,21900,,,21937,,,28162,21874,,,22206,27383,22514,,,,,33818,33905,33886,33944,34274,36210,34051,34444,21979,21769,22055,22168,22076,100410,33873
,33973,33862,33800,,,,38092,33836,38345,37818,,23089,38345,21984,21965,22183,21845,,,,,21899,,,21936,,,28147,21873,,,22206,27403,22517,,,,,33818,33905,33886,33943,34274,36204,34050,34430,21979,21769,22054,22168,22075,100690,33871
,33973,33862,33799,,,,38093,33836,38344,37817,,23104,38344,21984,21963,22180,21845,,,,,21898,,,21936,,,28125,21872,,,22206,27430,22521,,,,,33817,33906,33886,33943,34273,36197,34050,34418,21979,21768,22053,22168,22074,100970,33870
,33973,33862,33799,,,,38095,33835,38343,37817,,23119,38343,21984,21961,22178,21844,,,,,21897,,,21935,,,28101,21871,,,22206,27456,22525,,,,,33817,33906,33886,33943,34272,36190,34049,34404,21979,21768,22052,22168,22073,101210,33869
,33974,33862,33799,,,,38097,33835,38342,37817,,23136,38342,21985,21960,22176,21843,,,,,21896,,,21935,,,28077,21870,,,22205,27486,22530,,,,,33817,33907,33886,33942,34272,36182,34049,34390,21979,21768,22052,22169,22073,101450,33868
,33974,33861,33799,,,,38098,33835,38341,37817,,23152,38341,21986,21958,22173,21843,,,,,21895,,,21934,,,28054,21870,,,22205,27511,22534,,,,,33816,33907,33886,33942,34272,36174,34048,34373,21980,21767,22051,22169,22072,101610,33867
,33975,33862,33799,,,,38098,33834,38340,37816,,23155,38340,21985,21956,22171,21843,,,,,21894,,,21933,,,28037,21869,,,22205,27510,22532,,,,,33816,33908,33886,33941,34271,36167,34047,34350,21980,21767,22050,22169,22070,101490,33866
,33975,33862,33798,,,,38098,33832,38339,37816,,23154,38339,21984,21953,22170,21843,,,,,21893,,,21933,,,28024,21868,,,22206,27495,22528,,,,,33815,33909,33886,33941,34270,36159,34047,34323,21980,21767,22049,22170,22069,101230,33865
,33976,33862,33798,,,,38097,33830,38338,37816,,23150,38338,21983,21950,22168,21843,,,,,21892,,,21932,,,28008,21867,,,22207,27474,22522,,,,,33815,33909,33886,33941,34268,36152,34047,34296,21980,21766,22049,22170,22067,100880,33863
,33976,33862,33798,,,,38096,33828,38337,37816,,23144,38337,21982,21948,22166,21843,,,,,21891,,,21932,,,27992,21867,,,22208,27448,22516,,,,,33815,33910,33885,33940,34266,36145,34046,34269,21980,21766,22048,22171,22065,100440,33862
,33977,33862,33798,,,,38095,33828,38337,37816,,23138,38337,21981,21945,22164,21844,,,,,21890,,,21931,,,27982,21866,,,22209,27425,22509,,,,,33814,33911,33885,33940,34265,36137,34045,34238,21981,21765,22047,22172,22063,100040,33861
,33977,33862,33798,,,,38094,33829,38336,37816,,23132,38336,21981,21943,22163,21844,,,,,21889,,,21930,,,27972,21864,,,22210,27401,22502,,,,,33814,33911,33885,33939,34264,36129,34045,34207,21981,21765,22047,22172,22062,99608,33860
,33978,33863,33797,,,,38093,33829,38335,37816,,23124,38335,21980,21940,22161,21845,,,,,21888,,,21930,,,27964,21863,,,22211,27374,22494,,,,,33814,33912,33885,33939,34262,36121,34044,34175,21981,21765,22046,22173,22059,99145,33859
,33978,33863,33797,,,,38092,33830,38334,37815,,23116,38334,21980,21938,22160,21846,,,,,21887,,,21929,,,27954,21862,,,22212,27345,22487,,,,,33814,33913,33884,33939,34260,36113,34044,34144,21981,21764,22045,22174,22057,98638,33857
,33978,33864,33797,,,,38090,33830,38333,37814,,23109,38333,21980,21937,22157,21844,,,,,21886,,,21929,,,27923,21862,,,22211,27309,22482,,,,,33813,33913,33885,33939,34259,36106,34043,34131,21982,21764,22045,22175,22056,97993,33857
,33978,33865,33798,,,,38089,33829,38332,37813,,23102,38332,21982,21937,22155,21842,,,,,21886,,,21928,,,27883,21862,,,22210,27270,22479,,,,,33812,33914,33885,33939,34258,36099,34042,34125,21982,21763,22044,22176,22055,97286,33857
,33979,33866,33798,,,,38087,33829,38332,37811,,23095,38332,21983,21937,22152,21840,,,,,21886,,,21928,,,27842,21862,,,22208,27231,22477,,,,,33811,33914,33886,33939,34257,36093,34041,34122,21982,21763,22043,22177,22054,96555,33858
,33979,33867,33799,,,,38085,33829,38331,37810,,23087,38331,21985,21937,22149,21838,,,,,21886,,,21927,,,27798,21862,,,22206,27190,22475,,,,,33811,33915,33886,33940,34256,36086,34040,34122,21983,21762,22043,22178,22053,95811,33858
,33979,33868,33799,,,,38083,33828,38330,37808,,23080,38330,21988,21938,22147,21835,,,,,21886,,,21927,,,27753,21861,,,22204,27147,22472,,,,,33811,33915,33887,33940,34255,36080,34038,34122,21983,21761,22042,22180,22052,95096,33858
,33979,33870,33800,,,,38081,33828,38329,37806,,23073,38329,21990,21938,22145,21832,,,,,21886,,,21926,,,27708,21859,,,22201,27105,22470,,,,,33811,33916,33888,33941,34254,36074,34037,34123,21984,21760,22042,22181,22050,94400,33859
,33979,33872,33800,,,,38079,33828,38327,37805,,23066,38327,21992,21939,22142,21829,,,,,21886,,,21926,,,27660,21858,,,22198,27060,22469,,,,,33811,33917,33891,33941,34253,36068,34036,34127,21984,21760,22041,22183,22050,93752,33860
,33979,33874,33801,,,,38077,33828,38326,37803,,23059,38326,21995,21940,22140,21826,,,,,21886,,,21925,,,27615,21856,,,22196,27018,22467,,,,,33812,33917,33895,33942,34252,36062,34034,34131,21984,21759,22041,22185,22049,93150,33860
,33979,33874,33801,,,,38076,33828,38326,37801,,23052,38326,21998,21941,22137,21826,,,,,21886,,,21925,,,27587,21855,,,22193,26990,22464,,,,,33812,33918,33891,33943,34250,36054,34033,34135,21985,21758,22040,22186,22047,92537,33861
,33979,33875,33802,,,,38074,33828,38325,37799,,23045,38325,22001,21942,22134,21826,,,,,21886,,,21924,,,27567,21854,,,22191,26969,22460,,,,,33812,33918,33885,33943,34248,36047,34032,34138,21985,21757,22040,22186,22046,92028,33862
,33979,33875,33803,,,,38072,33828,38325,37797,,23040,38325,22004,21943,22131,21827,,,,,21886,,,21924,,,27553,21853,,,22188,26953,22456,,,,,33811,33919,33888,33944,34247,36039,34031,34142,21986,21757,22039,22187,22045,91512,33862
,33979,33876,33803,,,,38071,33828,38324,37795,,23035,38324,22007,21944,22128,21828,,,,,21886,,,21923,,,27542,21853,,,22186,26940,22452,,,,,33811,33919,33894,33945,34245,36031,34029,34145,21986,21756,22039,22187,22044,91085,33863
,33979,33875,33804,,,,38069,33828,38324,37792,,23029,38324,22010,21946,22125,21829,,,,,21887,,,21923,,,27526,21852,,,22183,26923,22448,,,,,33811,33919,33894,33946,34243,36023,34028,34151,21987,21755,22038,22188,22042,90962,33864
,33979,33875,33804,,,,38068,33828,38324,37790,,23023,38324,22013,21947,22122,21830,,,,,21887,,,21922,,,27511,21851,,,22181,26907,22444,,,,,33810,33920,33893,33946,34241,36015,34027,34158,21987,21754,22038,22188,22041,90998,33865
,33979,33875,33805,,,,38066,33828,38323,37788,,23017,38323,22017,21949,22118,21829,,,,,21887,,,21922,,,27497,21850,,,22178,26892,22440,,,,,33810,33920,33893,33947,34239,36007,34026,34165,21987,21754,22037,22188,22040,91128,33866
,33979,33875,33806,,,,38065,33828,38323,37786,,23013,38323,22020,21951,22116,21828,,,,,21887,,,21921,,,27486,21849,,,22176,26880,22436,,,,,33810,33921,33892,33948,34237,35999,34024,34172,21988,21753,22037,22188,22039,91338,33867
,33979,33877,33806,,,,38063,33828,38322,37784,,23015,38322,22024,21951,22116,21832,,,,,21887,,,21921,,,27486,21848,,,22173,26883,22434,,,,,33810,33921,33893,33949,34235,35993,34023,34174,21988,21752,22036,22192,22038,91561,33867
,33979,33881,33807,,,,38061,33828,38321,37783,,23020,38321,22027,21951,22117,21837,,,,,21888,,,21920,,,27492,21848,,,22169,26893,22432,,,,,33810,33922,33893,33950,34234,35987,34021,34175,21989,21751,22036,22196,22036,91809,33867
,33979,33885,33808,,,,38059,33828,38320,37782,,23026,38320,22031,21951,22120,21836,,,,,21888,,,21920,,,27497,21847,,,22166,26903,22430,,,,,33809,33922,33894,33950,34232,35982,34020,34175,21989,21750,22035,22202,22035,92075,33867
,33979,33889,33809,,,,38058,33828,38319,37782,,23034,38319,22034,21951,22123,21832,,,,,21888,,,21920,,,27504,21846,,,22163,26917,22429,,,,,33809,33923,33895,33951,34231,35977,34018,34174,21990,21749,22034,22208,22034,92347,33867
,33979,33894,33809,,,,38056,33828,38318,37781,,23042,38318,22038,21951,22125,21831,,,,,21888,,,21919,,,27515,21845,,,22160,26933,22428,,,,,33809,33924,33896,33952,34230,35971,34016,34173,21990,21749,22034,22213,22033,92617,33867
,33979,33898,33810,,,,38054,33827,38317,37780,,23050,38317,22041,21951,22128,21830,,,,,21888,,,21919,,,27526,21845,,,22157,26950,22426,,,,,33809,33924,33896,33953,34228,35965,34015,34172,21991,21748,22033,22218,22032,92856,33867
,33979,33903,33811,,,,38052,33827,38316,37780,,23059,38316,22045,21950,22131,21828,,,,,21889,,,21918,,,27540,21844,,,22154,26969,22425,,,,,33808,33925,33897,33954,34227,35959,34013,34170,21991,21747,22033,22223,22031,93102,33867
,33979,33908,33811,,,,38050,33827,38315,37779,,23069,38315,22049,21950,22134,21825,,,,,21889,,,21918,,,27552,21843,,,22151,26986,22424,,,,,33808,33925,33898,33954,34225,35953,34012,34168,21992,21746,22032,22228,22030,93295,33867
,33979,33910,33812,,,,38048,33827,38314,37779,,23078,38314,22053,21950,22138,21825,,,,,21889,,,21918,,,27543,21842,,,22148,26988,22423,,,,,33808,33926,33899,33955,34224,35949,34010,34169,21992,21745,22032,22234,22029,93280,33867
,33978,33910,33813,,,,38047,33827,38312,37778,,23087,38312,22057,21950,22142,21824,,,,,21889,,,21917,,,27525,21842,,,22144,26984,22422,,,,,33808,33926,33899,33956,34222,35945,34008,34170,21993,21744,22031,22240,22028,93153,33867
,33978,33911,33814,,,,38045,33826,38311,37778,,23095,38311,22061,21950,22146,21824,,,,,21890,,,21917,,,27502,21841,,,22141,26974,22420,,,,,33808,33927,33900,33957,34221,35940,34006,34171,21993,21744,22031,22245,22027,92952,33867
,33978,33910,33814,,,,38044,33826,38311,37777,,23103,38311,22065,21950,22150,21823,,,,,21890,,,21917,,,27476,21840,,,22138,26960,22419,,,,,33808,33928,33901,33958,34219,35935,34005,34172,21994,21743,22030,22249,22026,92684,33867
,33978,33910,33815,,,,38043,33826,38309,37777,,23114,38309,22069,21950,22155,21823,,,,,21890,,,21916,,,27452,21839,,,22135,26953,22419,,,,,33808,33928,33901,33959,34218,35933,34003,34174,21994,21742,22030,22255,22025,92400,33867
,33978,33910,33816,,,,38041,33826,38309,37777,,23124,38309,22073,21950,22159,21822,,,,,21891,,,21916,,,27428,21839,,,22132,26945,22418,,,,,33808,33929,33902,33960,34216,35931,34001,34176,21995,21741,22029,22260,22024,92068,33867
,33978,33909,33817,,,,38040,33826,38308,37777,,23135,38308,22077,21950,22164,21822,,,,,21891,,,21915,,,27401,21838,,,22128,26937,22417,,,,,33809,33929,33903,33961,34214,35930,34000,34179,21995,21740,22029,22266,22023,91707,33867
,33977,33908,33818,,,,38039,33825,38307,37776,,23146,38307,22081,21951,22168,21821,,,,,21891,,,21915,,,27373,21837,,,22125,26926,22416,,,,,33809,33930,33904,33962,34213,35928,33998,34180,21996,21739,22028,22270,22022,91296,33867
,33977,33907,33818,,,,38036,33825,38308,37775,,23151,38308,22086,21951,22169,21820,,,,,21891,,,21915,,,27342,21837,,,22124,26900,22414,,,,,33808,33930,33904,33962,34211,35916,33997,34178,21996,21739,22028,22268,22021,90748,33866
,33978,33906,33818,,,,38033,33825,38310,37774,,23154,38310,22091,21951,22169,21820,,,,,21891,,,21914,,,27309,21836,,,22124,26868,22412,,,,,33807,33930,33904,33963,34210,35900,33996,34173,21997,21738,22027,22263,22020,90135,33866
,33978,33905,33819,,,,38030,33825,38312,37772,,23156,38312,22097,21952,22169,21819,,,,,21891,,,21914,,,27276,21835,,,22123,26836,22409,,,,,33806,33930,33904,33963,34208,35885,33995,34169,21997,21737,22027,22256,22018,89485,33866
,33978,33904,33819,,,,38027,33825,38314,37771,,23158,38314,22102,21952,22168,21818,,,,,21890,,,21913,,,27242,21834,,,22123,26803,22406,,,,,33805,33930,33904,33964,34207,35868,33995,34164,21998,21736,22027,22248,22016,88815,33866
,33978,33903,33819,,,,38024,33826,38317,37769,,23160,38317,22108,21953,22166,21817,,,,,21890,,,21912,,,27208,21833,,,22124,26764,22403,,,,,33803,33930,33904,33965,34206,35849,33994,34158,21998,21736,22026,22241,22015,88178,33865
,33979,33902,33820,,,,38022,33826,38319,37767,,23162,38319,22114,21954,22165,21816,,,,,21890,,,21912,,,27175,21832,,,22125,26726,22400,,,,,33802,33930,33904,33965,34204,35831,33994,34152,21999,21735,22026,22232,22013,87555,33865
,33979,33900,33820,,,,38019,33826,38323,37766,,23164,38323,22120,21956,22163,21815,,,,,21889,,,21911,,,27142,21831,,,22126,26685,22397,,,,,33800,33930,33904,33966,34203,35811,33993,34145,21999,21734,22026,22223,22012,86969,33865
,33979,33899,33820,,,,38016,33826,38326,37764,,23166,38326,22126,21957,22161,21814,,,,,21889,,,21911,,,27110,21830,,,22127,26646,22394,,,,,33799,33930,33903,33966,34201,35792,33993,34138,22000,21734,22025,22214,22010,86413,33864
,33980,33897,33820,,,,38012,33826,38329,37762,,23171,38329,22132,21957,22159,21813,,,,,21889,,,21910,,,27084,21829,,,22127,26630,22391,,,,,33798,33930,33903,33967,34200,35786,33992,34135,22000,21733,22025,22204,22008,85827,33864
,33980,33894,33820,,,,38009,33826,38332,37760,,23177,38332,22137,21957,22157,21813,,,,,21888,,,21910,,,27062,21828,,,22128,26624,22388,,,,,33798,33929,33903,33967,34199,35786,33992,34134,22001,21732,22025,22195,22007,85275,33864
,33980,33892,33820,,,,38005,33826,38335,37759,,23184,38335,22142,21958,22155,21812,,,,,21888,,,21909,,,27044,21827,,,22128,26622,22385,,,,,33798,33929,33903,33967,34197,35788,33992,34133,22001,21732,22024,22185,22005,84791,33863
,33980,33890,33820,,,,38001,33826,38338,37757,,23192,38338,22147,21958,22154,21811,,,,,21887,,,21908,,,27029,21826,,,22128,26625,22382,,,,,33799,33929,33902,33968,34196,35792,33991,34133,22001,21731,22024,22176,22003,84383,33863
,33981,33887,33820,,,,37997,33826,38341,37756,,23199,38341,22151,21958,22151,21810,,,,,21887,,,21908,,,27010,21825,,,22129,26624,22378,,,,,33799,33929,33902,33968,34194,35795,33991,34132,22002,21730,22024,22165,22001,84142,33862
,33981,33884,33820,,,,37993,33826,38344,37754,,23207,38344,22156,21959,22149,21809,,,,,21886,,,21907,,,26992,21824,,,22129,26624,22375,,,,,33799,33929,33902,33969,34193,35797,33991,34132,22002,21730,22023,22155,21999,84025,33862
,33981,33881,33819,,,,37989,33826,38347,37752,,23217,38347,22161,21959,22147,21808,,,,,21885,,,21907,,,26974,21823,,,22129,26626,22372,,,,,33800,33929,33901,33969,34192,35802,33990,34131,22002,21729,22023,22144,21997,83939,33861
,33982,33878,33819,,,,37986,33826,38350,37751,,23227,38350,22165,21960,22144,21808,,,,,21885,,,21906,,,26960,21822,,,22130,26630,22368,,,,,33800,33928,33901,33969,34190,35806,33990,34131,22003,21729,22023,22134,21995,83938,33861
,33982,33876,33819,,,,37985,33827,38354,37749,,23241,38354,22171,21962,22142,21807,,,,,21884,,,21905,,,26964,21821,,,22132,26638,22366,,,,,33800,33928,33901,33970,34188,35812,33990,34131,22004,21728,22022,22127,21994,84166,33861
,33982,33875,33820,,,,37985,33827,38358,37747,,23256,38358,22178,21965,22140,21806,,,,,21884,,,21905,,,26976,21820,,,22135,26648,22363,,,,,33800,33928,33901,33970,34186,35818,33990,34130,22004,21727,22022,22123,21994,84500,33860
,33983,33873,33820,,,,37985,33827,38363,37746,,23271,38363,22185,21968,22138,21805,,,,,21884,,,21904,,,26992,21819,,,22138,26657,22361,,,,,33799,33927,33901,33971,34184,35823,33989,34128,22005,21727,22022,22118,21993,84886,33860
,33983,33871,33821,,,,37986,33827,38368,37744,,23287,38368,22191,21972,22136,21804,,,,,21883,,,21904,,,27011,21818,,,22141,26666,22358,,,,,33798,33927,33901,33971,34182,35827,33989,34127,22006,21726,22022,22115,21993,85301,33859
,33983,33870,33821,,,,37987,33827,38372,37742,,23311,38372,22198,21975,22134,21803,,,,,21883,,,21903,,,27029,21817,,,22145,26679,22356,,,,,33798,33927,33900,33971,34180,35836,33989,34127,22007,21725,22021,22112,21992,85642,33859
,33984,33868,33822,,,,37988,33827,38376,37740,,23337,38376,22203,21979,22132,21802,,,,,21882,,,21903,,,27047,21817,,,22148,26692,22354,,,,,33797,33927,33900,33972,34177,35844,33989,34126,22008,21725,22021,22109,21991,85934,33858
,33984,33867,33822,,,,37989,33827,38381,37739,,23364,38381,22209,21982,22130,21801,,,,,21882,,,21902,,,27067,21816,,,22151,26707,22352,,,,,33796,33926,33900,33972,34175,35854,33989,34126,22009,21724,22021,22106,21991,86242,33857
,33984,33865,33822,,,,37990,33827,38385,37737,,23392,38385,22215,21986,22128,21800,,,,,21881,,,21902,,,27086,21815,,,22154,26719,22350,,,,,33795,33926,33900,33973,34173,35862,33988,34126,22010,21724,22021,22104,21991,86501,33857
,33984,33864,33823,,,,37992,33827,38390,37736,,23413,38390,22221,21990,22126,21799,,,,,21881,,,21901,,,27101,21814,,,22157,26713,22347,,,,,33795,33925,33900,33973,34170,35857,33988,34122,22011,21723,22020,22101,21990,86580,33856
,33985,33862,33823,,,,37994,33828,38394,37734,,23430,38394,22228,21995,22124,21798,,,,,21881,,,21901,,,27113,21813,,,22160,26698,22345,,,,,33794,33925,33900,33973,34168,35847,33988,34118,22012,21722,22020,22099,21990,86562,33856
,33985,33860,33823,,,,37995,33828,38399,37732,,23445,38399,22234,21999,22122,21797,,,,,21880,,,21900,,,27119,21812,,,22162,26679,22343,,,,,33794,33925,33900,33974,34165,35836,33988,34113,22013,21722,22020,22096,21990,86456,33855
,33985,33858,33823,,,,37997,33828,38403,37731,,23459,38403,22240,22003,22120,21796,,,,,21880,,,21900,,,27122,21811,,,22165,26656,22341,,,,,33793,33924,33900,33974,34163,35823,33988,34108,22014,21721,22020,22094,21990,86286,33855
,33985,33857,33823,,,,38000,33828,38408,37729,,23475,38408,22246,22008,22118,21795,,,,,21879,,,21899,,,27135,21810,,,22168,26636,22339,,,,,33793,33924,33900,33974,34160,35809,33988,34102,22015,21721,22020,22092,21990,86146,33854
,33986,33855,33824,,,,38002,33828,38413,37728,,23491,38413,22251,22012,22116,21794,,,,,21879,,,21899,,,27147,21809,,,22171,26615,22337,,,,,33792,33923,33900,33975,34158,35794,33988,34097,22016,21720,22019,22091,21990,85962,33853
,33986,33853,33824,,,,38004,33828,38417,37726,,23506,38417,22257,22017,22114,21793,,,,,21878,,,21898,,,27161,21808,,,22175,26593,22335,,,,,33792,33923,33900,33975,34155,35777,33988,34091,22017,21719,22019,22089,21989,85778,33853
,33986,33852,33824,,,,38006,33828,38421,37725,,23519,38421,22262,22021,22112,21792,,,,,21878,,,21898,,,27170,21807,,,22178,26569,22332,,,,,33791,33923,33899,33975,34153,35760,33988,34086,22018,21719,22019,22088,21989,85534,33852
,33986,33851,33823,,,,38006,33828,38424,37724,,23523,38424,22263,22022,22110,21791,,,,,21877,,,21897,,,27146,21807,,,22177,26541,22330,,,,,33791,33922,33899,33975,34151,35753,33987,34083,22018,21718,22019,22085,21988,85017,33851
,33986,33850,33822,,,,38005,33828,38425,37724,,23522,38425,22262,22023,22109,21790,,,,,21876,,,21897,,,27108,21807,,,22175,26510,22328,,,,,33790,33922,33899,33975,34149,35750,33987,34081,22018,21718,22018,22082,21987,84384,33851
,33986,33849,33821,,,,38003,33828,38426,37723,,23518,38426,22260,22023,22108,21790,,,,,21875,,,21896,,,27064,21807,,,22172,26481,22326,,,,,33789,33922,33899,33975,34147,35749,33986,34079,22018,21717,22018,22079,21986,83714,33850
,33986,33848,33820,,,,38000,33827,38427,37723,,23511,38427,22257,22022,22106,21789,,,,,21874,,,21896,,,27016,21807,,,22169,26452,22324,,,,,33789,33922,33898,33975,34145,35749,33985,34079,22018,21716,22017,22076,21985,83022,33849
,33986,33847,33819,,,,37998,33827,38427,37723,,23505,38427,22254,22021,22106,21788,,,,,21873,,,21896,,,26973,21807,,,22166,26419,22322,,,,,33788,33922,33898,33975,34143,35748,33985,34077,22018,21716,22017,22072,21983,82398,33849
,33986,33846,33818,,,,37995,33827,38427,37723,,23498,38427,22251,22020,22105,21788,,,,,21872,,,21895,,,26933,21807,,,22164,26387,22320,,,,,33787,33922,33898,33975,34141,35747,33984,34076,22017,21715,22016,22069,21982,81823,33848
,33986,33846,33817,,,,37992,33826,38427,37724,,23489,38427,22246,22019,22104,21787,,,,,21871,,,21895,,,26889,21807,,,22161,26353,22318,,,,,33786,33922,33897,33975,34139,35748,33983,34076,22017,21714,22016,22066,21980,81253,33847
,33985,33845,33815,,,,37989,33826,38426,37724,,23480,38426,22241,22017,22104,21786,,,,,21869,,,21894,,,26848,21808,,,22158,26323,22316,,,,,33786,33922,33897,33975,34137,35748,33982,34075,22016,21714,22015,22063,21979,80737,33847
,33985,33845,33814,,,,37987,33825,38426,37724,,23469,38426,22236,22015,22103,21786,,,,,21868,,,21894,,,26814,21808,,,22158,26309,22314,,,,,33785,33922,33896,33975,34136,35747,33982,34076,22016,21713,22014,22060,21977,80382,33846
,33985,33844,33814,,,,37984,33825,38425,37724,,23458,38425,22231,22013,22101,21785,,,,,21867,,,21894,,,26784,21809,,,22160,26303,22312,,,,,33785,33922,33896,33974,34134,35745,33981,34077,22015,21712,22014,22057,21976,80133,33845
,33985,33843,33813,,,,37981,33825,38424,37725,,23447,38424,22225,22011,22100,21785,,,,,21866,,,21893,,,26767,21809,,,22163,26302,22310,,,,,33784,33922,33896,33974,34132,35743,33980,34079,22014,21712,22013,22054,21974,79931,33845
,33985,33843,33812,,,,37979,33824,38424,37725,,23436,38424,22219,22009,22099,21784,,,,,21865,,,21893,,,26756,21810,,,22167,26305,22308,,,,,33784,33922,33895,33974,34130,35741,33979,34080,22014,21711,22013,22051,21973,79807,33844
,33984,33842,33811,,,,37976,33824,38422,37725,,23423,38422,22213,22007,22098,21783,,,,,21864,,,21893,,,26726,21810,,,22169,26305,22306,,,,,33784,33922,33895,33974,34128,35739,33978,34082,22013,21711,22012,22048,21971,79820,33843
,33984,33842,33810,,,,37973,33823,38421,37726,,23410,38421,22206,22004,22097,21783,,,,,21863,,,21892,,,26700,21811,,,22172,26307,22304,,,,,33783,33922,33894,33973,34127,35737,33978,34084,22012,21710,22012,22045,21970,79921,33843
,33984,33841,33810,,,,37970,33823,38419,37726,,23396,38419,22199,22001,22095,21782,,,,,21862,,,21892,,,26670,21812,,,22174,26310,22302,,,,,33783,33922,33894,33973,34125,35735,33977,34087,22011,21709,22011,22042,21968,80073,33842
,33984,33840,33809,,,,37967,33822,38418,37727,,23382,38418,22191,21999,22094,21782,,,,,21861,,,21892,,,26652,21813,,,22177,26315,22301,,,,,33783,33921,33894,33972,34123,35732,33976,34090,22011,21709,22010,22039,21967,80276,33841
,33983,33840,33808,,,,37964,33822,38415,37727,,23376,38415,22184,21997,22095,21781,,,,,21859,,,21891,,,26704,21813,,,22187,26326,22299,,,,,33782,33921,33893,33972,34121,35730,33975,34091,22010,21708,22010,22038,21965,80530,33841
,33983,33840,33808,,,,37962,33821,38413,37728,,23372,38413,22177,21996,22097,21781,,,,,21858,,,21891,,,26788,21813,,,22200,26338,22297,,,,,33782,33921,33893,33972,34119,35726,33974,34091,22010,21708,22009,22037,21964,80815,33840
,33982,33840,33807,,,,37959,33821,38410,37730,,23368,38410,22169,21995,22099,21780,,,,,21857,,,21891,,,26883,21812,,,22213,26352,22295,,,,,33781,33921,33892,33972,34118,35723,33973,34092,22009,21707,22009,22036,21962,81109,33839
,33981,33839,33806,,,,37957,33820,38407,37731,,23365,38407,22162,21994,22102,21779,,,,,21855,,,21890,,,26988,21812,,,22228,26366,22293,,,,,33780,33921,33892,33971,34116,35718,33972,34093,22009,21706,22008,22036,21961,81407,33838
,33981,33839,33806,,,,37954,33820,38403,37732,,23362,38403,22154,21993,22104,21779,,,,,21854,,,21890,,,27089,21812,,,22243,26380,22292,,,,,33780,33921,33891,33971,34114,35716,33971,34093,22009,21706,22008,22035,21959,81696,33837
,33980,33839,33805,,,,37952,33819,38400,37733,,23358,38400,22146,21992,22106,21778,,,,,21853,,,21890,,,27190,21812,,,22257,26394,22290,,,,,33779,33921,33891,33971,34112,35713,33971,34093,22008,21705,22007,22035,21958,81957,33837
,33979,33838,33804,,,,37950,33819,38396,37734,,23355,38396,22138,21990,22108,21778,,,,,21851,,,21889,,,27277,21811,,,22273,26409,22288,,,,,33778,33921,33890,33970,34109,35710,33970,34094,22008,21704,22007,22035,21956,82219,33836
,33978,33838,33804,,,,37948,33819,38392,37736,,23351,38392,22130,21989,22110,21777,,,,,21850,,,21889,,,27358,21811,,,22287,26422,22286,,,,,33778,33921,33889,33970,34107,35708,33969,34094,22007,21704,22006,22035,21955,82434,33835
,33978,33838,33803,,,,37946,33818,38388,37737,,23343,38388,22122,21989,22112,21777,,,,,21849,,,21889,,,27456,21811,,,22296,26428,22285,,,,,33777,33921,33889,33970,34106,35702,33968,34095,22007,21703,22005,22036,21954,82486,33834
,33977,33838,33803,,,,37943,33817,38384,37739,,23331,38384,22113,21989,22114,21776,,,,,21847,,,21888,,,27539,21811,,,22301,26431,22283,,,,,33776,33921,33889,33969,34104,35695,33967,34096,22007,21702,22005,22036,21952,82447,33834
,33976,33838,33802,,,,37941,33817,38380,37741,,23318,38380,22104,21989,22116,21776,,,,,21846,,,21888,,,27637,21810,,,22305,26428,22281,,,,,33776,33921,33889,33969,34103,35689,33966,34097,22007,21702,22004,22037,21951,82331,33833
,33975,33838,33801,,,,37939,33816,38376,37742,,23302,38376,22094,21988,22117,21775,,,,,21844,,,21888,,,27711,21810,,,22306,26422,22280,,,,,33775,33921,33890,33969,34101,35682,33965,34098,22006,21701,22004,22037,21950,82151,33832
,33974,33838,33801,,,,37936,33816,38371,37744,,23290,38371,22085,21989,22119,21775,,,,,21843,,,21887,,,27647,21810,,,22311,26423,22278,,,,,33775,33922,33889,33968,34100,35674,33964,34099,22006,21700,22003,22038,21948,81973,33831
,33973,33838,33800,,,,37934,33815,38367,37746,,23276,38367,22077,21989,22121,21774,,,,,21842,,,21887,,,27524,21811,,,22314,26423,22276,,,,,33774,33922,33888,33968,34098,35666,33963,34100,22006,21700,22003,22039,21947,81747,33830
,33972,33838,33799,,,,37932,33814,38362,37748,,23263,38362,22068,21990,22123,21774,,,,,21840,,,21887,,,27373,21811,,,22318,26423,22275,,,,,33773,33922,33887,33967,34097,35656,33962,34101,22006,21699,22002,22040,21946,81498,33830
,33971,33837,33799,,,,37930,33814,38358,37750,,23248,38358,22060,21990,22124,21773,,,,,21839,,,21886,,,27204,21811,,,22320,26420,22273,,,,,33773,33922,33886,33967,34095,35648,33961,34102,22006,21698,22001,22041,21944,81193,33829
,33971,33837,33798,,,,37929,33813,38353,37751,,23226,38353,22049,21988,22122,21773,,,,,21838,,,21886,,,27079,21811,,,22313,26395,22271,,,,,33772,33921,33885,33966,34093,35648,33960,34102,22005,21698,22001,22041,21943,80678,33828
,33970,33836,33798,,,,37929,33813,38348,37751,,23200,38348,22038,21984,22118,21772,,,,,21837,,,21886,,,26969,21811,,,22303,26359,22269,,,,,33772,33921,33885,33966,34091,35651,33960,34103,22004,21698,22001,22040,21942,80061,33828
,33970,33835,33797,,,,37929,33812,38343,37751,,23174,38343,22028,21979,22113,21771,,,,,21836,,,21886,,,26854,21812,,,22292,26323,22267,,,,,33772,33921,33885,33965,34089,35654,33959,34103,22003,21697,22000,22040,21941,79442,33828
,33970,33834,33796,,,,37929,33812,38337,37751,,23146,38337,22017,21974,22107,21771,,,,,21836,,,21887,,,26743,21812,,,22280,26284,22265,,,,,33772,33921,33885,33964,34086,35659,33958,34103,22002,21697,22000,22039,21939,78796,33827
,33969,33833,33796,,,,37929,33811,38332,37751,,23118,38332,22006,21969,22101,21770,,,,,21835,,,21887,,,26646,21812,,,22265,26239,22263,,,,,33771,33920,33884,33964,34085,35664,33958,34102,22000,21696,21999,22038,21938,78092,33827
,33969,33832,33795,,,,37930,33811,38327,37751,,23091,38327,21994,21964,22095,21769,,,,,21835,,,21887,,,26558,21811,,,22249,26195,22261,,,,,33771,33920,33884,33963,34083,35669,33957,34102,21999,21696,21999,22038,21937,77401,33827
,33969,33831,33794,,,,37930,33810,38322,37751,,23062,38322,21983,21959,22089,21768,,,,,21834,,,21887,,,26475,21811,,,22230,26146,22259,,,,,33771,33920,33884,33962,34081,35675,33957,34102,21998,21696,21999,22037,21935,76691,33826
,33969,33830,33793,,,,37931,33809,38317,37750,,23035,38317,21972,21955,22082,21768,,,,,21834,,,21887,,,26401,21810,,,22213,26100,22257,,,,,33771,33919,33883,33961,34079,35681,33956,34101,21997,21695,21998,22036,21934,76038,33826
,33969,33829,33793,,,,37932,33809,38311,37750,,23013,38311,21966,21950,22076,21767,,,,,21834,,,21888,,,26348,21813,,,22209,26077,22255,,,,,33771,33919,33883,33961,34077,35682,33955,34102,21996,21695,21998,22036,21933,75666,33826
,33968,33828,33793,,,,37933,33809,38306,37750,,22994,38306,21961,21946,22069,21766,,,,,21833,,,21888,,,26308,21817,,,22210,26064,22253,,,,,33770,33919,33883,33960,34074,35681,33955,34102,21994,21695,21998,22035,21932,75450,33825
,33968,33826,33793,,,,37933,33809,38300,37750,,22978,38300,21957,21942,22062,21766,,,,,21833,,,21888,,,26275,21822,,,22212,26056,22251,,,,,33770,33918,33883,33959,34071,35677,33954,34103,21993,21694,21997,22035,21932,75285,33825
,33968,33825,33793,,,,37934,33809,38295,37750,,22964,38295,21954,21939,22055,21765,,,,,21832,,,21889,,,26251,21826,,,22215,26052,22249,,,,,33770,33918,33882,33958,34069,35673,33954,34103,21992,21694,21997,22034,21931,75213,33825
,33968,33824,33793,,,,37935,33809,38289,37749,,22947,38289,21951,21935,22048,21764,,,,,21832,,,21889,,,26230,21832,,,22220,26043,22247,,,,,33770,33917,33882,33957,34065,35672,33953,34104,21990,21694,21997,22033,21930,75288,33825
,33968,33823,33794,,,,37936,33809,38283,37749,,22931,38283,21949,21931,22041,21763,,,,,21832,,,21889,,,26214,21837,,,22224,26035,22245,,,,,33770,33917,33882,33956,34062,35671,33952,34105,21989,21694,21996,22032,21930,75456,33825
,33968,33822,33795,,,,37937,33810,38278,37749,,22915,38278,21947,21928,22033,21763,,,,,21831,,,21890,,,26205,21842,,,22231,26028,22243,,,,,33769,33917,33882,33956,34058,35670,33952,34106,21988,21693,21996,22032,21929,75682,33824
,33967,33820,33795,,,,37938,33810,38272,37749,,22901,38272,21946,21925,22026,21762,,,,,21831,,,21890,,,26199,21848,,,22237,26023,22241,,,,,33769,33916,33882,33955,34054,35668,33951,34108,21986,21693,21996,22031,21929,75953,33824
,33967,33819,33794,,,,37940,33809,38268,37749,,22899,38268,21944,21925,22022,21761,,,,,21831,,,21890,,,26190,21849,,,22235,26025,22239,,,,,33769,33916,33881,33954,34055,35660,33951,34107,21986,21693,21996,22031,21928,76232,33824
,33967,33818,33792,,,,37941,33807,38264,37750,,22903,38264,21940,21926,22021,21760,,,,,21831,,,21891,,,26183,21848,,,22229,26030,22237,,,,,33769,33916,33879,33953,34057,35648,33950,34106,21986,21692,21995,22032,21927,76518,33824
,33967,33817,33790,,,,37943,33805,38261,37751,,22907,38261,21938,21929,22019,21760,,,,,21830,,,21891,,,26175,21846,,,22222,26033,22235,,,,,33769,33915,33880,33952,34059,35637,33950,34105,21986,21692,21995,22032,21926,76799,33824
,33967,33816,33787,,,,37945,33803,38258,37752,,22914,38258,21935,21932,22019,21759,,,,,21830,,,21891,,,26168,21844,,,22214,26037,22233,,,,,33769,33915,33880,33952,34061,35626,33949,34103,21987,21692,21995,22033,21925,77066,33824
,33967,33815,33784,,,,37947,33800,38254,37753,,22924,38254,21932,21934,22019,21758,,,,,21830,,,21892,,,26170,21841,,,22208,26047,22231,,,,,33769,33914,33880,33951,34064,35611,33949,34102,21987,21692,21994,22034,21924,77306,33823
,33966,33813,33781,,,,37949,33798,38251,37754,,22934,38251,21929,21937,22018,21757,,,,,21830,,,21892,,,26172,21839,,,22202,26056,22229,,,,,33769,33914,33879,33950,34068,35596,33948,34100,21988,21691,21994,22036,21923,77496,33823
,33966,33812,33777,,,,37950,33795,38249,37755,,22946,38249,21927,21939,22019,21756,,,,,21830,,,21893,,,26178,21836,,,22195,26068,22227,,,,,33769,33913,33878,33949,34072,35579,33948,34098,21989,21691,21994,22037,21922,77689,33823
,33966,33811,33774,,,,37952,33793,38246,37757,,22958,38246,21924,21942,22019,21756,,,,,21829,,,21893,,,26182,21833,,,22189,26076,22225,,,,,33769,33913,33878,33949,34076,35563,33947,34097,21989,21691,21993,22039,21921,77823,33823
,33966,33810,33774,,,,37954,33792,38243,37758,,22962,38243,21923,21947,22020,21755,,,,,21829,,,21893,,,26169,21830,,,22182,26063,22223,,,,,33769,33912,33878,33948,34075,35564,33947,34097,21990,21691,21993,22039,21921,77725,33823
,33966,33809,33776,,,,37957,33792,38241,37759,,22962,38241,21923,21954,22021,21754,,,,,21829,,,21894,,,26148,21827,,,22174,26040,22221,,,,,33769,33912,33879,33947,34071,35571,33946,34099,21991,21691,21993,22039,21920,77511,33823
,33965,33807,33778,,,,37959,33792,38238,37761,,22962,38238,21923,21959,22022,21753,,,,,21829,,,21894,,,26126,21824,,,22168,26013,22219,,,,,33769,33912,33878,33946,34068,35580,33946,34102,21992,21690,21993,22038,21919,77242,33823
,33965,33806,33780,,,,37961,33793,38236,37762,,22960,38236,21923,21965,22023,21753,,,,,21829,,,21895,,,26102,21821,,,22162,25982,22217,,,,,33769,33911,33877,33946,34063,35591,33946,34104,21993,21690,21992,22037,21918,76918,33823
,33965,33805,33783,,,,37963,33793,38233,37764,,22959,38233,21923,21972,22024,21752,,,,,21829,,,21895,,,26076,21818,,,22155,25953,22215,,,,,33769,33911,33876,33945,34058,35602,33945,34106,21994,21690,21992,22039,21917,76588,33822
,33965,33804,33786,,,,37966,33794,38231,37766,,22959,38231,21924,21979,22026,21751,,,,,21829,,,21895,,,26051,21814,,,22149,25923,22213,,,,,33769,33910,33876,33944,34053,35614,33945,34108,21995,21690,21992,22040,21917,76242,33822
,33965,33803,33789,,,,37968,33795,38229,37767,,22958,38229,21925,21987,22027,21750,,,,,21829,,,21896,,,26024,21811,,,22142,25890,22211,,,,,33769,33910,33876,33944,34048,35627,33944,34110,21996,21690,21992,22043,21916,75859,33822
,33964,33801,33792,,,,37970,33796,38227,37769,,22956,38227,21926,21994,22029,21750,,,,,21829,,,21896,,,25997,21807,,,22136,25856,22209,,,,,33769,33909,33876,33943,34043,35640,33944,34112,21997,21689,21991,22046,21915,75466,33822
,33964,33800,33793,,,,37971,33796,38225,37771,,22954,38225,21925,21995,22029,21749,,,,,21829,,,21897,,,25979,21805,,,22138,25825,22207,,,,,33768,33909,33876,33942,34040,35644,33943,34115,21998,21689,21991,22046,21914,75108,33822
,33964,33800,33792,,,,37972,33796,38223,37773,,22951,38223,21925,21993,22029,21748,,,,,21828,,,21897,,,25965,21804,,,22142,25795,22205,,,,,33768,33909,33875,33941,34037,35645,33942,34118,21998,21688,21991,22045,21913,74761,33822
,33963,33799,33790,,,,37972,33795,38221,37776,,22948,38221,21924,21990,22028,21748,,,,,21828,,,21897,,,25953,21802,,,22149,25767,22203,,,,,33768,33909,33875,33941,34036,35642,33941,34121,21998,21688,21991,22045,21913,74443,33822
,33963,33798,33789,,,,37972,33795,38219,37778,,22944,38219,21923,21986,22027,21747,,,,,21827,,,21897,,,25941,21801,,,22157,25739,22201,,,,,33767,33908,33875,33940,34034,35638,33940,34123,21999,21687,21991,22046,21912,74138,33822
,33962,33797,33787,,,,37972,33794,38217,37780,,22941,38217,21922,21983,22026,21747,,,,,21827,,,21898,,,25930,21800,,,22164,25707,22199,,,,,33767,33908,33875,33939,34032,35638,33939,34127,21999,21687,21991,22047,21911,73789,33821
,33962,33796,33786,,,,37972,33793,38216,37783,,22938,38216,21921,21981,22026,21746,,,,,21826,,,21898,,,25918,21799,,,22171,25675,22197,,,,,33766,33908,33875,33939,34031,35637,33937,34131,21999,21686,21991,22049,21910,73453,33821
,33961,33796,33784,,,,37971,33793,38214,37785,,22934,38214,21920,21977,22026,21746,,,,,21825,,,21898,,,25908,21798,,,22180,25642,22195,,,,,33766,33908,33874,33938,34029,35637,33936,34136,21999,21686,21991,22050,21910,73118,33821
,33960,33795,33782,,,,37971,33792,38213,37787,,22931,38213,21920,21974,22025,21745,,,,,21825,,,21898,,,25898,21797,,,22189,25612,22193,,,,,33765,33908,33874,33937,34027,35634,33935,34139,21999,21685,21990,22053,21909,72820,33821
,33960,33794,33780,,,,37971,33792,38211,37791,,22928,38211,21920,21969,22023,21745,,,,,21824,,,21898,,,25885,21796,,,22199,25595,22191,,,,,33764,33908,33874,33937,34026,35623,33934,34136,21999,21685,21990,22066,21908,72687,33821
,33959,33794,33779,,,,37971,33792,38210,37795,,22925,38210,21921,21964,22021,21744,,,,,21824,,,21898,,,25871,21795,,,22211,25585,22189,,,,,33764,33908,33874,33936,34025,35609,33932,34130,21999,21684,21990,22082,21907,72644,33821
,33959,33793,33778,,,,37971,33791,38208,37798,,22923,38208,21922,21959,22018,21744,,,,,21823,,,21899,,,25857,21794,,,22222,25577,22187,,,,,33763,33908,33874,33936,34024,35594,33931,34123,21999,21683,21990,22104,21906,72617,33820
,33958,33793,33777,,,,37971,33791,38207,37802,,22921,38207,21923,21955,22016,21743,,,,,21822,,,21899,,,25843,21793,,,22233,25572,22185,,,,,33763,33908,33874,33935,34023,35578,33930,34115,22000,21683,21990,22127,21906,72632,33820
,33958,33792,33776,,,,37971,33791,38205,37807,,22918,38205,21925,21949,22012,21743,,,,,21822,,,21899,,,25828,21792,,,22246,25566,22183,,,,,33762,33908,33874,33935,34023,35561,33929,34107,22000,21682,21990,22144,21905,72727,33820
,33957,33792,33775,,,,37971,33791,38204,37811,,22914,38204,21926,21944,22009,21742,,,,,21821,,,21899,,,25814,21792,,,22259,25560,22181,,,,,33762,33908,33873,33935,34022,35543,33927,34098,22000,21681,21990,22160,21904,72854,33820
,33957,33791,33774,,,,37971,33790,38203,37816,,22910,38203,21928,21938,22004,21742,,,,,21821,,,21899,,,25799,21791,,,22272,25555,22179,,,,,33761,33908,33874,33934,34022,35524,33926,34088,22000,21681,21990,22172,21903,73016,33820
,33956,33791,33773,,,,37971,33790,38202,37820,,22907,38202,21930,21934,22000,21741,,,,,21820,,,21899,,,25785,21790,,,22284,25551,22177,,,,,33761,33908,33874,33934,34021,35507,33925,34078,22001,21680,21990,22187,21903,73177,33820
,33955,33790,33773,,,,37970,33790,38201,37824,,22910,38201,21931,21936,22001,21741,,,,,21819,,,21899,,,25773,21789,,,22289,25543,22175,,,,,33760,33908,33873,33933,34020,35500,33924,34073,22001,21679,21990,22222,21902,73239,33820
,33954,33789,33773,,,,37969,33790,38200,37827,,22915,38200,21933,21942,22005,21740,,,,,21819,,,21900,,,25761,21787,,,22291,25535,22172,,,,,33759,33908,33873,33933,34018,35498,33922,34071,22001,21679,21990,22263,21901,73257,33819
,33955,33789,33773,,,,37968,33790,38200,37829,,22919,38200,21934,21949,22008,21740,,,,,21818,,,21900,,,25749,21785,,,22291,25522,22170,,,,,33759,33908,33872,33932,34016,35498,33921,34069,22001,21678,21990,22309,21900,73224,33819
,33957,33788,33773,,,,37966,33790,38199,37831,,22925,38199,21935,21958,22012,21739,,,,,21818,,,21900,,,25737,21783,,,22290,25509,22168,,,,,33758,33908,33870,33932,34014,35502,33919,34068,22001,21678,21990,22354,21900,73158,33818
,33952,33787,33773,,,,37965,33790,38199,37835,,22932,38199,21936,21967,22018,21739,,,,,21817,,,21900,,,25727,21782,,,22289,25502,22166,,,,,33757,33908,33872,33931,34012,35502,33918,34066,22002,21677,21990,22380,21899,73132,33818
,33944,33786,33774,,,,37964,33790,38198,37839,,22940,38198,21937,21977,22023,21738,,,,,21817,,,21900,,,25717,21780,,,22289,25496,22163,,,,,33757,33908,33875,33931,34010,35503,33916,34065,22002,21676,21990,22398,21898,73077,33818
,33946,33786,33774,,,,37963,33790,38198,37843,,22950,38198,21939,21987,22029,21738,,,,,21816,,,21900,,,25708,21778,,,22288,25491,22161,,,,,33756,33908,33874,33930,34007,35504,33915,34064,22002,21676,21990,22414,21897,73026,33817
,33951,33785,33775,,,,37962,33791,38198,37847,,22958,38198,21941,21998,22035,21737,,,,,21815,,,21900,,,25698,21776,,,22286,25484,22159,,,,,33755,33908,33871,33930,34005,35508,33914,34063,22003,21675,21990,22425,21897,72924,33817
,33950,33784,33776,,,,37960,33791,38198,37849,,22957,38198,21942,22009,22034,21737,,,,,21815,,,21900,,,25683,21774,,,22281,25457,22157,,,,,33754,33908,33871,33929,34003,35517,33912,34061,22003,21674,21990,22436,21896,72566,33817
,33948,33784,33777,,,,37958,33791,38197,37851,,22952,38197,21944,22019,22030,21737,,,,,21814,,,21900,,,25667,21772,,,22276,25422,22154,,,,,33754,33908,33871,33929,34001,35529,33911,34058,22003,21674,21991,22445,21895,72086,33816
,33947,33783,33778,,,,37956,33791,38197,37853,,22946,38197,21946,22030,22026,21736,,,,,21814,,,21900,,,25650,21770,,,22270,25386,22152,,,,,33753,33908,33871,33928,33999,35540,33909,34056,22003,21673,21991,22452,21894,71605,33816
,33946,33783,33779,,,,37954,33791,38197,37856,,22939,38197,21948,22041,22021,21736,,,,,21813,,,21900,,,25633,21768,,,22265,25349,22150,,,,,33752,33907,33871,33928,33997,35553,33908,34053,22003,21672,21991,22456,21894,71089,33815
,33945,33782,33780,,,,37951,33792,38197,37858,,22932,38197,21950,22051,22015,21735,,,,,21812,,,21900,,,25615,21766,,,22257,25307,22147,,,,,33751,33907,33870,33927,33995,35568,33906,34051,22003,21672,21991,22457,21893,70511,33815
,33944,33781,33781,,,,37949,33792,38197,37860,,22925,38197,21953,22061,22009,21735,,,,,21812,,,21900,,,25598,21764,,,22250,25266,22145,,,,,33751,33907,33869,33927,33993,35583,33905,34049,22003,21671,21991,22456,21892,69941,33815
,33944,33781,33782,,,,37947,33792,38197,37863,,22917,38197,21956,22070,22002,21734,,,,,21811,,,21900,,,25580,21762,,,22242,25222,22142,,,,,33750,33907,33868,33926,33991,35600,33903,34046,22004,21670,21991,22453,21891,69331,33814
,33944,33780,33783,,,,37945,33792,38197,37866,,22910,38197,21960,22079,21995,21734,,,,,21811,,,21900,,,25563,21760,,,22235,25181,22140,,,,,33749,33907,33868,33926,33989,35615,33902,34044,22004,21670,21991,22449,21891,68771,33814
,33943,33780,33785,,,,37946,33792,38197,37875,,22908,38197,21962,22090,21992,21733,,,,,21811,,,21900,,,25552,21759,,,22235,25162,22138,,,,,33749,33907,33868,33926,33987,35619,33901,34040,22005,21669,21991,22447,21890,68520,33814
,33943,33780,33787,,,,37948,33791,38196,37885,,22908,38196,21965,22102,21990,21733,,,,,21810,,,21900,,,25544,21758,,,22239,25154,22137,,,,,33749,33907,33869,33927,33986,35618,33900,34036,22007,21669,21991,22446,21889,68420,33814
,33942,33779,33789,,,,37951,33791,38195,37898,,22908,38195,21968,22113,21989,21732,,,,,21810,,,21900,,,25539,21758,,,22243,25149,22135,,,,,33748,33907,33869,33928,33985,35615,33899,34031,22009,21668,21991,22446,21888,68378,33814
,33942,33779,33791,,,,37955,33790,38194,37912,,22910,38194,21971,22123,21988,21732,,,,,21810,,,21899,,,25534,21758,,,22249,25149,22134,,,,,33748,33907,33870,33929,33984,35610,33898,34027,22011,21667,21991,22445,21888,68411,33814
,33942,33779,33794,,,,37958,33790,38193,37924,,22914,38193,21974,22135,21987,21731,,,,,21810,,,21899,,,25528,21757,,,22256,25149,22133,,,,,33748,33908,33871,33929,33983,35605,33897,34022,22013,21667,21991,22442,21887,68495,33814
,33941,33778,33797,,,,37962,33789,38192,37937,,22921,38192,21976,22147,21986,21731,,,,,21810,,,21899,,,25522,21757,,,22264,25151,22131,,,,,33748,33908,33872,33930,33982,35599,33896,34018,22015,21666,21990,22438,21886,68626,33814
,33941,33778,33800,,,,37966,33788,38191,37949,,22928,38191,21978,22159,21985,21730,,,,,21810,,,21899,,,25516,21757,,,22273,25157,22130,,,,,33748,33909,33873,33931,33981,35593,33896,34013,22017,21666,21990,22433,21886,68801,33815
,33940,33778,33803,,,,37970,33787,38189,37963,,22936,38189,21981,22169,21984,21730,,,,,21810,,,21899,,,25511,21757,,,22282,25163,22129,,,,,33748,33909,33874,33932,33980,35585,33895,34008,22019,21665,21990,22429,21885,69004,33815
,33940,33778,33805,,,,37974,33786,38188,37980,,22943,38188,21988,22168,21982,21729,,,,,21810,,,21898,,,25509,21757,,,22288,25167,22128,,,,,33748,33909,33874,33934,33979,35579,33894,34003,22022,21664,21990,22430,21884,69220,33815
,33941,33777,33806,,,,37979,33786,38187,37999,,22949,38187,21999,22161,21980,21728,,,,,21810,,,21898,,,25508,21758,,,22293,25171,22127,,,,,33748,33908,33873,33935,33978,35573,33894,33998,22024,21664,21990,22433,21883,69443,33815
,33941,33777,33808,,,,37984,33785,38186,38017,,22955,38186,22009,22152,21978,21728,,,,,21810,,,21898,,,25506,21758,,,22299,25174,22126,,,,,33747,33908,33873,33936,33978,35566,33893,33993,22027,21663,21989,22436,21882,69649,33815
,33941,33776,33810,,,,37988,33784,38185,38036,,22960,38185,22020,22141,21975,21727,,,,,21810,,,21897,,,25505,21758,,,22304,25176,22125,,,,,33747,33907,33872,33937,33977,35560,33892,33988,22030,21663,21989,22439,21882,69844,33815
,33942,33776,33810,,,,37994,33783,38184,38056,,22967,38184,22032,22128,21973,21727,,,,,21811,,,21897,,,25505,21758,,,22309,25182,22124,,,,,33747,33907,33871,33939,33976,35553,33892,33982,22033,21662,21989,22443,21881,70045,33815
,33942,33776,33811,,,,37999,33782,38183,38076,,22974,38183,22044,22114,21971,21726,,,,,21811,,,21896,,,25505,21759,,,22315,25188,22123,,,,,33747,33906,33870,33940,33975,35546,33892,33977,22036,21662,21989,22447,21880,70211,33815
,33943,33775,33812,,,,38005,33782,38181,38097,,22982,38181,22056,22098,21969,21726,,,,,21811,,,21896,,,25506,21759,,,22320,25195,22122,,,,,33747,33906,33869,33941,33974,35538,33893,33972,22039,21661,21989,22451,21879,70387,33815
,33944,33775,33813,,,,38010,33781,38180,38116,,22989,38180,22068,22083,21966,21725,,,,,21811,,,21895,,,25505,21760,,,22326,25200,22121,,,,,33747,33905,33868,33943,33974,35530,33894,33966,22042,21661,21989,22455,21879,70512,33815
,33943,33775,33817,,,,38012,33780,38179,38127,,22991,38179,22076,22074,21964,21724,,,,,21811,,,21895,,,25494,21760,,,22337,25193,22120,,,,,33747,33904,33867,33944,33973,35525,33892,33963,22043,21660,21988,22455,21878,70405,33816
,33942,33775,33823,,,,38013,33779,38178,38134,,22990,38178,22081,22067,21961,21724,,,,,21811,,,21895,,,25480,21760,,,22350,25181,22118,,,,,33747,33904,33867,33945,33972,35521,33889,33960,22045,21659,21988,22454,21877,70186,33816
,33940,33775,33829,,,,38013,33778,38177,38139,,22989,38177,22086,22061,21958,21723,,,,,21811,,,21895,,,25463,21760,,,22364,25166,22116,,,,,33747,33904,33867,33947,33971,35518,33886,33957,22045,21659,21988,22451,21876,69914,33817
,33939,33775,33835,,,,38013,33777,38176,38143,,22986,38176,22090,22055,21954,21723,,,,,21811,,,21895,,,25443,21760,,,22379,25149,22114,,,,,33747,33904,33868,33948,33971,35515,33882,33955,22046,21658,21987,22448,21876,69592,33817
,33937,33775,33842,,,,38013,33776,38175,38146,,22984,38175,22094,22051,21952,21722,,,,,21811,,,21894,,,25427,21760,,,22393,25133,22112,,,,,33747,33904,33868,33949,33970,35511,33882,33953,22047,21658,21987,22445,21875,69282,33818
,33935,33775,33849,,,,38013,33775,38174,38148,,22981,38174,22098,22048,21949,21722,,,,,21811,,,21894,,,25411,21760,,,22407,25116,22110,,,,,33747,33904,33868,33951,33969,35507,33884,33951,22048,21657,21987,22442,21874,68964,33818
,33932,33774,33855,,,,38012,33774,38173,38149,,22978,38173,22101,22046,21946,21721,,,,,21811,,,21894,,,25394,21760,,,22421,25098,22107,,,,,33747,33904,33868,33952,33968,35503,33886,33949,22048,21657,21987,22438,21874,68612,33818
,33930,33774,33862,,,,38011,33773,38172,38150,,22975,38172,22104,22043,21943,21721,,,,,21811,,,21894,,,25377,21760,,,22435,25080,22105,,,,,33747,33904,33868,33954,33967,35499,33888,33947,22049,21656,21986,22435,21873,68252,33818
,33930,33775,33867,,,,38011,33772,38171,38151,,22970,38171,22107,22035,21939,21720,,,,,21811,,,21893,,,25354,21760,,,22449,25059,22103,,,,,33748,33903,33868,33955,33967,35498,33888,33945,22049,21655,21986,22431,21872,67912,33819
,33931,33775,33870,,,,38010,33771,38170,38153,,22965,38170,22109,22024,21936,21720,,,,,21811,,,21893,,,25328,21760,,,22464,25037,22101,,,,,33750,33903,33868,33956,33966,35498,33887,33944,22050,21655,21986,22426,21871,67574,33820
,33932,33775,33873,,,,38009,33770,38169,38154,,22960,38169,22112,22015,21933,21719,,,,,21812,,,21893,,,25305,21760,,,22479,25016,22099,,,,,33751,33903,33870,33958,33965,35496,33886,33942,22050,21654,21985,22422,21871,67287,33821
,33933,33776,33876,,,,38008,33769,38168,38155,,22955,38168,22114,22005,21929,21719,,,,,21812,,,21893,,,25282,21760,,,22492,24994,22096,,,,,33753,33903,33872,33959,33964,35495,33885,33941,22051,21654,21985,22418,21870,67010,33822
,33934,33777,33879,,,,38008,33767,38167,38155,,22948,38167,22115,21994,21926,21718,,,,,21812,,,21892,,,25254,21760,,,22506,24970,22094,,,,,33754,33903,33868,33960,33963,35496,33884,33939,22051,21653,21985,22413,21869,66637,33823
,33935,33777,33882,,,,38007,33766,38166,38155,,22942,38166,22116,21984,21922,21718,,,,,21812,,,21892,,,25228,21760,,,22519,24946,22092,,,,,33755,33902,33863,33961,33962,35497,33883,33937,22051,21653,21984,22409,21869,66270,33824
,33937,33778,33884,,,,38006,33765,38165,38154,,22935,38165,22117,21973,21919,21717,,,,,21812,,,21892,,,25200,21760,,,22531,24921,22089,,,,,33757,33902,33866,33963,33961,35499,33883,33935,22051,21652,21984,22404,21868,65872,33825
,33938,33779,33886,,,,38005,33764,38164,38153,,22928,38164,22118,21965,21916,21717,,,,,21812,,,21892,,,25174,21760,,,22542,24897,22087,,,,,33758,33902,33870,33964,33961,35500,33882,33933,22052,21651,21984,22399,21867,65522,33826
,33938,33778,33886,,,,38005,33763,38164,38152,,22925,38164,22121,21967,21914,21716,,,,,21812,,,21891,,,25168,21760,,,22548,24883,22085,,,,,33757,33902,33870,33966,33960,35493,33881,33933,22053,21651,21984,22397,21866,65485,33825
,33938,33776,33884,,,,38005,33763,38163,38152,,22924,38163,22126,21976,21913,21715,,,,,21813,,,21890,,,25170,21761,,,22550,24874,22083,,,,,33755,33902,33868,33967,33959,35483,33881,33932,22055,21651,21984,22396,21865,65586,33823
,33937,33775,33882,,,,38005,33763,38163,38151,,22924,38163,22130,21986,21912,21715,,,,,21813,,,21889,,,25175,21761,,,22550,24866,22081,,,,,33753,33902,33868,33969,33958,35473,33880,33933,22058,21650,21984,22396,21864,65732,33821
,33936,33773,33879,,,,38005,33763,38162,38149,,22924,38162,22135,22000,21912,21714,,,,,21813,,,21887,,,25185,21762,,,22548,24860,22080,,,,,33750,33902,33867,33971,33957,35462,33879,33933,22061,21650,21984,22396,21864,65923,33819
,33935,33771,33875,,,,38005,33763,38162,38148,,22923,38162,22140,22013,21911,21714,,,,,21814,,,21886,,,25192,21763,,,22547,24853,22078,,,,,33747,33902,33867,33973,33956,35450,33878,33930,22064,21650,21984,22395,21863,66092,33816
,33934,33768,33872,,,,38005,33763,38161,38146,,22923,38161,22144,22026,21911,21713,,,,,21814,,,21885,,,25200,21764,,,22546,24846,22077,,,,,33744,33902,33866,33974,33955,35439,33877,33927,22067,21649,21985,22395,21861,66253,33813
,33933,33766,33868,,,,38004,33764,38161,38145,,22922,38161,22148,22042,21911,21712,,,,,21815,,,21883,,,25210,21764,,,22543,24840,22075,,,,,33741,33902,33865,33976,33953,35427,33876,33924,22070,21649,21985,22395,21860,66419,33809
,33932,33763,33863,,,,38004,33764,38161,38143,,22922,38161,22152,22058,21911,21712,,,,,21816,,,21882,,,25220,21765,,,22539,24834,22073,,,,,33738,33902,33865,33977,33952,35415,33875,33920,22073,21649,21985,22396,21859,66568,33806
,33931,33762,33861,,,,38007,33764,38160,38141,,22921,38160,22154,22074,21911,21711,,,,,21816,,,21880,,,25232,21766,,,22526,24829,22072,,,,,33736,33903,33865,33979,33951,35407,33874,33918,22076,21648,21986,22396,21858,66657,33805
,33930,33762,33860,,,,38011,33764,38160,38138,,22920,38160,22156,22091,21912,21710,,,,,21816,,,21879,,,25244,21767,,,22509,24824,22070,,,,,33736,33903,33864,33981,33951,35401,33874,33917,22078,21648,21986,22397,21857,66691,33804
,33930,33761,33859,,,,38016,33764,38160,38136,,22917,38160,22157,22107,21912,21710,,,,,21817,,,21877,,,25253,21767,,,22491,24817,22069,,,,,33735,33903,33864,33983,33950,35396,33873,33916,22081,21648,21987,22398,21856,66715,33803
,33929,33761,33858,,,,38021,33764,38159,38133,,22915,38159,22157,22123,21912,21709,,,,,21817,,,21874,,,25262,21768,,,22471,24810,22067,,,,,33735,33903,33863,33984,33949,35393,33872,33915,22083,21647,21987,22398,21855,66688,33802
,33928,33762,33856,,,,38024,33765,38159,38130,,22914,38159,22158,22141,21912,21708,,,,,21818,,,21875,,,25275,21769,,,22450,24808,22066,,,,,33734,33903,33864,33986,33948,35387,33871,33913,22086,21647,21987,22400,21854,66502,33802
,33927,33762,33854,,,,38026,33765,38158,38127,,22913,38158,22159,22158,21913,21708,,,,,21818,,,21876,,,25288,21770,,,22428,24806,22064,,,,,33734,33903,33865,33987,33947,35381,33870,33911,22088,21647,21988,22401,21853,66231,33801
,33926,33762,33853,,,,38028,33765,38158,38124,,22913,38158,22160,22175,21914,21707,,,,,21818,,,21873,,,25301,21771,,,22403,24805,22063,,,,,33733,33903,33868,33989,33947,35375,33869,33910,22091,21647,21988,22404,21852,65917,33801
,33925,33762,33851,,,,38028,33765,38158,38121,,22912,38158,22160,22191,21914,21707,,,,,21819,,,21869,,,25312,21771,,,22380,24803,22061,,,,,33733,33903,33870,33990,33946,35370,33868,33908,22093,21646,21988,22405,21851,65563,33800
,33925,33761,33850,,,,38033,33766,38158,38119,,22905,38158,22154,22203,21915,21706,,,,,21820,,,21868,,,25306,21772,,,22364,24787,22060,,,,,33733,33903,33867,33991,33944,35372,33867,33908,22096,21646,21989,22404,21850,65180,33799
,33924,33761,33849,,,,38037,33766,38158,38116,,22894,38158,22146,22214,21915,21705,,,,,21820,,,21867,,,25293,21772,,,22351,24764,22058,,,,,33733,33904,33862,33991,33942,35377,33866,33907,22099,21646,21989,22400,21849,64773,33797
,33924,33760,33848,,,,38043,33767,38158,38113,,22883,38158,22137,22222,21916,21705,,,,,21821,,,21865,,,25276,21772,,,22339,24743,22056,,,,,33733,33905,33855,33992,33940,35382,33865,33907,22102,21645,21990,22398,21848,64392,33794
,33924,33758,33847,,,,38047,33767,38159,38110,,22871,38159,22128,22229,21916,21704,,,,,21822,,,21864,,,25255,21772,,,22329,24719,22055,,,,,33734,33906,33849,33992,33937,35388,33864,33907,22105,21645,21990,22394,21847,64012,33792
,33923,33757,33846,,,,38044,33768,38159,38108,,22859,38159,22117,22237,21916,21703,,,,,21823,,,21862,,,25235,21772,,,22318,24692,22053,,,,,33734,33904,33850,33992,33935,35395,33863,33907,22108,21645,21990,22390,21846,63563,33789
,33923,33756,33845,,,,38037,33768,38159,38105,,22847,38159,22106,22244,21917,21702,,,,,21824,,,21861,,,25215,21772,,,22307,24665,22052,,,,,33735,33902,33853,33992,33933,35402,33862,33908,22110,21645,21991,22384,21845,63132,33786
,33922,33755,33844,,,,38029,33768,38159,38103,,22834,38159,22094,22251,21917,21702,,,,,21824,,,21859,,,25191,21771,,,22297,24635,22050,,,,,33736,33904,33857,33991,33931,35410,33861,33908,22113,21644,21991,22379,21843,62673,33784
,33922,33754,33843,,,,38019,33769,38159,38101,,22822,38159,22083,22256,21918,21701,,,,,21825,,,21858,,,25167,21771,,,22287,24607,22048,,,,,33737,33906,33862,33991,33929,35417,33860,33908,22115,21644,21992,22373,21842,62271,33781
,33922,33753,33840,,,,38010,33769,38160,38098,,22816,38160,22075,22254,21919,21700,,,,,21826,,,21856,,,25142,21771,,,22279,24596,22047,,,,,33736,33906,33862,33990,33926,35417,33859,33908,22118,21644,21992,22373,21841,62196,33778
,33921,33752,33837,,,,38001,33770,38160,38095,,22812,38160,22068,22249,21919,21699,,,,,21827,,,21855,,,25117,21771,,,22272,24593,22045,,,,,33734,33906,33861,33989,33922,35413,33858,33907,22121,21644,21993,22375,21840,62277,33776
,33921,33751,33832,,,,37992,33771,38161,38092,,22808,38161,22063,22243,21920,21699,,,,,21828,,,21853,,,25093,21770,,,22265,24592,22043,,,,,33731,33906,33859,33989,33919,35406,33857,33906,22124,21644,21993,22377,21839,62394,33773
,33921,33751,33828,,,,37982,33771,38162,38090,,22805,38162,22057,22236,21921,21698,,,,,21829,,,21852,,,25068,21770,,,22258,24593,22042,,,,,33729,33906,33857,33988,33916,35397,33856,33905,22126,21643,21993,22379,21838,62570,33770
,33921,33750,33823,,,,37970,33772,38163,38087,,22809,38163,22052,22226,21922,21697,,,,,21830,,,21850,,,25040,21770,,,22253,24596,22040,,,,,33726,33906,33856,33986,33912,35392,33855,33905,22129,21643,21994,22383,21837,62801,33768
,33921,33750,33819,,,,37957,33773,38163,38084,,22815,38163,22047,22216,21923,21696,,,,,21831,,,21849,,,25011,21769,,,22247,24598,22039,,,,,33724,33907,33855,33985,33908,35386,33854,33904,22132,21643,21994,22387,21836,63050,33765
,33920,33749,33815,,,,37943,33773,38164,38081,,22824,38164,22042,22205,21923,21696,,,,,21832,,,21847,,,24982,21769,,,22243,24604,22037,,,,,33721,33907,33854,33984,33904,35380,33853,33903,22134,21643,21995,22392,21834,63329,33763
,33920,33748,33811,,,,37930,33774,38165,38078,,22832,38165,22037,22193,21924,21695,,,,,21832,,,21846,,,24954,21769,,,22238,24609,22035,,,,,33718,33907,33853,33982,33900,35373,33852,33902,22136,21643,21995,22397,21833,63593,33760
,33919,33748,33805,,,,37923,33774,38165,38077,,22833,38165,22033,22184,21925,21695,,,,,21832,,,21845,,,24935,21768,,,22233,24604,22034,,,,,33717,33907,33853,33981,33899,35359,33851,33900,22136,21642,21995,22393,21832,63718,33758
,33918,33747,33800,,,,37919,33774,38164,38078,,22831,38164,22028,22177,21925,21694,,,,,21832,,,21844,,,24922,21767,,,22228,24596,22032,,,,,33716,33907,33852,33980,33899,35343,33850,33899,22134,21642,21995,22386,21832,63757,33757
,33917,33746,33795,,,,37916,33773,38164,38078,,22828,38164,22025,22170,21925,21694,,,,,21831,,,21843,,,24908,21766,,,22223,24587,22031,,,,,33715,33907,33852,33979,33900,35327,33849,33897,22132,21642,21995,22377,21831,63792,33756
,33915,33745,33790,,,,37915,33773,38162,38079,,22824,38162,22021,22163,21925,21694,,,,,21830,,,21842,,,24897,21765,,,22219,24576,22029,,,,,33715,33907,33852,33978,33901,35310,33849,33895,22129,21641,21995,22367,21830,63772,33755
,33914,33745,33784,,,,37913,33772,38162,38080,,22822,38162,22018,22156,21926,21694,,,,,21830,,,21842,,,24888,21764,,,22214,24567,22028,,,,,33715,33907,33851,33978,33902,35292,33848,33893,22126,21641,21995,22360,21829,63584,33754
,33912,33744,33778,,,,37912,33772,38161,38082,,22820,38161,22014,22149,21926,21693,,,,,21829,,,21841,,,24880,21763,,,22210,24559,22026,,,,,33714,33907,33851,33977,33904,35274,33848,33891,22123,21641,21995,22354,21828,63314,33753
,33911,33743,33772,,,,37911,33771,38160,38084,,22818,38160,22011,22143,21926,21693,,,,,21828,,,21840,,,24873,21762,,,22206,24549,22024,,,,,33714,33906,33851,33976,33906,35255,33847,33889,22119,21640,21994,22349,21827,63001,33752
,33909,33743,33767,,,,37911,33771,38159,38085,,22816,38159,22008,22136,21926,21693,,,,,21827,,,21840,,,24867,21761,,,22202,24540,22023,,,,,33714,33906,33851,33975,33908,35238,33847,33887,22115,21640,21994,22344,21827,62659,33751
,33907,33742,33765,,,,37910,33770,38158,38085,,22815,38158,22006,22126,21926,21693,,,,,21825,,,21840,,,24854,21760,,,22199,24529,22021,,,,,33715,33906,33850,33973,33907,35231,33846,33884,22111,21640,21994,22338,21826,62343,33751
,33906,33741,33765,,,,37908,33768,38157,38085,,22815,38157,22004,22115,21926,21693,,,,,21824,,,21839,,,24837,21759,,,22196,24518,22020,,,,,33717,33905,33850,33970,33905,35229,33845,33882,22107,21639,21993,22331,21825,62036,33750
,33904,33741,33765,,,,37906,33767,38155,38084,,22815,38155,22002,22104,21926,21693,,,,,21823,,,21839,,,24823,21758,,,22193,24507,22018,,,,,33718,33905,33850,33967,33903,35231,33845,33880,22103,21639,21993,22327,21824,61741,33750
,33903,33740,33766,,,,37904,33766,38154,38084,,22816,38154,22000,22093,21926,21693,,,,,21822,,,21839,,,24808,21757,,,22190,24496,22017,,,,,33720,33905,33849,33964,33900,35234,33844,33878,22098,21639,21992,22324,21824,61463,33749
,33901,33740,33768,,,,37903,33764,38153,38083,,22816,38153,21999,22081,21926,21693,,,,,21821,,,21839,,,24789,21756,,,22187,24484,22015,,,,,33723,33904,33849,33961,33898,35235,33844,33875,22094,21638,21992,22323,21823,61198,33749
,33899,33739,33769,,,,37902,33762,38151,38082,,22817,38151,21998,22070,21926,21693,,,,,21819,,,21838,,,24771,21755,,,22185,24471,22014,,,,,33725,33904,33849,33958,33895,35236,33843,33873,22089,21638,21991,22324,21822,60972,33749
,33898,33739,33771,,,,37901,33760,38150,38082,,22818,38150,21997,22058,21926,21693,,,,,21818,,,21838,,,24751,21754,,,22183,24458,22012,,,,,33728,33903,33848,33954,33892,35238,33843,33871,22084,21638,21991,22328,21821,60741,33749
,33896,33738,33773,,,,37901,33758,38149,38081,,22820,38149,21996,22047,21925,21693,,,,,21817,,,21838,,,24732,21753,,,22181,24446,22011,,,,,33730,33902,33848,33951,33889,35241,33842,33870,22079,21637,21990,22335,21821,60555,33749
,33895,33738,33773,,,,37901,33758,38149,38081,,22821,38149,21994,22041,21925,21693,,,,,21816,,,21838,,,24729,21752,,,22179,24441,22009,,,,,33733,33902,33848,33948,33888,35252,33842,33866,22075,21637,21990,22352,21820,60573,33749
,33894,33739,33771,,,,37901,33759,38150,38082,,22823,38150,21991,22038,21926,21693,,,,,21815,,,21838,,,24733,21750,,,22177,24438,22008,,,,,33735,33903,33847,33945,33887,35267,33841,33861,22070,21637,21990,22374,21819,60687,33748
,33890,33739,33769,,,,37902,33760,38151,38083,,22826,38151,21989,22036,21926,21693,,,,,21814,,,21838,,,24736,21749,,,22175,24437,22006,,,,,33737,33903,33847,33942,33886,35281,33841,33859,22066,21636,21990,22403,21818,60825,33747
,33885,33740,33767,,,,37902,33761,38153,38084,,22829,38153,21986,22035,21926,21693,,,,,21813,,,21838,,,24742,21748,,,22174,24436,22005,,,,,33739,33904,33847,33939,33886,35297,33840,33859,22062,21636,21990,22436,21818,60995,33746
,33891,33740,33765,,,,37903,33762,38154,38085,,22831,38154,21983,22035,21926,21693,,,,,21812,,,21837,,,24750,21746,,,22172,24435,22003,,,,,33741,33904,33846,33936,33885,35315,33840,33857,22057,21636,21990,22472,21817,61187,33745
,33900,33741,33763,,,,37905,33764,38155,38086,,22833,38155,21980,22034,21927,21693,,,,,21811,,,21837,,,24758,21745,,,22171,24434,22002,,,,,33743,33903,33846,33932,33885,35332,33840,33853,22053,21635,21990,22513,21816,61376,33744
,33896,33742,33760,,,,37906,33766,38156,38087,,22835,38156,21977,22035,21927,21693,,,,,21810,,,21837,,,24770,21744,,,22170,24433,22000,,,,,33744,33903,33846,33928,33884,35352,33839,33851,22049,21635,21990,22550,21816,61588,33743
,33888,33743,33757,,,,37908,33767,38157,38088,,22837,38157,21974,22036,21927,21693,,,,,21810,,,21837,,,24779,21743,,,22169,24432,21999,,,,,33746,33902,33845,33925,33884,35370,33839,33848,22045,21635,21990,22590,21815,61777,33743
,33887,33743,33755,,,,37909,33766,38160,38090,,22841,38160,21972,22037,21927,21693,,,,,21809,,,21837,,,24771,21742,,,22168,24431,21997,,,,,33749,33901,33845,33922,33883,35372,33838,33846,22040,21634,21990,22658,21814,61826,33742
,33887,33744,33753,,,,37911,33765,38164,38092,,22847,38164,21969,22038,21928,21693,,,,,21808,,,21838,,,24756,21740,,,22168,24429,21995,,,,,33752,33900,33845,33921,33882,35368,33838,33843,22036,21634,21990,22734,21814,61801,33741
,33885,33745,33751,,,,37913,33763,38168,38093,,22852,38168,21967,22039,21928,21693,,,,,21807,,,21838,,,24737,21739,,,22169,24426,21994,,,,,33754,33899,33844,33920,33881,35359,33838,33840,22032,21634,21990,22816,21813,61736,33740
,33884,33746,33749,,,,37914,33760,38171,38095,,22857,38171,21965,22040,21928,21693,,,,,21806,,,21838,,,24715,21737,,,22169,24422,21992,,,,,33757,33898,33844,33919,33880,35348,33837,33838,22028,21634,21990,22895,21812,61625,33740
,33884,33748,33747,,,,37917,33758,38176,38098,,22864,38176,21962,22042,21928,21693,,,,,21805,,,21838,,,24697,21736,,,22171,24422,21991,,,,,33760,33898,33844,33915,33879,35340,33837,33835,22024,21633,21991,22936,21812,61480,33739
,33884,33749,33745,,,,37919,33755,38180,38100,,22871,38180,21960,22044,21929,21694,,,,,21804,,,21838,,,24679,21735,,,22172,24422,21989,,,,,33763,33898,33844,33910,33878,35332,33836,33832,22019,21633,21991,22959,21811,61294,33738
,33885,33750,33743,,,,37921,33752,38186,38102,,22878,38186,21958,22046,21929,21694,,,,,21803,,,21839,,,24661,21733,,,22174,24423,21988,,,,,33766,33899,33843,33904,33877,35323,33836,33830,22015,21633,21991,22979,21810,61084,33738
,33886,33752,33741,,,,37923,33750,38190,38105,,22885,38190,21956,22049,21929,21694,,,,,21802,,,21839,,,24641,21732,,,22176,24422,21986,,,,,33769,33899,33843,33899,33876,35313,33836,33827,22012,21632,21991,22990,21810,60839,33737
,33886,33753,33739,,,,37926,33748,38191,38107,,22886,38191,21955,22050,21929,21694,,,,,21802,,,21840,,,24617,21732,,,22177,24409,21985,,,,,33770,33899,33843,33897,33876,35295,33835,33825,22008,21632,21991,22990,21809,60494,33738
,33885,33754,33736,,,,37929,33748,38189,38109,,22885,38189,21954,22051,21928,21693,,,,,21801,,,21840,,,24591,21732,,,22178,24390,21984,,,,,33771,33899,33842,33895,33875,35275,33834,33824,22004,21632,21989,22984,21808,60096,33739
,33884,33755,33733,,,,37932,33748,38187,38111,,22883,38187,21953,22051,21927,21693,,,,,21801,,,21841,,,24569,21732,,,22179,24372,21982,,,,,33771,33899,33842,33894,33875,35256,33834,33822,22001,21631,21988,22974,21807,59724,33740
,33884,33756,33730,,,,37935,33748,38185,38113,,22880,38185,21953,22052,21925,21692,,,,,21800,,,21842,,,24547,21732,,,22180,24352,21981,,,,,33772,33898,33842,33894,33875,35237,33833,33821,21998,21631,21987,22961,21807,59345,33742
,33883,33757,33728,,,,37937,33747,38183,38116,,22877,38183,21953,22053,21924,21692,,,,,21800,,,21843,,,24518,21732,,,22182,24328,21980,,,,,33772,33898,33842,33893,33874,35212,33832,33820,21995,21630,21985,22955,21806,58888,33743
,33883,33758,33725,,,,37940,33747,38182,38118,,22874,38182,21953,22053,21923,21691,,,,,21799,,,21844,,,24488,21732,,,22184,24305,21979,,,,,33772,33898,33841,33892,33874,35187,33831,33819,21992,21630,21984,22953,21805,58445,33745
,33883,33759,33722,,,,37942,33747,38181,38121,,22870,38181,21953,22054,21922,21691,,,,,21798,,,21845,,,24457,21732,,,22187,24279,21977,,,,,33772,33898,33841,33891,33874,35160,33830,33818,21990,21630,21982,22950,21804,57961,33747
,33883,33760,33719,,,,37945,33748,38180,38124,,22866,38180,21953,22055,21921,21690,,,,,21798,,,21846,,,24429,21733,,,22190,24254,21976,,,,,33772,33898,33841,33890,33873,35136,33829,33818,21987,21629,21981,22950,21804,57533,33749
,33882,33761,33716,,,,37949,33748,38177,38127,,22867,38177,21953,22056,21919,21689,,,,,21798,,,21847,,,24427,21733,,,22193,24246,21975,,,,,33772,33898,33840,33889,33873,35135,33828,33817,21985,21629,21979,22965,21803,57459,33751
,33882,33763,33713,,,,37955,33748,38173,38129,,22870,38173,21953,22058,21917,21689,,,,,21798,,,21848,,,24438,21734,,,22196,24245,21974,,,,,33772,33898,33840,33888,33873,35145,33828,33816,21982,21628,21978,22987,21802,57545,33753
,33881,33765,33710,,,,37959,33748,38171,38133,,22874,38171,21953,22059,21915,21688,,,,,21799,,,21850,,,24451,21735,,,22201,24245,21973,,,,,33771,33897,33840,33888,33873,35157,33827,33815,21979,21628,21976,23013,21801,57687,33755
,33881,33767,33707,,,,37964,33748,38168,38136,,22879,38168,21953,22061,21914,21688,,,,,21799,,,21851,,,24468,21736,,,22206,24248,21971,,,,,33771,33897,33840,33887,33873,35174,33826,33814,21977,21628,21975,23042,21801,57892,33757
,33880,33769,33705,,,,37971,33748,38165,38138,,22882,38165,21953,22063,21912,21687,,,,,21800,,,21852,,,24488,21737,,,22210,24251,21970,,,,,33771,33897,33839,33886,33873,35191,33825,33813,21975,21627,21973,23072,21800,58085,33759
,33880,33772,33703,,,,37977,33749,38162,38142,,22886,38162,21953,22065,21910,21686,,,,,21800,,,21854,,,24508,21738,,,22214,24254,21969,,,,,33770,33896,33839,33885,33873,35209,33824,33812,21973,21627,21972,23104,21799,58281,33761
,33880,33774,33701,,,,37984,33749,38159,38145,,22890,38159,21953,22067,21908,21686,,,,,21801,,,21855,,,24532,21739,,,22218,24260,21968,,,,,33769,33896,33839,33885,33874,35231,33823,33811,21971,21627,21970,23139,21798,58525,33763
,33880,33777,33699,,,,37990,33749,38157,38148,,22894,38157,21954,22069,21906,21685,,,,,21802,,,21856,,,24554,21741,,,22222,24265,21967,,,,,33769,33895,33838,33884,33874,35252,33822,33810,21970,21626,21969,23174,21798,58767,33765
,33880,33778,33696,,,,37992,33749,38163,38155,,22900,38163,21955,22071,21905,21684,,,,,21801,,,21858,,,24558,21741,,,22232,24265,21966,,,,,33769,33896,33838,33884,33873,35265,33821,33810,21970,21626,21967,23207,21797,58912,33768
,33880,33779,33693,,,,37991,33749,38173,38162,,22907,38173,21957,22073,21904,21683,,,,,21800,,,21859,,,24554,21741,,,22243,24263,21964,,,,,33769,33896,33838,33883,33872,35274,33820,33809,21970,21625,21966,23239,21796,59021,33770
,33881,33780,33689,,,,37990,33749,38185,38170,,22913,38185,21959,22075,21903,21683,,,,,21799,,,21861,,,24547,21742,,,22254,24260,21963,,,,,33770,33897,33838,33882,33870,35281,33819,33809,21971,21625,21965,23271,21795,59073,33773
,33881,33781,33686,,,,37989,33749,38198,38179,,22920,38198,21961,22078,21903,21682,,,,,21797,,,21863,,,24536,21742,,,22266,24256,21962,,,,,33770,33898,33837,33882,33868,35287,33818,33808,21972,21624,21964,23303,21794,59099,33775
,33881,33782,33685,,,,37987,33749,38211,38189,,22927,38211,21963,22081,21902,21681,,,,,21796,,,21864,,,24526,21742,,,22279,24253,21961,,,,,33771,33899,33837,33881,33867,35295,33817,33808,21973,21624,21963,23337,21794,59213,33778
,33881,33783,33685,,,,37985,33748,38225,38199,,22935,38225,21965,22084,21902,21681,,,,,21795,,,21866,,,24516,21742,,,22292,24250,21960,,,,,33771,33900,33837,33881,33866,35302,33816,33807,21974,21624,21962,23371,21793,59316,33780
,33881,33784,33685,,,,37983,33748,38239,38209,,22943,38239,21967,22087,21901,21680,,,,,21793,,,21868,,,24503,21743,,,22307,24248,21959,,,,,33772,33901,33837,33880,33864,35309,33815,33806,21975,21623,21961,23406,21792,59434,33782
,33881,33785,33685,,,,37981,33748,38255,38220,,22950,38255,21969,22090,21900,21679,,,,,21792,,,21870,,,24488,21743,,,22320,24244,21958,,,,,33772,33902,33836,33880,33863,35314,33814,33806,21976,21623,21960,23440,21791,59505,33784
,33882,33788,33684,,,,37983,33748,38272,38229,,22952,38272,21972,22093,21900,21678,,,,,21791,,,21872,,,24473,21743,,,22327,24236,21957,,,,,33773,33902,33836,33879,33861,35317,33814,33806,21980,21622,21959,23471,21791,59309,33787
,33882,33791,33683,,,,37986,33748,38291,38237,,22953,38291,21975,22095,21900,21678,,,,,21791,,,21874,,,24457,21743,,,22331,24227,21956,,,,,33774,33902,33836,33879,33858,35317,33813,33806,21985,21622,21958,23501,21790,58992,33790
,33883,33795,33681,,,,37989,33747,38309,38245,,22952,38309,21977,22098,21900,21677,,,,,21790,,,21876,,,24438,21744,,,22333,24216,21955,,,,,33774,33901,33835,33879,33856,35316,33812,33807,21989,21621,21957,23530,21789,58633,33792
,33883,33798,33680,,,,37994,33747,38328,38254,,22950,38328,21980,22100,21900,21676,,,,,21790,,,21878,,,24419,21744,,,22335,24205,21954,,,,,33775,33900,33835,33878,33854,35313,33811,33807,21994,21621,21956,23558,21788,58231,33795
,33883,33803,33679,,,,37998,33747,38349,38262,,22949,38349,21983,22104,21900,21675,,,,,21789,,,21880,,,24402,21745,,,22336,24195,21953,,,,,33775,33899,33835,33878,33851,35312,33811,33808,22001,21621,21955,23588,21788,57838,33798
,33884,33808,33678,,,,38003,33747,38370,38271,,22947,38370,21987,22108,21900,21674,,,,,21789,,,21882,,,24386,21745,,,22338,24185,21952,,,,,33776,33898,33835,33878,33848,35311,33810,33809,22008,21620,21955,23618,21787,57447,33800
,33884,33814,33677,,,,38007,33747,38391,38281,,22945,38391,21990,22112,21901,21674,,,,,21789,,,21884,,,24369,21745,,,22337,24175,21951,,,,,33776,33897,33834,33878,33845,35309,33809,33810,22016,21620,21954,23648,21786,57036,33803
,33884,33820,33676,,,,38013,33747,38412,38290,,22943,38412,21993,22116,21901,21673,,,,,21790,,,21887,,,24352,21746,,,22338,24165,21950,,,,,33777,33896,33834,33877,33842,35306,33809,33811,22024,21619,21953,23678,21785,56636,33806
,33884,33824,33675,,,,38019,33747,38427,38301,,22940,38427,21994,22120,21899,21672,,,,,21791,,,21889,,,24325,21748,,,22341,24152,21948,,,,,33777,33895,33834,33877,33842,35299,33808,33809,22026,21619,21954,23702,21785,56312,33807
,33883,33827,33674,,,,38025,33747,38439,38313,,22938,38439,21993,22123,21897,21672,,,,,21793,,,21890,,,24293,21750,,,22346,24139,21947,,,,,33776,33896,33834,33876,33842,35289,33807,33806,22026,21619,21954,23724,21784,56033,33807
,33883,33831,33673,,,,38032,33747,38450,38325,,22936,38450,21992,22128,21894,21671,,,,,21795,,,21892,,,24265,21752,,,22351,24127,21946,,,,,33776,33896,33833,33875,33843,35280,33806,33804,22025,21618,21955,23748,21784,55789,33808
,33882,33834,33672,,,,38039,33747,38459,38338,,22934,38459,21991,22132,21892,21671,,,,,21798,,,21894,,,24235,21755,,,22356,24116,21945,,,,,33776,33897,33833,33874,33843,35270,33805,33801,22025,21618,21957,23770,21783,55582,33808
,33881,33839,33671,,,,38045,33747,38471,38351,,22931,38471,21989,22136,21889,21671,,,,,21801,,,21896,,,24200,21758,,,22361,24101,21943,,,,,33774,33897,33833,33873,33845,35259,33803,33797,22024,21618,21958,23789,21783,55409,33807
,33880,33844,33670,,,,38052,33747,38482,38365,,22928,38482,21987,22141,21886,21670,,,,,21805,,,21898,,,24165,21761,,,22365,24087,21942,,,,,33772,33898,33833,33872,33846,35247,33802,33794,22024,21618,21959,23809,21782,55281,33806
,33879,33848,33669,,,,38058,33747,38495,38380,,22924,38495,21985,22145,21883,21670,,,,,21809,,,21900,,,24127,21765,,,22370,24071,21941,,,,,33772,33899,33834,33871,33847,35234,33801,33789,22024,21617,21960,23826,21782,55172,33803
,33877,33854,33668,,,,38064,33747,38507,38395,,22920,38507,21982,22151,21880,21670,,,,,21813,,,21903,,,24093,21768,,,22374,24058,21939,,,,,33772,33900,33834,33870,33849,35223,33800,33785,22025,21617,21962,23844,21781,55108,33801
,33877,33862,33667,,,,38073,33747,38514,38410,,22921,38514,21982,22160,21877,21669,,,,,21818,,,21905,,,24085,21771,,,22378,24056,21938,,,,,33770,33900,33833,33869,33848,35220,33799,33784,22030,21617,21964,23875,21780,55179,33802
,33876,33871,33666,,,,38082,33747,38521,38425,,22924,38521,21982,22172,21875,21669,,,,,21822,,,21906,,,24089,21773,,,22383,24060,21937,,,,,33769,33901,33833,33868,33847,35221,33799,33784,22037,21617,21966,23911,21780,55322,33805
,33875,33883,33665,,,,38090,33747,38527,38441,,22927,38527,21982,22184,21873,21669,,,,,21828,,,21908,,,24095,21776,,,22386,24065,21935,,,,,33767,33901,33834,33867,33846,35226,33799,33784,22045,21617,21969,23948,21779,55478,33809
,33873,33895,33665,,,,38098,33747,38533,38457,,22931,38533,21982,22197,21871,21668,,,,,21833,,,21910,,,24106,21778,,,22390,24072,21934,,,,,33766,33902,33834,33865,33844,35232,33799,33785,22055,21616,21972,23987,21779,55663,33813
,33872,33904,33664,,,,38107,33747,38544,38473,,22934,38544,21982,22212,21869,21668,,,,,21839,,,21912,,,24118,21780,,,22394,24081,21933,,,,,33764,33902,33832,33864,33843,35235,33799,33785,22067,21616,21975,24024,21778,55892,33811
,33871,33914,33663,,,,38116,33747,38557,38488,,22937,38557,21982,22228,21867,21668,,,,,21844,,,21914,,,24131,21782,,,22398,24090,21932,,,,,33762,33903,33829,33863,33841,35239,33800,33786,22080,21616,21978,24060,21778,56125,33807
,33870,33922,33663,,,,38126,33748,38572,38504,,22941,38572,21982,22246,21865,21667,,,,,21850,,,21916,,,24148,21785,,,22402,24101,21930,,,,,33761,33904,33824,33862,33839,35243,33800,33787,22095,21616,21981,24096,21778,56393,33802
,33869,33932,33662,,,,38134,33748,38590,38520,,22944,38590,21982,22264,21864,21667,,,,,21857,,,21918,,,24164,21787,,,22405,24111,21929,,,,,33760,33905,33820,33861,33837,35249,33800,33788,22112,21616,21985,24131,21777,56641,33796
,33868,33951,33661,,,,38137,33748,38604,38543,,22945,38604,21980,22278,21862,21667,,,,,21865,,,21921,,,24167,21791,,,22407,24113,21928,,,,,33759,33905,33824,33860,33836,35261,33800,33787,22126,21615,21987,24163,21777,56721,33795
,33867,33974,33661,,,,38137,33748,38619,38568,,22944,38619,21978,22291,21860,21667,,,,,21875,,,21924,,,24165,21796,,,22407,24110,21926,,,,,33757,33905,33830,33859,33835,35276,33800,33785,22140,21615,21988,24193,21776,56728,33795
,33866,33997,33660,,,,38136,33748,38636,38594,,22942,38636,21975,22305,21858,21666,,,,,21885,,,21927,,,24160,21801,,,22406,24107,21925,,,,,33755,33905,33839,33858,33834,35290,33799,33783,22155,21615,21989,24221,21776,56680,33795
,33865,34021,33660,,,,38134,33748,38658,38620,,22939,38658,21972,22319,21857,21666,,,,,21896,,,21931,,,24154,21806,,,22405,24102,21924,,,,,33753,33906,33847,33858,33833,35306,33799,33781,22172,21615,21990,24246,21775,56595,33796
,33864,34046,33659,,,,38131,33749,38687,38649,,22938,38687,21969,22334,21855,21666,,,,,21906,,,21934,,,24150,21811,,,22405,24097,21922,,,,,33755,33906,33846,33857,33832,35322,33798,33780,22192,21615,21992,24270,21775,56565,33795
,33863,34071,33659,,,,38129,33749,38722,38678,,22937,38722,21966,22351,21854,21666,,,,,21915,,,21937,,,24146,21815,,,22404,24093,21921,,,,,33757,33906,33840,33856,33831,35338,33797,33778,22214,21614,21993,24292,21774,56524,33794
,33863,34096,33658,,,,38125,33749,38761,38711,,22936,38761,21963,22370,21853,21665,,,,,21924,,,21941,,,24141,21820,,,22403,24087,21920,,,,,33760,33906,33833,33855,33831,35354,33796,33776,22236,21614,21995,24310,21774,56478,33793
,33862,34120,33658,,,,38121,33749,38806,38743,,22934,38806,21960,22390,21852,21665,,,,,21933,,,21944,,,24135,21825,,,22402,24081,21918,,,,,33762,33906,33825,33854,33830,35369,33795,33774,22262,21614,21996,24324,21773,56399,33792
,33861,34130,33658,,,,38118,33749,38859,38762,,22926,38859,21957,22413,21852,21665,,,,,21945,,,21948,,,24123,21830,,,22401,24075,21917,,,,,33761,33906,33824,33854,33828,35374,33795,33772,22294,21614,21998,24334,21773,56176,33791
,33860,34134,33657,,,,38114,33750,38918,38776,,22915,38918,21954,22438,21852,21665,,,,,21958,,,21952,,,24108,21834,,,22401,24070,21915,,,,,33759,33907,33825,33853,33826,35375,33796,33770,22330,21614,22000,24338,21772,55884,33791
,33859,34134,33657,,,,38111,33750,38995,38795,,22903,38995,21951,22463,21853,21664,,,,,21970,,,21956,,,24092,21839,,,22400,24064,21914,,,,,33756,33908,33827,33852,33824,35372,33797,33769,22373,21614,22002,24344,21772,55575,33790
,33859,34131,33657,,,,38108,33750,39080,38814,,22891,39080,21948,22491,21854,21664,,,,,21982,,,21959,,,24075,21842,,,22400,24058,21913,,,,,33753,33909,33829,33851,33822,35366,33799,33767,22419,21614,22004,24346,21772,55244,33789
,33858,34130,33656,,,,38103,33750,39146,38834,,22878,39146,21945,22529,21856,21664,,,,,21995,,,21963,,,24058,21847,,,22401,24052,21911,,,,,33750,33910,33830,33851,33819,35364,33798,33765,22456,21613,22007,24322,21771,54903,33788
,33857,34126,33656,,,,38099,33750,39217,38853,,22865,39217,21942,22569,21857,21664,,,,,22007,,,21967,,,24041,21851,,,22402,24046,21910,,,,,33747,33911,33831,33850,33816,35360,33797,33764,22494,21613,22009,24289,21771,54565,33787
,33856,34121,33656,,,,38095,33751,39285,38874,,22852,39285,21939,22617,21859,21664,,,,,22020,,,21971,,,24023,21856,,,22404,24041,21909,,,,,33744,33913,33831,33849,33813,35356,33795,33762,22530,21613,22012,24249,21770,54213,33787
,33856,34114,33656,,,,38091,33751,39367,38896,,22839,39367,21937,22668,21861,21663,,,,,22031,,,21975,,,24005,21860,,,22406,24035,21907,,,,,33741,33914,33830,33848,33810,35350,33794,33761,22571,21613,22015,24208,21770,53877,33786
,33855,34102,33656,,,,38088,33751,39527,38915,,22831,39527,21935,22704,21864,21663,,,,,22033,,,21978,,,23989,21860,,,22407,24027,21906,,,,,33739,33914,33830,33848,33810,35330,33793,33760,22641,21613,22020,24189,21769,53634,33784
,33854,34086,33656,,,,38086,33750,39723,38934,,22826,39723,21934,22739,21867,21663,,,,,22030,,,21981,,,23976,21859,,,22408,24018,21905,,,,,33738,33914,33830,33847,33811,35305,33793,33759,22724,21612,22026,24178,21769,53441,33781
,33854,34069,33656,,,,38084,33750,39924,38957,,22822,39924,21933,22776,21869,21662,,,,,22025,,,21984,,,23964,21857,,,22411,24010,21904,,,,,33737,33913,33830,33847,33813,35279,33793,33758,22805,21612,22033,24170,21768,53286,33779
,33853,34052,33656,,,,38082,33749,40135,38981,,22819,40135,21932,22818,21872,21662,,,,,22017,,,21986,,,23952,21854,,,22414,24001,21903,,,,,33737,33912,33830,33846,33815,35250,33793,33757,22890,21612,22040,24164,21768,53164,33776
,33853,34031,33656,,,,38081,33749,40363,39001,,22816,40363,21932,22874,21877,21661,,,,,22011,,,21988,,,23939,21851,,,22415,23991,21902,,,,,33736,33912,33830,33846,33817,35219,33792,33757,22981,21611,22047,24153,21767,53048,33773
,33852,34010,33656,,,,38079,33748,40593,39023,,22813,40593,21931,22939,21882,21661,,,,,22003,,,21990,,,23926,21847,,,22417,23981,21901,,,,,33736,33911,33830,33845,33820,35186,33792,33756,23069,21611,22055,24142,21767,52960,33770
,33852,33987,33657,,,,38078,33748,40812,39045,,22811,40812,21931,23013,21889,21661,,,,,21994,,,21992,,,23913,21843,,,22418,23971,21900,,,,,33735,33910,33829,33844,33823,35151,33791,33756,23163,21611,22063,24132,21766,52888,33768
,33852,33965,33657,,,,38077,33747,41018,39071,,22809,41018,21931,23096,21895,21660,,,,,21985,,,21994,,,23902,21839,,,22421,23961,21899,,,,,33735,33909,33828,33844,33825,35118,33791,33755,23250,21610,22072,24124,21766,52849,33765
,33851,33950,33657,,,,38077,33746,41196,39117,,22812,41196,21932,23187,21899,21660,,,,,21974,,,21997,,,23899,21837,,,22432,23957,21898,,,,,33735,33908,33828,33844,33826,35100,33790,33755,23298,21610,22081,24119,21765,52925,33762
,33851,33938,33657,,,,38077,33746,41340,39173,,22816,41340,21933,23287,21902,21659,,,,,21964,,,22001,,,23900,21835,,,22447,23955,21897,,,,,33734,33907,33828,33843,33825,35089,33790,33754,23327,21610,22091,24117,21765,53061,33759
,33850,33928,33657,,,,38078,33745,41485,39233,,22821,41485,21935,23406,21906,21659,,,,,21954,,,22004,,,23902,21834,,,22463,23955,21897,,,,,33734,33906,33828,33843,33824,35081,33789,33754,23347,21609,22101,24118,21764,53189,33755
,33850,33919,33657,,,,38078,33745,41595,39298,,22827,41595,21937,23538,21910,21659,,,,,21944,,,22007,,,23906,21832,,,22480,23955,21896,,,,,33734,33906,33827,33842,33823,35075,33788,33753,23357,21609,22112,24121,21763,53336,33752
,33849,33909,33658,,,,38080,33744,41565,39363,,22834,41565,21939,23674,21913,21658,,,,,21932,,,22011,,,23910,21831,,,22500,23955,21895,,,,,33734,33905,33827,33842,33822,35068,33788,33753,23370,21608,22122,24121,21763,53546,33749
,33849,33900,33658,,,,38081,33743,41466,39430,,22841,41466,21941,23827,21918,21658,,,,,21920,,,22014,,,23914,21830,,,22521,23956,21894,,,,,33733,33904,33827,33842,33820,35061,33787,33753,23379,21608,22133,24123,21762,53755,33746
,33848,33891,33658,,,,38083,33742,41369,39500,,22850,41369,21944,23972,21921,21657,,,,,21907,,,22018,,,23920,21828,,,22545,23958,21893,,,,,33733,33904,33827,33841,33819,35056,33787,33752,23384,21607,22143,24125,21762,54001,33743
,33848,33883,33658,,,,38086,33742,41247,39571,,22858,41247,21947,24133,21927,21657,,,,,21895,,,22022,,,23925,21827,,,22568,23960,21892,,,,,33733,33903,33827,33841,33817,35053,33786,33752,23385,21607,22153,24130,21761,54215,33741
,33848,33875,33659,,,,38088,33741,41083,39639,,22864,41083,21948,24394,21941,21657,,,,,21889,,,22024,,,23928,21826,,,22579,23956,21891,,,,,33733,33902,33826,33841,33816,35050,33786,33752,23373,21607,22165,24145,21761,54191,33739
,33847,33869,33659,,,,38089,33740,40898,39706,,22869,40898,21950,24694,21959,21656,,,,,21886,,,22026,,,23929,21824,,,22585,23950,21890,,,,,33734,33900,33826,33840,33814,35049,33785,33752,23356,21606,22179,24166,21760,54061,33738
,33848,33862,33660,,,,38091,33739,40698,39773,,22874,40698,21951,24984,21979,21656,,,,,21883,,,22027,,,23929,21823,,,22589,23944,21890,,,,,33735,33898,33826,33840,33811,35047,33784,33751,23333,21606,22192,24188,21760,53881,33738
,33848,33856,33661,,,,38094,33739,40490,39839,,22878,40490,21952,25273,22002,21655,,,,,21882,,,22028,,,23927,21821,,,22593,23937,21889,,,,,33736,33896,33825,33839,33809,35046,33784,33751,23307,21606,22205,24213,21759,53656,33738
,33847,33851,33662,,,,38097,33738,40304,39906,,22884,40304,21954,25555,22023,21655,,,,,21882,,,22030,,,23929,21820,,,22599,23930,21888,,,,,33737,33895,33825,33839,33807,35047,33783,33751,23293,21605,22220,24239,21759,53467,33738
,33847,33845,33663,,,,38100,33737,40130,39973,,22891,40130,21957,25806,22045,21655,,,,,21882,,,22031,,,23930,21820,,,22606,23923,21887,,,,,33738,33894,33825,33838,33805,35049,33782,33750,23282,21605,22234,24266,21758,53272,33738
,33846,33841,33663,,,,38104,33737,39953,40039,,22897,39953,21960,26067,22067,21654,,,,,21883,,,22034,,,23932,21819,,,22614,23916,21886,,,,,33739,33894,33825,33838,33803,35052,33782,33750,23271,21604,22249,24295,21758,53055,33737
,33845,33836,33664,,,,38109,33736,39784,40104,,22904,39784,21963,26285,22091,21654,,,,,21884,,,22036,,,23932,21818,,,22623,23908,21886,,,,,33740,33894,33824,33838,33802,35054,33781,33750,23259,21604,22263,24325,21757,52824,33737
,33845,33832,33665,,,,38114,33735,39652,40165,,22908,39652,21965,26316,22116,21653,,,,,21884,,,22037,,,23924,21817,,,22634,23901,21885,,,,,33740,33893,33824,33837,33799,35049,33780,33750,23238,21604,22270,24345,21757,52562,33739
,33845,33827,33666,,,,38120,33734,39538,40224,,22911,39538,21967,26253,22142,21653,,,,,21883,,,22038,,,23912,21816,,,22648,23894,21884,,,,,33739,33892,33824,33837,33795,35042,33780,33749,23213,21603,22273,24362,21756,52283,33742
,33845,33823,33668,,,,38127,33733,39436,40281,,22915,39436,21969,26159,22167,21653,,,,,21883,,,22040,,,23899,21815,,,22663,23887,21884,,,,,33739,33890,33824,33837,33792,35034,33779,33749,23186,21603,22276,24383,21756,52022,33745
,33845,33818,33669,,,,38135,33733,39345,40335,,22919,39345,21971,26023,22192,21652,,,,,21883,,,22042,,,23884,21815,,,22682,23880,21883,,,,,33738,33889,33823,33836,33789,35025,33778,33749,23158,21603,22277,24404,21755,51761,33748
,33844,33814,33670,,,,38143,33732,39258,40390,,22921,39258,21974,25853,22220,21652,,,,,21883,,,22044,,,23869,21814,,,22703,23873,21882,,,,,33737,33887,33823,33836,33785,35016,33777,33749,23134,21602,22278,24421,21755,51457,33752
,33844,33811,33671,,,,38152,33731,39178,40443,,22923,39178,21978,25665,22246,21651,,,,,21884,,,22046,,,23854,21814,,,22728,23866,21881,,,,,33736,33886,33823,33835,33782,35006,33777,33749,23111,21602,22279,24440,21754,51158,33756
,33844,33807,33673,,,,38163,33730,39107,40494,,22924,39107,21982,25443,22275,21651,,,,,21885,,,22048,,,23837,21813,,,22756,23858,21881,,,,,33735,33885,33822,33835,33778,34996,33776,33749,23090,21602,22278,24457,21754,50847,33761
,33843,33804,33674,,,,38175,33729,39043,40543,,22926,39043,21988,25218,22302,21651,,,,,21886,,,22050,,,23821,21813,,,22788,23851,21880,,,,,33734,33883,33822,33835,33775,34985,33775,33748,23068,21601,22278,24479,21754,50565,33766
,33843,33800,33674,,,,38187,33729,38986,40583,,22936,38986,21996,25073,22318,21650,,,,,21890,,,22057,,,23810,21815,,,22822,23846,21879,,,,,33733,33883,33822,33835,33775,34978,33775,33748,23043,21601,22280,24526,21753,50451,33767
,33843,33795,33674,,,,38201,33728,38934,40619,,22950,38934,22006,24961,22328,21650,,,,,21894,,,22066,,,23803,21817,,,22860,23843,21878,,,,,33733,33882,33822,33835,33777,34972,33775,33747,23017,21600,22283,24584,21752,50417,33766
,33842,33791,33673,,,,38215,33728,38890,40653,,22964,38890,22019,24850,22341,21650,,,,,21899,,,22076,,,23797,21820,,,22904,23840,21877,,,,,33732,33882,33821,33835,33780,34966,33774,33746,22994,21600,22287,24651,21752,50417,33764
,33841,33786,33672,,,,38230,33727,38852,40682,,22980,38852,22034,24752,22354,21650,,,,,21905,,,22086,,,23792,21824,,,22953,23837,21876,,,,,33731,33882,33821,33835,33783,34961,33774,33746,22972,21600,22291,24722,21751,50454,33762
,33842,33782,33672,,,,38252,33726,38816,40707,,22996,38816,22044,24684,22363,21649,,,,,21910,,,22097,,,23785,21827,,,23003,23833,21875,,,,,33730,33882,33821,33835,33786,34956,33774,33745,22951,21599,22294,24783,21750,50498,33761
,33842,33778,33671,,,,38275,33726,38785,40729,,23011,38785,22056,24630,22371,21649,,,,,21915,,,22109,,,23779,21830,,,23059,23830,21874,,,,,33730,33882,33821,33835,33790,34952,33774,33744,22933,21599,22297,24844,21750,50558,33759
,33843,33774,33670,,,,38302,33725,38758,40746,,23027,38758,22066,24592,22378,21649,,,,,21921,,,22122,,,23772,21833,,,23119,23827,21872,,,,,33729,33882,33821,33836,33794,34948,33774,33743,22914,21599,22300,24903,21749,50637,33758
,33844,33771,33669,,,,38330,33724,38737,40760,,23042,38737,22078,24559,22384,21649,,,,,21927,,,22136,,,23767,21837,,,23186,23824,21871,,,,,33728,33882,33820,33836,33799,34945,33774,33742,22901,21598,22304,24964,21748,50726,33757
,33842,33767,33668,,,,38351,33724,38731,40779,,23052,38731,22102,24496,22390,21649,,,,,21934,,,22147,,,23765,21843,,,23267,23822,21870,,,,,33727,33882,33820,33836,33802,34937,33774,33741,22903,21598,22311,25041,21748,50818,33758
,33839,33763,33667,,,,38370,33724,38736,40798,,23058,38736,22131,24425,22395,21648,,,,,21943,,,22159,,,23765,21850,,,23358,23821,21869,,,,,33726,33882,33820,33836,33805,34929,33773,33740,22912,21598,22319,25124,21747,50911,33760
,33835,33759,33666,,,,38394,33723,38741,40809,,23063,38741,22160,24356,22400,21648,,,,,21951,,,22171,,,23764,21857,,,23456,23819,21868,,,,,33725,33882,33820,33837,33809,34921,33773,33739,22932,21597,22328,25201,21746,50980,33763
,33831,33755,33664,,,,38421,33722,38751,40816,,23067,38751,22191,24288,22404,21648,,,,,21959,,,22183,,,23765,21864,,,23561,23818,21867,,,,,33724,33882,33820,33837,33812,34913,33773,33738,22956,21597,22338,25274,21746,51040,33766
,33831,33752,33663,,,,38442,33722,38771,40828,,23070,38771,22221,24223,22407,21648,,,,,21969,,,22195,,,23766,21873,,,23672,23817,21866,,,,,33722,33883,33819,33837,33815,34903,33773,33737,22970,21597,22348,25358,21745,51125,33769
,33833,33748,33661,,,,38468,33723,38793,40836,,23071,38793,22250,24163,22409,21648,,,,,21978,,,22208,,,23768,21881,,,23789,23816,21864,,,,,33721,33883,33819,33837,33818,34894,33773,33737,22986,21597,22358,25424,21744,51192,33773
,33835,33745,33659,,,,38490,33723,38821,40844,,23072,38821,22279,24100,22411,21648,,,,,21988,,,22220,,,23770,21891,,,23916,23815,21863,,,,,33720,33883,33819,33837,33821,34884,33773,33736,23000,21596,22369,25493,21744,51269,33776
,33837,33742,33658,,,,38518,33724,38848,40844,,23071,38848,22306,24039,22412,21648,,,,,21997,,,22233,,,23772,21900,,,24049,23814,21862,,,,,33718,33884,33819,33838,33823,34875,33773,33735,23020,21596,22380,25551,21743,51310,33781
,33837,33740,33658,,,,38580,33722,38850,40807,,23068,38850,22324,23998,22414,21647,,,,,22003,,,22249,,,23768,21904,,,24183,23808,21861,,,,,33718,33884,33819,33838,33828,34874,33773,33734,23074,21596,22390,25571,21742,51169,33791
,33836,33739,33659,,,,38657,33720,38843,40751,,23064,38843,22337,23964,22416,21647,,,,,22007,,,22265,,,23762,21906,,,24323,23801,21860,,,,,33718,33884,33818,33838,33833,34875,33773,33733,23142,21595,22401,25568,21742,50943,33803
,33835,33738,33660,,,,38744,33717,38832,40686,,23059,38832,22347,23935,22417,21647,,,,,22010,,,22283,,,23754,21907,,,24462,23792,21858,,,,,33717,33883,33818,33839,33837,34878,33773,33731,23211,21595,22412,25556,21741,50685,33817
,33834,33738,33661,,,,38838,33714,38820,40613,,23053,38820,22353,23908,22419,21647,,,,,22013,,,22300,,,23745,21907,,,24606,23782,21857,,,,,33718,33883,33818,33840,33842,34882,33773,33730,23284,21594,22422,25528,21740,50393,33832
,33833,33737,33663,,,,38915,33714,38810,40541,,23046,38810,22355,23862,22420,21647,,,,,22016,,,22318,,,23738,21908,,,24787,23773,21856,,,,,33717,33883,33818,33840,33847,34887,33773,33729,23358,21594,22433,25477,21739,50102,33845
,33832,33737,33664,,,,38991,33715,38802,40468,,23038,38802,22353,23810,22421,21647,,,,,22019,,,22336,,,23731,21910,,,24984,23764,21855,,,,,33717,33882,33818,33840,33852,34891,33773,33727,23427,21594,22444,25410,21738,49810,33858
,33831,33737,33665,,,,39061,33716,38794,40390,,23030,38794,22348,23761,22421,21646,,,,,22022,,,22355,,,23723,21911,,,25162,23755,21853,,,,,33717,33882,33817,33840,33858,34896,33773,33726,23513,21593,22454,25332,21738,49491,33871
,33831,33737,33667,,,,39132,33718,38786,40311,,23021,38786,22339,23712,22422,21646,,,,,22025,,,22373,,,23715,21913,,,25337,23746,21852,,,,,33718,33882,33818,33840,33863,34902,33773,33725,23594,21593,22465,25245,21737,49175,33885
,33830,33738,33669,,,,39236,33717,38783,40232,,23015,38783,22324,23660,22423,21646,,,,,22027,,,22389,,,23706,21916,,,25539,23734,21851,,,,,33718,33882,33817,33841,33864,34904,33773,33724,23618,21593,22476,25155,21736,48916,33903
,33830,33738,33670,,,,39349,33716,38784,40152,,23010,38784,22304,23610,22425,21646,,,,,22030,,,22404,,,23695,21920,,,25729,23721,21850,,,,,33718,33882,33815,33842,33864,34905,33773,33723,23616,21592,22487,25060,21735,48681,33923
,33829,33739,33672,,,,39462,33715,38787,40077,,23005,38787,22284,23572,22426,21646,,,,,22032,,,22419,,,23685,21924,,,25930,23709,21848,,,,,33718,33883,33819,33842,33863,34906,33773,33722,23608,21592,22497,24971,21734,48485,33941
,33828,33740,33674,,,,39572,33714,38792,40005,,23001,38792,22262,23541,22428,21646,,,,,22035,,,22433,,,23675,21930,,,26105,23697,21847,,,,,33719,33883,33815,33842,33862,34905,33774,33721,23589,21592,22508,24880,21734,48307,33960
,33828,33741,33676,,,,39649,33713,38801,39928,,22996,38801,22235,23506,22430,21646,,,,,22038,,,22446,,,23664,21936,,,26129,23684,21846,,,,,33719,33884,33816,33844,33860,34906,33774,33720,23556,21591,22519,24777,21733,48073,33981
,33827,33743,33678,,,,39705,33712,38811,39855,,22991,38811,22209,23483,22433,21645,,,,,22040,,,22458,,,23653,21943,,,26080,23670,21844,,,,,33719,33885,33816,33846,33858,34907,33774,33720,23516,21591,22529,24674,21732,47848,34001
,33827,33744,33680,,,,39790,33712,38827,39782,,22986,38827,22180,23465,22436,21645,,,,,22043,,,22470,,,23641,21951,,,26027,23657,21843,,,,,33720,33885,33816,33850,33855,34907,33774,33719,23467,21590,22540,24565,21731,47616,34022
,33827,33746,33681,,,,39869,33711,38846,39717,,22982,38846,22153,23467,22439,21645,,,,,22046,,,22481,,,23631,21960,,,25950,23644,21842,,,,,33720,33886,33816,33853,33853,34907,33774,33718,23415,21590,22549,24463,21731,47418,34040
,33826,33746,33682,,,,39850,33711,38866,39688,,22978,38866,22143,23530,22439,21645,,,,,22053,,,22495,,,23627,21972,,,25827,23638,21841,,,,,33720,33886,33815,33850,33851,34904,33774,33718,23377,21590,22557,24405,21730,47404,34045
,33825,33746,33682,,,,39813,33710,38889,39677,,22976,38889,22140,23628,22438,21645,,,,,22062,,,22510,,,23627,21985,,,25697,23635,21840,,,,,33719,33886,33815,33846,33851,34899,33773,33717,23345,21590,22563,24367,21730,47476,34044
,33825,33745,33682,,,,39768,33710,38912,39677,,22974,38912,22141,23750,22438,21645,,,,,22073,,,22524,,,23630,22000,,,25567,23634,21839,,,,,33718,33886,33815,33840,33850,34894,33773,33716,23311,21590,22568,24336,21730,47577,34040
,33824,33745,33681,,,,39752,33710,38941,39686,,22972,38941,22147,23894,22437,21645,,,,,22084,,,22538,,,23633,22016,,,25460,23634,21839,,,,,33717,33886,33815,33835,33850,34888,33772,33715,23279,21590,22573,24312,21730,47711,34032
,33824,33744,33680,,,,39869,33710,38987,39694,,22969,38987,22150,24058,22436,21645,,,,,22095,,,22551,,,23635,22037,,,25452,23633,21838,,,,,33716,33885,33815,33835,33849,34883,33771,33714,23259,21590,22576,24282,21730,47845,34025
,33823,33744,33680,,,,40058,33710,39041,39705,,22967,39041,22154,24241,22436,21645,,,,,22106,,,22563,,,23636,22059,,,25514,23631,21838,,,,,33715,33885,33814,33839,33848,34878,33770,33713,23244,21590,22579,24252,21730,47981,34017
,33822,33743,33679,,,,40344,33710,39106,39723,,22964,39106,22160,24430,22435,21645,,,,,22118,,,22575,,,23638,22085,,,25599,23630,21837,,,,,33714,33885,33814,33843,33847,34873,33769,33712,23232,21590,22580,24222,21730,48141,34006
,33822,33743,33678,,,,40663,33710,39176,39746,,22962,39176,22169,24641,22435,21645,,,,,22131,,,22585,,,23640,22112,,,25748,23630,21837,,,,,33713,33884,33814,33847,33846,34867,33768,33711,23223,21590,22581,24191,21730,48296,33994
,33821,33742,33677,,,,41011,33710,39229,39779,,22960,39229,22184,24876,22440,21645,,,,,22144,,,22590,,,23646,22136,,,26029,23632,21836,,,,,33711,33884,33814,33847,33844,34860,33767,33710,23209,21591,22585,24160,21730,48387,33984
,33821,33742,33676,,,,41315,33710,39280,39818,,22958,39280,22203,25159,22447,21645,,,,,22159,,,22592,,,23653,22159,,,26388,23636,21836,,,,,33710,33883,33814,33846,33843,34852,33766,33710,23193,21591,22589,24125,21730,48450,33973
,33820,33741,33675,,,,41513,33710,39344,39858,,22956,39344,22223,25464,22454,21645,,,,,22173,,,22591,,,23659,22187,,,26853,23638,21835,,,,,33709,33883,33813,33845,33841,34845,33765,33709,23182,21591,22593,24090,21730,48481,33962
,33820,33741,33674,,,,41601,33710,39416,39901,,22954,39416,22245,25719,22463,21645,,,,,22188,,,22589,,,23664,22216,,,27359,23640,21835,,,,,33708,33883,33813,33843,33839,34838,33764,33708,23171,21591,22596,24050,21730,48491,33951
,33819,33740,33672,,,,41377,33710,39494,39951,,22952,39494,22269,25956,22474,21645,,,,,22203,,,22586,,,23672,22245,,,27857,23645,21835,,,,,33706,33883,33814,33842,33837,34830,33763,33707,23159,21591,22600,23989,21730,48530,33939
,33819,33739,33671,,,,41016,33710,39585,40003,,22951,39585,22294,26164,22486,21645,,,,,22219,,,22582,,,23679,22277,,,28294,23649,21834,,,,,33705,33882,33814,33841,33835,34823,33762,33707,23148,21592,22603,23916,21730,48554,33926
,33818,33739,33670,,,,40569,33710,39688,40058,,22950,39688,22322,26352,22500,21645,,,,,22235,,,22576,,,23687,22310,,,28718,23653,21834,,,,,33704,33882,33816,33840,33833,34815,33761,33706,23138,21592,22606,23841,21731,48578,33912
,33818,33738,33669,,,,40087,33710,39812,40112,,22949,39812,22349,26513,22515,21646,,,,,22251,,,22569,,,23693,22347,,,29022,23656,21834,,,,,33703,33881,33817,33840,33831,34809,33760,33705,23131,21592,22607,23760,21731,48571,33899
,33817,33739,33668,,,,39793,33710,39984,40145,,22941,39984,22370,26640,22526,21645,,,,,22264,,,22557,,,23687,22403,,,28941,23649,21833,,,,,33702,33881,33815,33839,33828,34807,33759,33704,23138,21592,22602,23670,21731,48430,33888
,33816,33741,33667,,,,39571,33710,40191,40169,,22932,40191,22389,26734,22536,21645,,,,,22276,,,22544,,,23676,22467,,,28654,23638,21833,,,,,33701,33881,33813,33838,33825,34807,33758,33704,23153,21592,22593,23575,21731,48227,33879
,33815,33743,33666,,,,39343,33710,40408,40188,,22916,40408,22407,26790,22548,21645,,,,,22286,,,22528,,,23661,22536,,,28111,23624,21832,,,,,33701,33881,33810,33838,33822,34809,33757,33703,23165,21592,22582,23479,21731,47983,33870
,33814,33745,33665,,,,39141,33710,40648,40204,,22897,40648,22425,26810,22560,21645,,,,,22296,,,22510,,,23643,22610,,,27450,23609,21832,,,,,33701,33880,33806,33837,33819,34812,33757,33702,23180,21592,22569,23384,21731,47711,33862
,33813,33747,33664,,,,38980,33711,40955,40224,,22898,40955,22442,26797,22574,21645,,,,,22308,,,22494,,,23628,22686,,,26893,23594,21832,,,,,33701,33880,33807,33837,33815,34813,33756,33701,23209,21593,22557,23293,21731,47466,33854
,33813,33750,33663,,,,38848,33711,41295,40244,,22904,41295,22458,26742,22589,21645,,,,,22320,,,22477,,,23612,22764,,,26385,23580,21831,,,,,33701,33880,33809,33836,33812,34815,33755,33701,23240,21593,22544,23208,21731,47217,33845
,33812,33752,33662,,,,38741,33711,41622,40261,,22888,41622,22474,26648,22607,21645,,,,,22333,,,22459,,,23594,22851,,,25932,23564,21831,,,,,33701,33880,33811,33836,33809,34817,33754,33700,23272,21593,22531,23123,21731,46963,33838
,33811,33755,33662,,,,38654,33711,41952,40277,,22865,41952,22489,26511,22627,21645,,,,,22345,,,22441,,,23576,22941,,,25550,23548,21830,,,,,33701,33879,33814,33835,33806,34820,33754,33699,23300,21593,22517,23043,21731,46701,33830
,33810,33758,33661,,,,38568,33711,42330,40284,,22854,42330,22507,26288,22650,21644,,,,,22354,,,22417,,,23554,23019,,,25339,23529,21830,,,,,33701,33879,33814,33835,33802,34829,33753,33698,23303,21593,22502,22982,21731,46390,33824
,33809,33760,33659,,,,38493,33712,42701,40287,,22844,42701,22526,26020,22677,21643,,,,,22363,,,22390,,,23531,23095,,,25222,23509,21830,,,,,33701,33879,33813,33834,33798,34840,33752,33698,23291,21593,22486,22930,21731,46062,33818
,33808,33762,33658,,,,38429,33712,43066,40291,,22835,43066,22545,25726,22703,21643,,,,,22372,,,22364,,,23508,23188,,,25163,23490,21829,,,,,33701,33878,33812,33833,33795,34851,33751,33697,23280,21592,22471,22887,21731,45749,33814
,33807,33764,33657,,,,38377,33712,43390,40293,,22825,43390,22562,25414,22733,21642,,,,,22382,,,22337,,,23485,23285,,,25153,23471,21829,,,,,33701,33878,33811,33832,33791,34862,33750,33696,23260,21592,22456,22851,21731,45444,33809
,33806,33768,33656,,,,38348,33713,43563,40290,,22813,43563,22580,25117,22776,21642,,,,,22389,,,22309,,,23460,23383,,,25133,23449,21829,,,,,33701,33878,33811,33831,33787,34875,33750,33695,23209,21592,22440,22813,21731,45145,33805
,33805,33772,33655,,,,38333,33713,43637,40285,,22803,43637,22597,24831,22824,21641,,,,,22397,,,22280,,,23434,23471,,,25120,23427,21828,,,,,33702,33878,33811,33830,33783,34888,33749,33695,23146,21592,22424,22779,21731,44874,33800
,33804,33776,33654,,,,38330,33713,43687,40277,,22792,43687,22613,24532,22877,21641,,,,,22404,,,22251,,,23408,23567,,,25151,23405,21828,,,,,33702,33877,33811,33829,33779,34901,33748,33694,23074,21592,22408,22749,21732,44599,33796
,33803,33781,33653,,,,38335,33714,43670,40271,,22784,43670,22627,24247,22930,21640,,,,,22413,,,22224,,,23383,23647,,,25193,23384,21827,,,,,33702,33877,33812,33827,33776,34913,33747,33693,22999,21592,22392,22725,21732,44362,33792
,33803,33783,33652,,,,38323,33713,43496,40284,,22788,43496,22636,24039,22973,21640,,,,,22431,,,22208,,,23371,23642,,,25171,23375,21827,,,,,33702,33877,33810,33827,33773,34918,33747,33693,22949,21592,22383,22718,21732,44280,33789
,33803,33784,33651,,,,38310,33713,43239,40305,,22798,43239,22642,23868,23013,21641,,,,,22454,,,22197,,,23364,23597,,,25132,23370,21826,,,,,33702,33876,33808,33828,33771,34920,33746,33692,22909,21592,22377,22720,21731,44275,33787
,33803,33785,33651,,,,38299,33712,42943,40330,,22813,42943,22646,23722,23053,21642,,,,,22479,,,22189,,,23359,23533,,,25109,23369,21826,,,,,33702,33876,33808,33828,33770,34920,33745,33692,22868,21593,22374,22728,21732,44313,33785
,33803,33785,33650,,,,38291,33712,42612,40356,,22831,42612,22649,23598,23091,21643,,,,,22505,,,22184,,,23358,23452,,,25095,23369,21825,,,,,33702,33876,33810,33828,33768,34918,33745,33692,22832,21594,22371,22741,21733,44389,33783
,33803,33786,33649,,,,38296,33711,42281,40377,,22847,42281,22648,23471,23128,21642,,,,,22532,,,22179,,,23355,23371,,,25099,23368,21824,,,,,33702,33875,33810,33829,33767,34916,33744,33691,22807,21593,22365,22752,21730,44452,33780
,33803,33786,33648,,,,38306,33710,41956,40397,,22866,41956,22646,23357,23164,21640,,,,,22560,,,22174,,,23353,23285,,,25126,23367,21824,,,,,33702,33875,33809,33830,33766,34915,33743,33691,22789,21593,22360,22764,21728,44526,33776
,33803,33786,33647,,,,38321,33710,41601,40415,,22886,41601,22640,23256,23198,21635,,,,,22589,,,22169,,,23354,23187,,,25161,23367,21823,,,,,33702,33874,33809,33830,33765,34912,33743,33691,22774,21592,22352,22776,21723,44621,33772
,33803,33786,33646,,,,38338,33709,41263,40431,,22908,41263,22632,23172,23231,21631,,,,,22617,,,22166,,,23355,23085,,,25226,23368,21822,,,,,33701,33874,33808,33831,33764,34908,33742,33691,22761,21591,22345,22789,21718,44730,33767
,33803,33788,33646,,,,38355,33708,41054,40451,,22934,41054,22628,23133,23264,21636,,,,,22640,,,22168,,,23355,22991,,,25360,23371,21821,,,,,33702,33874,33808,33831,33763,34900,33742,33690,22741,21593,22350,22809,21723,44864,33765
,33803,33790,33645,,,,38373,33707,40903,40470,,22963,40903,22624,23119,23295,21644,,,,,22660,,,22173,,,23357,22899,,,25535,23376,21821,,,,,33702,33873,33808,33831,33762,34890,33741,33690,22719,21595,22358,22831,21730,45014,33763
,33803,33792,33645,,,,38397,33706,40792,40488,,22992,40792,22621,23121,23329,21656,,,,,22682,,,22179,,,23357,22809,,,25786,23380,21820,,,,,33703,33873,33808,33830,33760,34879,33740,33690,22698,21599,22370,22854,21740,45145,33761
,33803,33794,33644,,,,38425,33705,40710,40501,,23023,40710,22616,23135,23360,21667,,,,,22701,,,22185,,,23359,22722,,,26063,23383,21819,,,,,33703,33873,33807,33829,33759,34867,33740,33690,22677,21603,22382,22874,21750,45277,33760
,33803,33796,33644,,,,38445,33705,40599,40500,,23053,40599,22596,23152,23380,21664,,,,,22715,,,22181,,,23362,22632,,,26304,23390,21819,,,,,33704,33872,33807,33829,33758,34854,33739,33689,22649,21602,22379,22880,21748,45453,33759
,33804,33798,33644,,,,38466,33704,40498,40491,,23083,40498,22570,23174,23396,21657,,,,,22727,,,22174,,,23365,22546,,,26502,23396,21818,,,,,33705,33872,33807,33828,33756,34841,33739,33689,22619,21599,22371,22879,21742,45623,33757
,33804,33801,33644,,,,38496,33703,40409,40477,,23116,40409,22542,23199,23406,21647,,,,,22737,,,22164,,,23369,22461,,,26702,23403,21817,,,,,33707,33872,33806,33827,33755,34827,33738,33689,22588,21596,22360,22875,21734,45808,33756
,33804,33804,33644,,,,38532,33702,40344,40457,,23149,40344,22512,23226,23415,21636,,,,,22746,,,22153,,,23373,22381,,,26838,23408,21817,,,,,33708,33871,33806,33826,33754,34814,33737,33689,22557,21593,22349,22866,21726,45964,33755
,33804,33805,33643,,,,38580,33701,40366,40428,,23175,40366,22491,23258,23444,21634,,,,,22768,,,22144,,,23372,22325,,,26748,23403,21816,,,,,33707,33871,33806,33826,33754,34802,33737,33689,22535,21592,22346,22853,21724,45951,33754
,33804,33806,33641,,,,38643,33700,40431,40391,,23200,40431,22473,23289,23479,21636,,,,,22796,,,22133,,,23369,22280,,,26533,23392,21814,,,,,33707,33870,33805,33826,33754,34792,33736,33688,22517,21592,22346,22836,21725,45859,33753
,33805,33807,33640,,,,38694,33700,40518,40349,,23222,40518,22456,23323,23507,21637,,,,,22820,,,22122,,,23365,22241,,,26217,23378,21813,,,,,33706,33871,33805,33826,33754,34782,33736,33688,22500,21592,22346,22816,21726,45728,33753
,33805,33808,33638,,,,38754,33699,40624,40301,,23246,40624,22441,23350,23533,21639,,,,,22844,,,22111,,,23360,22209,,,25831,23363,21812,,,,,33705,33871,33805,33826,33755,34773,33735,33688,22484,21592,22346,22792,21727,45562,33753
,33805,33810,33636,,,,38891,33698,40729,40251,,23281,40729,22425,23342,23562,21640,,,,,22871,,,22098,,,23356,22179,,,25399,23348,21810,,,,,33704,33870,33805,33826,33756,34763,33735,33688,22470,21591,22344,22766,21727,45408,33752
,33805,33811,33634,,,,39053,33697,40837,40197,,23321,40837,22410,23317,23583,21639,,,,,22895,,,22084,,,23351,22153,,,24960,23333,21809,,,,,33702,33870,33806,33827,33756,34753,33734,33688,22456,21590,22342,22738,21726,45245,33752
,33806,33814,33632,,,,39215,33697,40952,40140,,23368,40952,22395,23275,23608,21639,,,,,22922,,,22070,,,23347,22133,,,24518,23317,21808,,,,,33701,33864,33806,33827,33757,34743,33734,33688,22444,21590,22339,22708,21726,45060,33751
,33806,33816,33630,,,,39364,33696,41067,40080,,23417,41067,22383,23223,23622,21638,,,,,22943,,,22055,,,23342,22115,,,24110,23301,21806,,,,,33699,33856,33805,33827,33758,34734,33733,33688,22432,21589,22336,22676,21725,44864,33751
,33806,33818,33629,,,,39478,33695,41171,40016,,23445,41171,22380,23183,23583,21637,,,,,22937,,,22040,,,23338,22092,,,23874,23283,21805,,,,,33701,33868,33806,33827,33758,34729,33733,33688,22415,21588,22334,22642,21724,44656,33751
,33807,33820,33629,,,,39562,33695,41266,39949,,23469,41266,22381,23144,23518,21636,,,,,22919,,,22024,,,23333,22070,,,23729,23265,21803,,,,,33703,33884,33808,33827,33758,34726,33732,33687,22397,21587,22331,22607,21722,44439,33752
,33807,33822,33629,,,,39563,33695,41350,39882,,23496,41350,22392,23101,23446,21635,,,,,22894,,,22009,,,23329,22048,,,23607,23248,21802,,,,,33706,33875,33802,33827,33758,34724,33732,33687,22380,21585,22329,22572,21721,44225,33753
,33807,33825,33629,,,,39524,33694,41421,39813,,23529,41421,22405,23055,23363,21634,,,,,22863,,,21993,,,23325,22028,,,23532,23231,21800,,,,,33709,33860,33795,33827,33758,34722,33731,33687,22364,21584,22326,22537,21720,44010,33753
,33808,33828,33630,,,,39512,33694,41478,39740,,23576,41478,22408,23000,23279,21632,,,,,22833,,,21977,,,23321,22012,,,23523,23212,21798,,,,,33712,33860,33796,33828,33757,34722,33731,33687,22347,21583,22323,22498,21718,43780,33754
,33808,33831,33630,,,,39498,33693,41514,39667,,23635,41514,22411,22941,23194,21631,,,,,22801,,,21960,,,23318,21998,,,23550,23193,21797,,,,,33716,33864,33799,33828,33757,34721,33730,33687,22331,21581,22320,22459,21717,43553,33755
,33808,33834,33630,,,,39457,33693,41543,39590,,23704,41543,22412,22879,23103,21629,,,,,22764,,,21943,,,23314,21985,,,23608,23173,21795,,,,,33720,33864,33801,33828,33757,34722,33730,33687,22314,21580,22317,22418,21715,43320,33756
,33809,33838,33631,,,,39407,33693,41550,39515,,23787,41550,22418,22816,23014,21627,,,,,22726,,,21927,,,23311,21973,,,23679,23155,21794,,,,,33724,33865,33804,33828,33756,34722,33729,33687,22299,21579,22314,22380,21713,43102,33757
,33809,33847,33631,,,,39372,33692,41493,39454,,23886,41493,22460,22759,22948,21626,,,,,22686,,,21916,,,23310,21962,,,23702,23146,21793,,,,,33725,33865,33804,33828,33755,34721,33729,33687,22296,21578,22310,22351,21712,42952,33757
,33809,33857,33630,,,,39337,33692,41402,39398,,24002,41402,22517,22705,22893,21626,,,,,22646,,,21907,,,23309,21952,,,23700,23140,21792,,,,,33726,33865,33804,33827,33754,34719,33728,33687,22297,21577,22306,22328,21711,42834,33755
,33808,33869,33629,,,,39299,33692,41288,39351,,24140,41288,22576,22654,22845,21625,,,,,22606,,,21900,,,23310,21942,,,23719,23137,21791,,,,,33726,33864,33803,33827,33753,34718,33727,33687,22302,21577,22301,22306,21711,42747,33754
,33808,33882,33628,,,,39258,33691,41154,39308,,24296,41154,22638,22605,22805,21625,,,,,22565,,,21893,,,23312,21934,,,23727,23135,21790,,,,,33726,33864,33802,33827,33751,34716,33726,33687,22309,21577,22297,22287,21710,42681,33752
,33808,33895,33627,,,,39205,33691,41016,39245,,24467,41016,22700,22550,22768,21625,,,,,22521,,,21886,,,23312,21926,,,23653,23134,21789,,,,,33725,33863,33801,33826,33750,34714,33726,33686,22313,21576,22292,22267,21710,42595,33750
,33808,33909,33627,,,,39146,33690,40872,39178,,24662,40872,22759,22495,22738,21624,,,,,22476,,,21880,,,23313,21919,,,23549,23133,21788,,,,,33725,33863,33801,33826,33749,34711,33725,33686,22318,21576,22287,22249,21709,42519,33749
,33808,33924,33626,,,,39084,33690,40714,39136,,24859,40714,22813,22441,22712,21624,,,,,22430,,,21875,,,23313,21913,,,23443,23134,21787,,,,,33725,33863,33800,33825,33748,34708,33724,33686,22322,21576,22282,22232,21708,42450,33747
,33807,33939,33625,,,,39020,33690,40555,39102,,25077,40555,22860,22389,22694,21623,,,,,22386,,,21870,,,23315,21908,,,23340,23136,21787,,,,,33725,33863,33799,33825,33747,34705,33723,33686,22328,21576,22277,22216,21708,42402,33745
,33807,33954,33624,,,,38964,33689,40418,39057,,25384,40418,22888,22354,22698,21623,,,,,22352,,,21864,,,23320,21905,,,23271,23136,21786,,,,,33725,33863,33801,33824,33745,34705,33722,33686,22340,21576,22272,22198,21707,42436,33743
,33807,33970,33623,,,,38910,33689,40290,39012,,25733,40290,22900,22328,22713,21623,,,,,22323,,,21859,,,23327,21904,,,23229,23135,21785,,,,,33725,33863,33803,33824,33742,34706,33721,33686,22353,21576,22267,22180,21707,42511,33741
,33807,33986,33623,,,,38860,33689,40169,38969,,26069,40169,22912,22304,22734,21622,,,,,22297,,,21854,,,23334,21904,,,23204,23135,21784,,,,,33726,33863,33802,33823,33740,34706,33720,33685,22365,21575,22262,22163,21706,42602,33739
,33806,34002,33622,,,,38812,33688,40055,38928,,26407,40055,22909,22285,22762,21622,,,,,22273,,,21849,,,23341,21904,,,23204,23134,21783,,,,,33726,33863,33799,33823,33737,34706,33720,33685,22376,21575,22256,22146,21706,42710,33737
,33806,34019,33622,,,,38758,33688,39938,38890,,26786,39938,22853,22267,22794,21622,,,,,22249,,,21845,,,23351,21905,,,23275,23135,21783,,,,,33727,33863,33800,33822,33734,34707,33719,33685,22391,21575,22251,22129,21705,42824,33735
,33806,34036,33621,,,,38706,33688,39826,38852,,27149,39826,22773,22251,22828,21622,,,,,22226,,,21841,,,23360,21907,,,23372,23136,21782,,,,,33729,33863,33800,33822,33732,34708,33718,33685,22406,21575,22245,22114,21705,42941,33733
,33805,34053,33621,,,,38653,33688,39718,38817,,27492,39718,22683,22239,22872,21621,,,,,22205,,,21838,,,23372,21910,,,23471,23137,21781,,,,,33730,33864,33800,33821,33729,34710,33717,33685,22422,21575,22239,22099,21705,43070,33731
,33805,34071,33620,,,,38604,33688,39621,38782,,27758,39621,22586,22228,22918,21621,,,,,22186,,,21834,,,23382,21912,,,23557,23139,21780,,,,,33732,33864,33801,33821,33726,34711,33716,33685,22434,21575,22233,22084,21704,43198,33730
,33805,34087,33620,,,,38577,33688,39557,38740,,27876,39557,22500,22211,22945,21621,,,,,22170,,,21830,,,23384,21911,,,23620,23140,21780,,,,,33733,33864,33801,33820,33727,34705,33715,33685,22426,21575,22228,22070,21704,43291,33729
,33804,34104,33619,,,,38560,33688,39511,38696,,27785,39511,22421,22193,22966,21620,,,,,22156,,,21825,,,23382,21908,,,23654,23142,21779,,,,,33733,33863,33801,33820,33729,34695,33714,33684,22409,21575,22223,22056,21703,43368,33728
,33804,34120,33619,,,,38553,33688,39477,38652,,27623,39477,22343,22177,22993,21620,,,,,22145,,,21821,,,23380,21904,,,23585,23145,21778,,,,,33733,33863,33801,33819,33731,34684,33713,33684,22388,21574,22218,22043,21702,43429,33728
,33804,34137,33618,,,,38550,33689,39454,38607,,27361,39454,22272,22160,23023,21619,,,,,22135,,,21816,,,23376,21900,,,23471,23148,21778,,,,,33733,33862,33801,33818,33734,34671,33712,33684,22362,21574,22213,22031,21702,43478,33727
,33804,34153,33618,,,,38538,33689,39434,38564,,26999,39434,22220,22144,23065,21619,,,,,22125,,,21812,,,23374,21896,,,23359,23149,21777,,,,,33735,33861,33801,33818,33737,34661,33711,33684,22337,21574,22207,22019,21701,43540,33727
,33803,34170,33617,,,,38527,33690,39421,38521,,26578,39421,22184,22130,23119,21618,,,,,22117,,,21808,,,23373,21892,,,23256,23151,21776,,,,,33739,33861,33801,33817,33740,34652,33710,33684,22311,21574,22202,22007,21700,43594,33727
,33803,34187,33617,,,,38516,33691,39416,38479,,26091,39416,22152,22115,23159,21618,,,,,22111,,,21804,,,23371,21888,,,23149,23152,21776,,,,,33744,33860,33801,33817,33744,34643,33709,33684,22283,21573,22197,21996,21700,43643,33728
,33803,34203,33617,,,,38508,33691,39418,38437,,25585,39418,22134,22102,23206,21617,,,,,22105,,,21800,,,23370,21883,,,23070,23153,21775,,,,,33749,33859,33801,33816,33748,34633,33709,33683,22253,21573,22191,21985,21699,43675,33728
,33803,34220,33616,,,,38524,33692,39423,38395,,25179,39423,22154,22092,23320,21617,,,,,22102,,,21796,,,23371,21880,,,23120,23157,21774,,,,,33752,33859,33801,33816,33751,34620,33708,33683,22223,21573,22186,21975,21698,43644,33728
,33802,34236,33616,,,,38551,33692,39433,38352,,24818,39433,22195,22085,23454,21616,,,,,22100,,,21793,,,23373,21878,,,23237,23162,21774,,,,,33755,33859,33801,33815,33754,34606,33707,33683,22191,21573,22181,21965,21698,43581,33728
,33802,34253,33616,,,,38572,33693,39448,38311,,24471,39448,22234,22078,23586,21616,,,,,22098,,,21789,,,23378,21875,,,23389,23166,21773,,,,,33758,33859,33801,33814,33757,34592,33706,33683,22161,21572,22175,21955,21697,43493,33727
,33802,34270,33615,,,,38595,33693,39466,38270,,24155,39466,22281,22072,23709,21615,,,,,22098,,,21786,,,23385,21873,,,23570,23170,21772,,,,,33760,33860,33801,33814,33760,34579,33705,33683,22131,21572,22170,21946,21696,43386,33727
,33801,34285,33615,,,,38628,33694,39488,38229,,23892,39488,22357,22068,23784,21615,,,,,22098,,,21783,,,23388,21870,,,23782,23176,21772,,,,,33764,33860,33801,33813,33763,34564,33704,33683,22097,21572,22164,21938,21696,43284,33727
,33801,34299,33615,,,,38657,33695,39512,38188,,23668,39512,22435,22064,23822,21614,,,,,22100,,,21780,,,23393,21868,,,23977,23180,21771,,,,,33768,33860,33801,33812,33766,34549,33703,33682,22063,21572,22159,21930,21695,43172,33727
,33801,34313,33614,,,,38694,33696,39538,38148,,23474,39538,22528,22061,23848,21614,,,,,22103,,,21777,,,23398,21866,,,24193,23186,21771,,,,,33773,33861,33801,33812,33770,34534,33702,33682,22028,21571,22154,21922,21695,43051,33727
,33800,34328,33614,,,,38722,33697,39566,38110,,23308,39566,22612,22058,23845,21613,,,,,22106,,,21774,,,23406,21863,,,24365,23189,21770,,,,,33777,33861,33802,33811,33773,34520,33701,33682,21995,21571,22148,21914,21694,42917,33727
,33800,34345,33614,,,,38692,33698,39598,38079,,23162,39598,22614,22051,23752,21613,,,,,22106,,,21772,,,23426,21861,,,24277,23185,21769,,,,,33781,33861,33801,33811,33774,34513,33700,33682,21973,21571,22142,21907,21693,42743,33728
,33800,34364,33614,,,,38637,33699,39632,38052,,23038,39632,22579,22043,23620,21613,,,,,22105,,,21770,,,23453,21858,,,24079,23178,21768,,,,,33784,33861,33801,33811,33773,34511,33699,33682,21958,21571,22136,21900,21693,42550,33730
,33799,34381,33614,,,,38575,33700,39664,38027,,22934,39664,22542,22034,23468,21613,,,,,22105,,,21768,,,23478,21855,,,23844,23169,21768,,,,,33788,33861,33801,33811,33773,34510,33699,33682,21945,21571,22130,21894,21692,42347,33732
,33799,34398,33614,,,,38505,33702,39696,38004,,22850,39696,22493,22025,23308,21612,,,,,22104,,,21766,,,23506,21852,,,23584,23157,21767,,,,,33791,33861,33801,33810,33772,34511,33698,33682,21934,21571,22123,21887,21692,42136,33734
,33798,34417,33614,,,,38439,33702,39732,37982,,22795,39732,22426,22017,23195,21612,,,,,22104,,,21764,,,23548,21849,,,23368,23147,21766,,,,,33795,33860,33800,33810,33771,34511,33698,33682,21924,21570,22117,21881,21692,41928,33735
,33798,34436,33614,,,,38377,33701,39768,37962,,22758,39768,22355,22010,23107,21612,,,,,22103,,,21763,,,23592,21847,,,23177,23137,21765,,,,,33800,33860,33800,33810,33770,34511,33697,33681,21914,21570,22110,21876,21691,41722,33736
,33797,34458,33614,,,,38307,33700,39805,37943,,22741,39805,22280,22002,23022,21612,,,,,22103,,,21761,,,23643,21844,,,23032,23125,21764,,,,,33804,33860,33798,33810,33768,34513,33697,33681,21907,21570,22103,21870,21691,41512,33737
,33797,34477,33614,,,,38241,33698,39839,37926,,22738,39839,22210,21994,22956,21612,,,,,22102,,,21760,,,23694,21841,,,22919,23113,21763,,,,,33809,33860,33797,33810,33767,34514,33696,33681,21900,21570,22097,21865,21690,41305,33739
,33797,34484,33614,,,,38207,33702,39853,37908,,22723,39853,22190,21987,22947,21612,,,,,22103,,,21759,,,23716,21839,,,22845,23099,21762,,,,,33815,33859,33798,33810,33766,34517,33696,33681,21892,21570,22090,21860,21690,41109,33743
,33796,34486,33614,,,,38187,33708,39857,37890,,22710,39857,22195,21980,22974,21612,,,,,22104,,,21757,,,23727,21837,,,22790,23084,21761,,,,,33821,33859,33799,33810,33765,34521,33695,33681,21883,21570,22084,21856,21689,40920,33748
,33796,34482,33615,,,,38172,33715,39857,37873,,22725,39857,22195,21973,23021,21611,,,,,22106,,,21756,,,23744,21834,,,22775,23070,21761,,,,,33827,33859,33802,33810,33764,34524,33695,33681,21875,21570,22077,21851,21689,40753,33752
,33795,34478,33615,,,,38162,33723,39851,37857,,22752,39851,22204,21967,23091,21611,,,,,22107,,,21755,,,23762,21832,,,22767,23055,21760,,,,,33834,33859,33805,33810,33763,34527,33694,33681,21867,21570,22071,21847,21689,40597,33756
,33795,34486,33615,,,,38154,33724,39845,37842,,22751,39845,22251,21960,23189,21611,,,,,22109,,,21754,,,23770,21830,,,22680,23038,21759,,,,,33841,33858,33804,33810,33761,34532,33694,33681,21861,21569,22065,21843,21688,40421,33763
,33794,34497,33615,,,,38147,33723,39836,37828,,22759,39836,22307,21954,23310,21611,,,,,22111,,,21753,,,23784,21828,,,22571,23022,21758,,,,,33848,33858,33802,33810,33760,34536,33693,33680,21855,21569,22058,21839,21688,40256,33769
,33794,34510,33615,,,,38146,33722,39824,37815,,22769,39824,22373,21948,23433,21611,,,,,22113,,,21752,,,23793,21826,,,22460,23005,21757,,,,,33855,33858,33800,33811,33758,34541,33693,33680,21849,21569,22052,21835,21688,40089,33776
,33794,34522,33616,,,,38145,33720,39808,37803,,22804,39808,22429,21942,23568,21611,,,,,22115,,,21751,,,23812,21825,,,22352,22989,21757,,,,,33862,33858,33797,33811,33757,34546,33693,33680,21844,21569,22045,21832,21687,39947,33782
,33793,34521,33616,,,,38134,33720,39791,37792,,22951,39791,22430,21940,23751,21611,,,,,22115,,,21751,,,23885,21824,,,22285,22980,21756,,,,,33869,33858,33797,33811,33758,34543,33692,33680,21839,21569,22039,21829,21687,39910,33782
,33793,34514,33617,,,,38120,33721,39773,37782,,23157,39773,22403,21939,23949,21611,,,,,22114,,,21750,,,23983,21824,,,22239,22975,21755,,,,,33876,33857,33797,33811,33759,34538,33692,33680,21834,21569,22032,21827,21687,39926,33778
,33792,34506,33616,,,,38107,33722,39751,37773,,23361,39751,22337,21940,24142,21611,,,,,22113,,,21750,,,24090,21824,,,22207,22971,21754,,,,,33885,33857,33797,33811,33761,34531,33691,33680,21830,21569,22026,21826,21686,39972,33774
,33792,34495,33616,,,,38093,33723,39728,37765,,23585,39728,22251,21941,24321,21611,,,,,22112,,,21750,,,24208,21825,,,22188,22969,21753,,,,,33895,33857,33798,33811,33763,34524,33691,33680,21826,21569,22020,21825,21686,40043,33769
,33791,34487,33616,,,,38080,33723,39703,37757,,23889,39703,22186,21942,24462,21611,,,,,22111,,,21750,,,24334,21825,,,22164,22966,21752,,,,,33896,33857,33798,33811,33766,34516,33690,33680,21822,21569,22013,21824,21685,40100,33764
,33791,34479,33616,,,,38068,33723,39676,37750,,24192,39676,22126,21943,24567,21611,,,,,22109,,,21750,,,24465,21825,,,22151,22963,21751,,,,,33896,33857,33798,33811,33770,34508,33690,33680,21818,21569,22007,21823,21685,40163,33759
,33790,34470,33616,,,,38055,33723,39648,37743,,24517,39648,22053,21945,24625,21610,,,,,22106,,,21750,,,24598,21825,,,22144,22961,21750,,,,,33909,33857,33798,33811,33774,34500,33689,33680,21815,21568,22001,21822,21685,40238,33753
,33790,34461,33617,,,,38043,33723,39618,37737,,24792,39618,21982,21947,24642,21610,,,,,22104,,,21750,,,24730,21826,,,22152,22960,21749,,,,,33926,33857,33797,33811,33779,34491,33689,33680,21811,21568,21995,21821,21684,40323,33747
,33789,34450,33617,,,,38038,33723,39584,37733,,24810,39584,21946,21950,24607,21610,,,,,22102,,,21751,,,24858,21827,,,22212,22960,21748,,,,,33932,33857,33797,33811,33780,34482,33688,33680,21809,21568,21989,21821,21684,40436,33746
,33789,34437,33617,,,,38037,33725,39547,37729,,24693,39547,21926,21954,24533,21610,,,,,22101,,,21751,,,24979,21828,,,22303,22960,21747,,,,,33935,33857,33797,33812,33781,34473,33688,33680,21808,21568,21983,21821,21683,40562,33747
,33788,34426,33617,,,,38035,33726,39509,37726,,24493,39509,21910,21957,24433,21610,,,,,22100,,,21752,,,25093,21829,,,22379,22959,21746,,,,,33941,33856,33797,33812,33783,34464,33688,33680,21806,21568,21977,21821,21683,40678,33748
,33788,34414,33617,,,,38035,33728,39470,37723,,24226,39470,21899,21961,24309,21610,,,,,22098,,,21752,,,25196,21830,,,22465,22959,21746,,,,,33948,33856,33797,33812,33784,34455,33687,33680,21805,21568,21971,21822,21683,40794,33751
,33787,34402,33617,,,,38036,33730,39429,37721,,23885,39429,21888,21965,24165,21610,,,,,22097,,,21753,,,25273,21832,,,22614,22960,21745,,,,,33951,33856,33796,33812,33785,34444,33687,33680,21804,21568,21965,21822,21682,40933,33753
,33786,34390,33617,,,,38038,33732,39387,37720,,23523,39387,21878,21970,24008,21610,,,,,22095,,,21753,,,25330,21833,,,22771,22962,21744,,,,,33954,33856,33796,33812,33785,34434,33686,33680,21804,21568,21959,21823,21682,41065,33757
,33786,34378,33617,,,,38041,33735,39343,37719,,23211,39343,21873,21975,23831,21610,,,,,22093,,,21754,,,25384,21834,,,22950,22964,21743,,,,,33956,33856,33796,33812,33785,34424,33686,33680,21803,21568,21953,21824,21682,41205,33761
,33785,34367,33617,,,,38043,33738,39300,37718,,22934,39300,21868,21979,23650,21610,,,,,22090,,,21755,,,25423,21836,,,23110,22965,21742,,,,,33960,33856,33795,33812,33786,34414,33686,33680,21803,21568,21948,21825,21681,41324,33766
,33785,34364,33618,,,,38038,33740,39262,37714,,22750,39262,21856,21980,23500,21610,,,,,22085,,,21755,,,25410,21835,,,23110,22960,21742,,,,,33977,33856,33795,33812,33793,34408,33685,33680,21801,21568,21943,21824,21681,41332,33770
,33785,34364,33619,,,,38030,33743,39227,37708,,22618,39227,21842,21980,23362,21610,,,,,22079,,,21754,,,25375,21833,,,23039,22953,21742,,,,,33999,33855,33795,33812,33803,34403,33685,33679,21798,21568,21938,21822,21681,41289,33775
,33785,34367,33619,,,,38020,33745,39192,37702,,22519,39192,21829,21978,23229,21610,,,,,22072,,,21754,,,25318,21831,,,22945,22944,21742,,,,,34026,33855,33795,33813,33814,34400,33684,33679,21796,21568,21934,21821,21681,41210,33779
,33785,34372,33620,,,,38009,33748,39158,37696,,22448,39158,21816,21976,23102,21610,,,,,22064,,,21753,,,25252,21829,,,22823,22935,21742,,,,,34054,33854,33796,33813,33825,34397,33684,33678,21792,21568,21930,21818,21681,41103,33784
,33784,34376,33621,,,,37999,33752,39125,37690,,22375,39125,21803,21974,22971,21610,,,,,22057,,,21753,,,25228,21826,,,22691,22925,21742,,,,,34077,33854,33796,33813,33835,34393,33683,33678,21790,21568,21925,21816,21681,41015,33795
,33784,34382,33622,,,,37989,33757,39092,37684,,22311,39092,21792,21972,22845,21610,,,,,22049,,,21752,,,25214,21823,,,22556,22916,21742,,,,,34100,33853,33796,33813,33845,34390,33683,33677,21787,21568,21922,21814,21681,40917,33807
,33784,34388,33623,,,,37978,33763,39060,37678,,22269,39060,21781,21969,22722,21610,,,,,22040,,,21751,,,25195,21820,,,22394,22905,21742,,,,,34122,33853,33796,33812,33854,34388,33682,33676,21784,21568,21918,21812,21681,40807,33823
,33784,34396,33624,,,,37967,33768,39028,37671,,22237,39028,21771,21966,22608,21610,,,,,22032,,,21751,,,25172,21817,,,22235,22895,21743,,,,,34143,33852,33796,33812,33863,34386,33682,33676,21781,21568,21914,21809,21681,40679,33839
,33784,34409,33625,,,,37957,33774,38993,37666,,22197,38993,21766,21964,22523,21610,,,,,22023,,,21750,,,25137,21814,,,22154,22886,21743,,,,,34173,33852,33796,33812,33873,34384,33681,33675,21778,21568,21911,21807,21681,40493,33845
,33784,34425,33626,,,,37947,33779,38956,37660,,22160,38956,21763,21962,22454,21610,,,,,22014,,,21749,,,25091,21811,,,22104,22879,21743,,,,,34204,33851,33796,33812,33883,34382,33681,33674,21775,21568,21907,21805,21681,40278,33849
,33784,34441,33626,,,,37938,33787,38921,37655,,22126,38921,21761,21959,22394,21610,,,,,22005,,,21749,,,25052,21808,,,22065,22871,21743,,,,,34236,33851,33796,33812,33893,34380,33681,33674,21773,21568,21904,21803,21681,40057,33853
,33784,34458,33627,,,,37929,33795,38885,37649,,22097,38885,21760,21957,22343,21610,,,,,21996,,,21748,,,25004,21805,,,22037,22864,21743,,,,,34265,33850,33796,33812,33902,34379,33680,33673,21770,21568,21900,21801,21681,39826,33858
,33784,34479,33628,,,,37919,33799,38849,37644,,22083,38849,21760,21955,22297,21610,,,,,21986,,,21747,,,24911,21802,,,21998,22858,21743,,,,,34287,33850,33796,33812,33905,34378,33680,33672,21768,21568,21897,21798,21681,39582,33872
,33784,34500,33629,,,,37910,33805,38814,37639,,22075,38814,21761,21952,22256,21610,,,,,21977,,,21746,,,24800,21799,,,21960,22851,21743,,,,,34302,33849,33797,33812,33905,34377,33680,33672,21765,21568,21894,21796,21681,39339,33892
,33783,34524,33629,,,,37900,33809,38779,37633,,22074,38779,21763,21949,22223,21610,,,,,21967,,,21746,,,24686,21795,,,21930,22846,21743,,,,,34320,33849,33797,33812,33903,34377,33679,33671,21762,21568,21891,21794,21681,39084,33916
,33783,34547,33630,,,,37891,33815,38745,37629,,22075,38745,21765,21947,22194,21610,,,,,21957,,,21745,,,24572,21792,,,21903,22841,21744,,,,,34334,33848,33797,33812,33899,34376,33679,33670,21760,21568,21888,21791,21681,38840,33945
,33783,34563,33631,,,,37884,33832,38717,37625,,22060,38717,21764,21945,22163,21610,,,,,21949,,,21744,,,24481,21789,,,21878,22834,21744,,,,,34331,33848,33797,33812,33895,34373,33678,33669,21758,21568,21885,21790,21681,38660,33976
,33783,34576,33633,,,,37878,33855,38693,37622,,22040,38693,21761,21944,22135,21610,,,,,21942,,,21744,,,24406,21786,,,21857,22828,21746,,,,,34324,33847,33797,33812,33890,34369,33678,33669,21757,21568,21883,21788,21682,38510,34012
,33783,34589,33634,,,,37872,33878,38670,37620,,22021,38670,21758,21943,22109,21610,,,,,21935,,,21743,,,24341,21783,,,21838,22822,21747,,,,,34314,33846,33797,33812,33885,34364,33677,33668,21756,21569,21881,21787,21682,38389,34057
,33783,34601,33635,,,,37867,33902,38649,37618,,22002,38649,21755,21943,22086,21610,,,,,21928,,,21743,,,24291,21780,,,21822,22816,21748,,,,,34304,33846,33798,33812,33879,34359,33677,33667,21755,21569,21878,21785,21682,38286,34110
,33783,34615,33637,,,,37862,33929,38628,37616,,21985,38628,21753,21942,22067,21610,,,,,21921,,,21743,,,24264,21777,,,21809,22812,21750,,,,,34315,33845,33798,33812,33870,34355,33676,33666,21755,21569,21876,21784,21682,38159,34167
,33783,34630,33638,,,,37857,33955,38608,37614,,21969,38608,21750,21942,22051,21610,,,,,21914,,,21742,,,24259,21774,,,21798,22808,21752,,,,,34336,33845,33798,33812,33860,34351,33676,33665,21754,21569,21874,21783,21682,38042,34235
,33783,34646,33639,,,,37853,33984,38589,37613,,21953,38589,21747,21942,22038,21611,,,,,21908,,,21742,,,24268,21771,,,21790,22806,21753,,,,,34353,33844,33798,33812,33849,34347,33676,33665,21753,21569,21872,21782,21682,37929,34297
,33783,34663,33640,,,,37849,34010,38572,37611,,21939,38572,21745,21942,22027,21611,,,,,21902,,,21742,,,24299,21768,,,21783,22805,21755,,,,,34372,33844,33799,33812,33838,34342,33675,33664,21753,21569,21871,21781,21683,37837,34368
,33783,34681,33642,,,,37845,34023,38554,37610,,21935,38554,21744,21941,22018,21611,,,,,21895,,,21741,,,24374,21765,,,21779,22805,21756,,,,,34416,33843,33799,33812,33835,34337,33675,33663,21753,21569,21869,21779,21683,37829,34498
,33783,34702,33643,,,,37841,34030,38536,37609,,21936,38536,21743,21940,22012,21611,,,,,21888,,,21741,,,24478,21762,,,21777,22807,21757,,,,,34466,33843,33799,33812,33835,34332,33674,33662,21752,21569,21867,21778,21683,37863,34651
,33783,34722,33645,,,,37837,34036,38519,37608,,21939,38519,21743,21940,22006,21611,,,,,21882,,,21740,,,24596,21758,,,21776,22810,21759,,,,,34515,33842,33799,33812,33836,34327,33674,33661,21752,21569,21866,21777,21683,37912,34796
,33783,34745,33646,,,,37833,34038,38503,37608,,21943,38503,21743,21939,22001,21611,,,,,21875,,,21740,,,24734,21755,,,21776,22815,21760,,,,,34559,33841,33799,33812,33838,34322,33673,33661,21752,21569,21864,21776,21684,37979,34933
,33783,34776,33647,,,,37829,34039,38487,37607,,21950,38487,21744,21938,22000,21611,,,,,21869,,,21740,,,24900,21752,,,21779,22822,21760,,,,,34579,33841,33800,33812,33840,34317,33673,33660,21751,21569,21863,21775,21684,38057,35078
,33783,34810,33649,,,,37826,34037,38473,37607,,21958,38473,21744,21937,22000,21611,,,,,21862,,,21739,,,25081,21749,,,21783,22830,21761,,,,,34579,33841,33800,33812,33842,34311,33672,33659,21751,21569,21862,21774,21684,38142,35200
,33783,34851,33650,,,,37823,34033,38459,37607,,21968,38459,21744,21937,22002,21611,,,,,21856,,,21739,,,25287,21746,,,21789,22840,21761,,,,,34585,33840,33800,33812,33845,34306,33672,33658,21751,21570,21861,21773,21684,38242,35278
,33783,34894,33651,,,,37820,34029,38445,37606,,21977,38445,21745,21936,22004,21611,,,,,21850,,,21739,,,25503,21743,,,21795,22852,21762,,,,,34577,33840,33800,33812,33848,34301,33671,33657,21751,21570,21859,21772,21685,38341,35309
,33783,34922,33652,,,,37816,34031,38432,37605,,21977,38432,21745,21938,21999,21611,,,,,21845,,,21738,,,25683,21740,,,21793,22867,21763,,,,,34509,33839,33800,33812,33848,34300,33671,33657,21750,21570,21858,21771,21684,38396,35230
,33783,34949,33652,,,,37812,34035,38418,37604,,21972,38418,21745,21939,21991,21611,,,,,21840,,,21738,,,25858,21738,,,21788,22884,21765,,,,,34417,33839,33800,33812,33846,34301,33671,33657,21749,21570,21857,21770,21684,38433,35097
,33783,34977,33651,,,,37809,34036,38405,37603,,21967,38405,21744,21942,21983,21611,,,,,21835,,,21738,,,26039,21736,,,21783,22904,21766,,,,,34310,33838,33800,33812,33844,34303,33671,33656,21748,21570,21855,21769,21684,38461,34929
,33783,35009,33651,,,,37805,34038,38392,37601,,21960,38392,21744,21944,21975,21611,,,,,21831,,,21738,,,26227,21734,,,21777,22926,21767,,,,,34198,33838,33800,33812,33841,34306,33671,33656,21747,21570,21854,21768,21684,38480,34740
,33783,35058,33650,,,,37801,34042,38380,37600,,21954,38380,21744,21946,21966,21611,,,,,21827,,,21737,,,26449,21732,,,21771,22952,21769,,,,,34123,33837,33800,33812,33839,34308,33671,33656,21746,21570,21853,21767,21683,38505,34598
,33783,35117,33649,,,,37797,34046,38368,37599,,21947,38368,21744,21949,21958,21610,,,,,21822,,,21737,,,26694,21731,,,21766,22980,21770,,,,,34064,33836,33800,33812,33837,34311,33671,33656,21744,21570,21852,21766,21683,38525,34474
,33783,35185,33648,,,,37793,34050,38357,37598,,21940,38357,21743,21951,21949,21610,,,,,21818,,,21737,,,26910,21729,,,21759,23010,21772,,,,,34006,33835,33799,33812,33835,34315,33671,33656,21743,21570,21850,21766,21683,38539,34340
,33782,35262,33647,,,,37790,34053,38346,37596,,21933,38346,21743,21954,21940,21610,,,,,21815,,,21737,,,27134,21727,,,21753,23043,21773,,,,,33954,33833,33799,33811,33833,34319,33671,33656,21741,21569,21849,21765,21682,38545,34215
,33782,35340,33646,,,,37786,34038,38335,37595,,21928,38335,21743,21957,21934,21610,,,,,21811,,,21736,,,27458,21726,,,21749,23077,21772,,,,,33915,33834,33799,33811,33832,34322,33671,33656,21740,21569,21848,21764,21682,38535,34140
,33782,35426,33645,,,,37783,34016,38325,37594,,21924,38325,21743,21960,21929,21609,,,,,21807,,,21736,,,27801,21724,,,21746,23114,21769,,,,,33884,33835,33799,33811,33833,34326,33671,33656,21739,21569,21847,21763,21681,38515,34088
,33782,35522,33644,,,,37780,33994,38316,37593,,21921,38316,21743,21964,21925,21609,,,,,21804,,,21736,,,28149,21723,,,21743,23156,21766,,,,,33861,33837,33799,33811,33833,34329,33671,33657,21737,21569,21846,21763,21681,38482,34047
,33782,35629,33643,,,,37776,33968,38307,37592,,21918,38307,21744,21967,21921,21609,,,,,21800,,,21736,,,28471,21721,,,21741,23200,21763,,,,,33843,33839,33798,33811,33835,34333,33671,33657,21736,21569,21845,21762,21681,38440,34018
,33782,35759,33642,,,,37773,33940,38298,37590,,21915,38298,21744,21971,21917,21609,,,,,21797,,,21736,,,28652,21720,,,21739,23238,21759,,,,,33828,33839,33798,33811,33836,34336,33671,33657,21735,21569,21844,21761,21680,38398,33993
,33781,35909,33641,,,,37770,33911,38290,37589,,21912,38290,21744,21975,21913,21608,,,,,21794,,,21736,,,28749,21719,,,21736,23278,21755,,,,,33816,33837,33798,33811,33837,34340,33671,33658,21734,21569,21843,21761,21680,38346,33973
,33781,36055,33640,,,,37767,33879,38282,37588,,21909,38282,21745,21978,21909,21608,,,,,21791,,,21736,,,28817,21717,,,21734,23316,21751,,,,,33808,33835,33798,33810,33838,34344,33671,33658,21732,21569,21842,21760,21679,38291,33964
,33781,36215,33639,,,,37764,33849,38274,37587,,21906,38274,21745,21982,21906,21608,,,,,21788,,,21735,,,28829,21716,,,21732,23359,21746,,,,,33805,33833,33798,33810,33840,34347,33671,33658,21731,21569,21841,21759,21679,38225,33958
,33781,36422,33638,,,,37761,33834,38267,37587,,21903,38267,21745,21983,21901,21608,,,,,21785,,,21735,,,28743,21715,,,21730,23427,21744,,,,,33808,33832,33798,33810,33843,34349,33671,33658,21730,21569,21840,21759,21678,38125,33944
,33781,36656,33636,,,,37758,33826,38260,37586,,21900,38260,21745,21984,21896,21607,,,,,21783,,,21735,,,28593,21713,,,21728,23506,21742,,,,,33815,33832,33797,33810,33847,34351,33671,33658,21728,21569,21839,21758,21678,38008,33929
,33780,36914,33634,,,,37755,33821,38254,37586,,21897,38254,21744,21984,21890,21607,,,,,21780,,,21735,,,28405,21712,,,21727,23585,21741,,,,,33823,33833,33797,33810,33851,34353,33671,33658,21726,21569,21839,21758,21677,37873,33916
,33780,37193,33633,,,,37753,33818,38248,37586,,21894,38248,21744,21983,21885,21607,,,,,21777,,,21735,,,28175,21710,,,21725,23668,21740,,,,,33833,33834,33796,33809,33855,34353,33671,33658,21724,21568,21838,21757,21677,37728,33905
,33780,37483,33631,,,,37750,33814,38243,37586,,21891,38243,21743,21983,21879,21607,,,,,21774,,,21735,,,27910,21709,,,21724,23757,21739,,,,,33849,33833,33795,33809,33861,34355,33671,33658,21723,21568,21837,21757,21676,37601,33899
,33780,37795,33630,,,,37748,33811,38237,37586,,21888,38237,21743,21982,21874,21606,,,,,21772,,,21735,,,27622,21708,,,21723,23845,21737,,,,,33866,33833,33795,33809,33867,34356,33670,33657,21721,21568,21836,21756,21676,37473,33897
,33780,38110,33628,,,,37745,33809,38232,37586,,21885,38232,21742,21981,21868,21606,,,,,21769,,,21735,,,27299,21706,,,21722,23943,21737,,,,,33883,33831,33794,33809,33875,34358,33670,33657,21719,21568,21836,21756,21675,37344,33897
,33780,38443,33627,,,,37742,33809,38227,37587,,21883,38227,21742,21981,21862,21606,,,,,21767,,,21734,,,26965,21705,,,21721,24036,21736,,,,,33896,33830,33793,33809,33882,34359,33669,33657,21717,21567,21835,21755,21675,37209,33898
,33779,38855,33625,,,,37740,33806,38223,37587,,21880,38223,21741,21979,21857,21605,,,,,21764,,,21734,,,26668,21704,,,21720,24090,21734,,,,,33904,33832,33793,33809,33886,34356,33670,33657,21716,21567,21835,21755,21674,37029,33899
,33779,39300,33621,,,,37738,33802,38219,37587,,21878,38219,21741,21978,21852,21605,,,,,21762,,,21734,,,26380,21703,,,21720,24131,21732,,,,,33906,33834,33793,33808,33889,34353,33670,33657,21714,21567,21834,21754,21673,36827,33900
,33779,39745,33620,,,,37735,33798,38216,37588,,21875,38216,21740,21977,21848,21605,,,,,21760,,,21734,,,26106,21701,,,21720,24150,21730,,,,,33895,33838,33793,33808,33893,34349,33671,33657,21712,21566,21833,21754,21673,36639,33902
,33779,40190,33620,,,,37733,33794,38212,37588,,21873,38212,21740,21975,21843,21605,,,,,21758,,,21734,,,25838,21700,,,21719,24163,21728,,,,,33876,33842,33792,33808,33897,34344,33671,33657,21710,21566,21833,21754,21672,36449,33904
,33779,40632,33618,,,,37731,33792,38209,37588,,21871,38209,21739,21974,21838,21604,,,,,21756,,,21734,,,25530,21699,,,21719,24234,21726,,,,,33858,33841,33792,33808,33900,34339,33672,33656,21708,21566,21832,21753,21672,36234,33910
,33779,41057,33615,,,,37729,33790,38206,37589,,21869,38206,21739,21972,21834,21604,,,,,21754,,,21734,,,25223,21698,,,21719,24318,21724,,,,,33838,33839,33792,33808,33903,34334,33673,33656,21706,21565,21832,21753,21671,36025,33917
,33779,41451,33613,,,,37727,33789,38204,37589,,21867,38204,21738,21970,21829,21604,,,,,21752,,,21734,,,24910,21697,,,21720,24392,21723,,,,,33813,33837,33792,33808,33906,34328,33673,33656,21704,21565,21831,21753,21671,35804,33926
,33778,41804,33611,,,,37725,33788,38201,37590,,21865,38201,21738,21968,21825,21603,,,,,21750,,,21734,,,24615,21696,,,21720,24454,21721,,,,,33789,33834,33792,33808,33911,34323,33674,33656,21703,21565,21831,21752,21670,35606,33936
,33778,42112,33611,,,,37722,33783,38198,37590,,21863,38198,21737,21968,21820,21603,,,,,21749,,,21734,,,24425,21695,,,21719,24468,21720,,,,,33777,33833,33792,33808,33924,34319,33673,33656,21701,21565,21830,21752,21670,35531,33941
,33778,42362,33611,,,,37720,33776,38194,37589,,21860,38194,21736,21969,21816,21603,,,,,21747,,,21734,,,24284,21694,,,21718,24444,21719,,,,,33770,33834,33792,33807,33940,34317,33672,33657,21700,21565,21830,21752,21669,35513,33946
,33778,42539,33611,,,,37718,33770,38191,37588,,21858,38191,21735,21970,21812,21603,,,,,21746,,,21734,,,24166,21693,,,21718,24434,21718,,,,,33765,33834,33792,33808,33956,34315,33671,33658,21699,21565,21829,21752,21669,35524,33950
,33778,42616,33612,,,,37716,33763,38188,37588,,21856,38188,21734,21971,21808,21602,,,,,21745,,,21734,,,24073,21692,,,21717,24397,21718,,,,,33762,33835,33792,33808,33974,34314,33669,33659,21699,21565,21828,21752,21669,35560,33955
,33777,42658,33612,,,,37714,33757,38184,37587,,21854,38184,21733,21972,21804,21602,,,,,21744,,,21734,,,23980,21692,,,21716,24236,21717,,,,,33759,33835,33792,33807,33998,34313,33668,33660,21698,21565,21828,21752,21669,35585,33965
,33776,42518,33614,,,,37712,33750,38181,37586,,21852,38181,21732,21974,21800,21602,,,,,21743,,,21734,,,23896,21691,,,21715,24031,21717,,,,,33757,33835,33792,33805,34023,34312,33666,33661,21697,21565,21827,21752,21669,35616,33977
,33774,42233,33615,,,,37709,33744,38178,37585,,21849,38178,21731,21975,21797,21602,,,,,21742,,,21734,,,23831,21690,,,21714,23787,21717,,,,,33757,33835,33792,33802,34050,34312,33665,33663,21696,21565,21826,21752,21669,35663,33991
,33773,41835,33616,,,,37707,33738,38175,37584,,21847,38175,21730,21976,21793,21602,,,,,21741,,,21734,,,23776,21689,,,21713,23538,21717,,,,,33758,33835,33792,33799,34077,34311,33663,33664,21696,21565,21826,21752,21669,35717,34006
,33774,41386,33616,,,,37705,33734,38172,37583,,21845,38172,21729,21978,21789,21601,,,,,21740,,,21735,,,23716,21689,,,21712,23404,21716,,,,,33760,33835,33792,33802,34094,34310,33662,33665,21695,21565,21825,21752,21668,35777,34016
,33776,40893,33616,,,,37703,33731,38169,37583,,21844,38169,21727,21980,21786,21601,,,,,21739,,,21735,,,23660,21688,,,21711,23315,21716,,,,,33762,33835,33792,33806,34107,34307,33661,33665,21695,21565,21825,21752,21668,35843,34024
,33779,40369,33616,,,,37701,33729,38167,37582,,21842,38167,21726,21981,21782,21601,,,,,21738,,,21735,,,23607,21687,,,21710,23237,21716,,,,,33768,33834,33792,33813,34118,34306,33661,33665,21694,21565,21824,21752,21668,35900,34037
,33782,39832,33616,,,,37700,33728,38164,37581,,21841,38164,21725,21983,21779,21601,,,,,21737,,,21735,,,23559,21687,,,21709,23173,21716,,,,,33775,33834,33792,33819,34127,34304,33661,33666,21693,21565,21823,21752,21668,35957,34052
,33781,39342,33615,,,,37698,33726,38161,37580,,21840,38161,21724,21985,21775,21601,,,,,21736,,,21735,,,23527,21686,,,21709,23093,21716,,,,,33780,33834,33792,33818,34138,34301,33660,33665,21693,21565,21823,21752,21668,36035,34064
,33779,38881,33614,,,,37696,33724,38159,37579,,21839,38159,21722,21986,21772,21601,,,,,21736,,,21735,,,23501,21685,,,21708,23015,21716,,,,,33787,33833,33793,33814,34149,34297,33658,33665,21692,21565,21822,21752,21668,36111,34080
,33777,38415,33612,,,,37694,33721,38156,37578,,21837,38156,21721,21988,21769,21600,,,,,21735,,,21735,,,23482,21685,,,21707,22945,21716,,,,,33794,33832,33793,33809,34158,34293,33656,33664,21692,21565,21822,21752,21668,36192,34101
,33774,37975,33611,,,,37692,33720,38154,37577,,21836,38154,21719,21990,21766,21600,,,,,21734,,,21735,,,23464,21684,,,21706,22882,21716,,,,,33805,33832,33794,33804,34166,34290,33655,33663,21691,21565,21821,21752,21668,36259,34130
,33774,37623,33613,,,,37690,33723,38152,37577,,21834,38152,21718,21990,21763,21600,,,,,21734,,,21735,,,23431,21684,,,21706,22834,21716,,,,,33830,33832,33794,33803,34169,34293,33657,33665,21691,21565,21821,21752,21668,36248,34173
,33774,37320,33617,,,,37689,33728,38151,37576,,21832,38151,21717,21989,21760,21600,,,,,21734,,,21736,,,23392,21683,,,21706,22795,21715,,,,,33863,33832,33793,33804,34170,34297,33661,33668,21690,21565,21820,21752,21668,36200,34229
,33774,37050,33620,,,,37687,33733,38150,37575,,21829,38150,21716,21988,21757,21600,,,,,21734,,,21736,,,23355,21683,,,21706,22762,21715,,,,,33897,33833,33794,33806,34170,34302,33663,33671,21690,21566,21820,21752,21668,36132,34286
,33774,36816,33624,,,,37686,33738,38150,37574,,21827,38150,21714,21987,21755,21600,,,,,21734,,,21736,,,23318,21683,,,21706,22735,21716,,,,,33935,33833,33794,33808,34168,34307,33666,33675,21690,21566,21819,21752,21668,36045,34353
,33774,36585,33630,,,,37684,33745,38149,37574,,21824,38149,21713,21986,21752,21599,,,,,21733,,,21736,,,23280,21682,,,21706,22713,21715,,,,,33976,33833,33793,33808,34164,34315,33672,33679,21689,21566,21819,21753,21668,35963,34465
,33775,36370,33636,,,,37682,33753,38149,37573,,21822,38149,21712,21984,21749,21599,,,,,21733,,,21736,,,23244,21682,,,21706,22694,21715,,,,,34019,33832,33791,33807,34160,34322,33678,33684,21689,21566,21818,21753,21668,35874,34597
,33775,36224,33644,,,,37681,33762,38148,37572,,21820,38148,21710,21982,21747,21599,,,,,21733,,,21737,,,23207,21681,,,21706,22681,21715,,,,,34064,33832,33786,33805,34155,34330,33686,33689,21688,21566,21818,21753,21668,35774,34726
,33776,36105,33650,,,,37680,33770,38148,37572,,21818,38148,21709,21981,21744,21599,,,,,21733,,,21737,,,23172,21681,,,21706,22671,21715,,,,,34107,33831,33783,33803,34148,34337,33693,33693,21688,21566,21817,21753,21668,35665,34858
,33776,35946,33647,,,,37678,33770,38148,37571,,21815,38148,21708,21979,21742,21599,,,,,21733,,,21737,,,23153,21681,,,21706,22658,21716,,,,,34144,33831,33787,33806,34144,34336,33690,33693,21688,21566,21817,21753,21668,35543,35002
,33776,35784,33641,,,,37677,33766,38148,37570,,21813,38148,21706,21977,21740,21599,,,,,21734,,,21737,,,23142,21680,,,21707,22645,21716,,,,,34177,33831,33793,33810,34140,34331,33683,33690,21688,21566,21817,21754,21668,35413,35140
,33776,35640,33633,,,,37675,33763,38148,37570,,21811,38148,21705,21975,21737,21598,,,,,21734,,,21738,,,23129,21680,,,21707,22633,21716,,,,,34203,33831,33802,33815,34136,34325,33674,33686,21687,21566,21816,21754,21668,35278,35266
,33775,35508,33624,,,,37674,33758,38148,37569,,21809,38148,21704,21973,21735,21598,,,,,21734,,,21738,,,23120,21680,,,21707,22623,21716,,,,,34224,33831,33811,33821,34131,34318,33665,33682,21687,21566,21816,21754,21668,35137,35369
,33775,35388,33618,,,,37673,33753,38148,37568,,21807,38148,21702,21971,21733,21598,,,,,21734,,,21738,,,23116,21680,,,21707,22617,21716,,,,,34254,33831,33809,33820,34126,34310,33661,33677,21687,21567,21816,21755,21668,34997,35437
,33774,35280,33614,,,,37671,33747,38149,37568,,21805,38149,21701,21969,21731,21598,,,,,21735,,,21738,,,23113,21679,,,21708,22613,21716,,,,,34282,33831,33803,33817,34121,34303,33659,33672,21687,21567,21815,21755,21668,34857,35471
,33774,35195,33610,,,,37670,33739,38149,37567,,21803,38149,21699,21966,21729,21598,,,,,21735,,,21739,,,23113,21679,,,21708,22611,21717,,,,,34308,33831,33796,33813,34116,34294,33658,33666,21686,21567,21815,21755,21668,34715,35427
,33774,35124,33607,,,,37669,33732,38149,37566,,21802,38149,21698,21964,21727,21598,,,,,21735,,,21739,,,23112,21679,,,21709,22609,21717,,,,,34326,33831,33787,33809,34110,34285,33657,33661,21686,21567,21814,21755,21668,34574,35345
,33774,35053,33605,,,,37668,33735,38148,37566,,21801,38148,21696,21962,21725,21598,,,,,21735,,,21739,,,23088,21678,,,21709,22599,21717,,,,,34309,33831,33787,33808,34102,34281,33656,33659,21685,21567,21814,21755,21668,34437,35247
,33774,34989,33606,,,,37666,33740,38147,37566,,21802,38147,21694,21961,21722,21598,,,,,21735,,,21739,,,23055,21678,,,21708,22587,21716,,,,,34273,33830,33790,33809,34092,34278,33655,33659,21685,21567,21813,21755,21668,34301,35152
,33774,34934,33606,,,,37665,33748,38145,37565,,21803,38145,21693,21960,21720,21597,,,,,21735,,,21739,,,23020,21678,,,21708,22574,21716,,,,,34227,33830,33794,33810,34084,34277,33654,33660,21684,21567,21813,21755,21667,34179,35055
,33774,34889,33607,,,,37664,33758,38143,37565,,21804,38143,21691,21960,21718,21597,,,,,21734,,,21739,,,22982,21677,,,21708,22561,21716,,,,,34174,33829,33798,33811,34075,34276,33654,33661,21683,21567,21812,21755,21667,34062,34980
,33774,34852,33610,,,,37663,33759,38141,37565,,21806,38141,21689,21959,21715,21597,,,,,21734,,,21739,,,22943,21677,,,21708,22549,21715,,,,,34109,33829,33798,33812,34061,34274,33654,33662,21682,21567,21811,21755,21667,33931,35035
,33775,34822,33613,,,,37662,33759,38139,37565,,21808,38139,21687,21958,21713,21597,,,,,21733,,,21739,,,22905,21676,,,21707,22537,21715,,,,,34043,33828,33797,33812,34046,34272,33655,33663,21681,21567,21811,21755,21667,33806,35145
,33775,34800,33617,,,,37661,33757,38140,37564,,21810,38140,21685,21958,21711,21597,,,,,21733,,,21739,,,22863,21676,,,21707,22526,21714,,,,,33989,33827,33796,33812,34028,34271,33656,33665,21680,21567,21810,21754,21667,33679,35255
,33775,34784,33621,,,,37660,33756,38140,37564,,21813,38140,21683,21957,21709,21597,,,,,21732,,,21738,,,22822,21675,,,21707,22514,21714,,,,,33943,33827,33794,33812,34010,34270,33658,33666,21679,21566,21809,21754,21666,33566,35367
,33775,34773,33621,,,,37659,33762,38134,37564,,21814,38134,21681,21956,21706,21597,,,,,21732,,,21738,,,22795,21675,,,21706,22504,21713,,,,,33923,33826,33794,33812,34006,34271,33658,33667,21678,21566,21809,21754,21666,33521,35501
,33775,34766,33620,,,,37658,33771,38125,37564,,21816,38125,21679,21955,21704,21597,,,,,21732,,,21738,,,22773,21674,,,21706,22495,21713,,,,,33916,33825,33794,33812,34006,34273,33658,33668,21677,21566,21808,21754,21666,33509,35611
,33774,34763,33620,,,,37657,33778,38127,37564,,21817,38127,21677,21954,21702,21597,,,,,21731,,,21738,,,22753,21674,,,21706,22486,21713,,,,,33916,33825,33794,33812,34010,34275,33658,33668,21676,21566,21807,21753,21666,33512,35652
,33773,34765,33620,,,,37656,33786,38130,37564,,21819,38130,21676,21953,21700,21597,,,,,21731,,,21738,,,22736,21673,,,21705,22478,21712,,,,,33923,33824,33794,33811,34013,34278,33658,33668,21676,21566,21806,21753,21666,33531,35635
,33772,34773,33618,,,,37655,33797,38128,37564,,21821,38128,21674,21953,21698,21597,,,,,21730,,,21738,,,22719,21673,,,21705,22470,21712,,,,,33933,33823,33794,33811,34003,34281,33659,33669,21675,21566,21806,21753,21665,33547,35485
,33772,34786,33616,,,,37654,33807,38125,37564,,21823,38125,21672,21952,21696,21597,,,,,21730,,,21738,,,22702,21672,,,21705,22462,21711,,,,,33945,33822,33794,33811,33989,34285,33659,33669,21674,21566,21805,21753,21665,33567,35277
,33771,34800,33614,,,,37654,33820,38122,37564,,21824,38122,21670,21951,21694,21597,,,,,21729,,,21738,,,22686,21672,,,21704,22454,21710,,,,,33959,33821,33794,33810,33973,34288,33660,33670,21673,21566,21804,21752,21665,33596,35017
,33770,34816,33612,,,,37653,33831,38120,37564,,21827,38120,21668,21950,21692,21597,,,,,21729,,,21737,,,22672,21671,,,21704,22447,21710,,,,,33973,33821,33793,33810,33955,34292,33660,33670,21672,21566,21803,21752,21665,33629,34745
,33769,34833,33617,,,,37652,33828,38118,37564,,21831,38118,21666,21949,21690,21597,,,,,21729,,,21737,,,22655,21671,,,21704,22444,21709,,,,,33979,33820,33793,33810,33938,34294,33660,33670,21671,21565,21803,21752,21664,33661,34573
,33769,34849,33625,,,,37651,33821,38116,37564,,21836,38116,21664,21948,21688,21597,,,,,21728,,,21737,,,22638,21670,,,21704,22441,21709,,,,,33979,33820,33793,33811,33922,34295,33660,33670,21670,21565,21802,21751,21664,33694,34444
,33769,34865,33632,,,,37651,33812,38114,37564,,21841,38114,21662,21947,21686,21597,,,,,21728,,,21737,,,22622,21670,,,21704,22440,21709,,,,,33982,33820,33794,33812,33904,34296,33660,33670,21669,21565,21801,21751,21664,33722,34339
,33768,34880,33641,,,,37650,33802,38113,37564,,21848,38113,21660,21946,21685,21597,,,,,21728,,,21737,,,22605,21670,,,21704,22440,21708,,,,,33980,33819,33794,33812,33887,34297,33660,33670,21668,21565,21801,21751,21664,33748,34258
,33768,34887,33650,,,,37649,33791,38111,37564,,21853,38111,21658,21945,21683,21597,,,,,21728,,,21737,,,22589,21669,,,21703,22439,21708,,,,,33956,33819,33794,33813,33870,34297,33660,33670,21667,21565,21800,21751,21663,33783,34180
,33768,34890,33659,,,,37649,33781,38110,37564,,21859,38110,21656,21944,21681,21597,,,,,21727,,,21737,,,22574,21669,,,21703,22439,21707,,,,,33923,33819,33793,33814,33853,34297,33660,33669,21666,21565,21800,21750,21663,33816,34114
,33767,34892,33669,,,,37648,33769,38108,37564,,21864,38108,21653,21943,21679,21597,,,,,21727,,,21736,,,22559,21669,,,21703,22439,21707,,,,,33884,33819,33792,33815,33836,34297,33660,33669,21665,21565,21799,21750,21663,33851,34063
,33767,34889,33678,,,,37647,33758,38107,37564,,21870,38107,21651,21942,21678,21597,,,,,21727,,,21736,,,22544,21668,,,21703,22439,21707,,,,,33843,33819,33790,33816,33820,34297,33660,33669,21664,21565,21798,21750,21663,33877,34023
,33767,34878,33683,,,,37647,33757,38105,37564,,21877,38105,21649,21941,21676,21597,,,,,21727,,,21736,,,22532,21668,,,21703,22441,21706,,,,,33817,33819,33792,33817,33808,34298,33659,33669,21663,21565,21798,21750,21663,33861,33989
,33768,34860,33686,,,,37646,33761,38103,37564,,21884,38103,21647,21940,21675,21597,,,,,21727,,,21736,,,22521,21668,,,21703,22444,21706,,,,,33797,33819,33795,33818,33798,34300,33659,33668,21662,21564,21797,21749,21662,33825,33963
,33767,34840,33688,,,,37646,33769,38102,37564,,21891,38102,21645,21939,21673,21597,,,,,21726,,,21736,,,22511,21667,,,21703,22446,21705,,,,,33777,33818,33798,33819,33789,34301,33659,33668,21661,21564,21796,21749,21662,33772,33944
,33765,34817,33690,,,,37645,33779,38100,37564,,21898,38100,21643,21938,21671,21597,,,,,21726,,,21736,,,22501,21667,,,21703,22449,21705,,,,,33759,33818,33800,33820,33782,34302,33659,33668,21660,21564,21796,21749,21662,33709,33930
,33765,34792,33689,,,,37645,33783,38099,37565,,21905,38099,21641,21938,21670,21597,,,,,21726,,,21735,,,22492,21667,,,21703,22452,21705,,,,,33741,33818,33802,33821,33774,34304,33658,33667,21659,21564,21795,21748,21662,33654,33914
,33765,34766,33687,,,,37644,33788,38097,37565,,21912,38097,21639,21937,21668,21597,,,,,21726,,,21735,,,22483,21666,,,21703,22456,21704,,,,,33723,33818,33803,33822,33767,34306,33658,33667,21658,21564,21795,21748,21662,33594,33899
,33765,34737,33685,,,,37644,33792,38096,37565,,21919,38096,21637,21936,21667,21597,,,,,21726,,,21735,,,22475,21666,,,21703,22460,21704,,,,,33707,33818,33796,33823,33761,34307,33658,33667,21657,21564,21794,21748,21661,33531,33888
,33765,34708,33681,,,,37643,33798,38094,37565,,21926,38094,21635,21935,21666,21597,,,,,21725,,,21735,,,22467,21666,,,21703,22463,21703,,,,,33693,33817,33787,33824,33756,34308,33658,33666,21656,21564,21793,21748,21661,33458,33878
,33765,34682,33679,,,,37643,33818,38093,37565,,21929,38093,21633,21933,21664,21597,,,,,21725,,,21735,,,22456,21665,,,21703,22462,21703,,,,,33681,33817,33787,33825,33754,34307,33657,33666,21655,21564,21793,21747,21661,33353,33865
,33765,34657,33678,,,,37642,33845,38092,37566,,21930,38092,21632,21931,21663,21597,,,,,21725,,,21735,,,22445,21665,,,21703,22459,21703,,,,,33672,33817,33788,33825,33753,34305,33657,33666,21655,21564,21792,21747,21661,33232,33850
,33765,34634,33676,,,,37642,33870,38091,37566,,21931,38091,21631,21929,21662,21597,,,,,21725,,,21735,,,22434,21665,,,21703,22455,21702,,,,,33664,33817,33790,33825,33753,34303,33657,33666,21655,21564,21791,21747,21661,33107,33836
,33766,34611,33674,,,,37642,33896,38091,37566,,21931,38091,21630,21927,21661,21598,,,,,21725,,,21735,,,22423,21664,,,21702,22450,21702,,,,,33658,33816,33791,33825,33753,34300,33657,33667,21654,21564,21791,21747,21661,32977,33823
,33766,34586,33672,,,,37641,33928,38090,37567,,21931,38090,21629,21924,21660,21598,,,,,21725,,,21735,,,22412,21664,,,21702,22445,21701,,,,,33653,33816,33791,33825,33754,34297,33657,33667,21654,21564,21790,21747,21661,32843,33811
,33767,34562,33670,,,,37641,33959,38089,37567,,21930,38089,21628,21922,21659,21598,,,,,21725,,,21735,,,22401,21664,,,21702,22440,21701,,,,,33648,33816,33792,33825,33755,34294,33657,33667,21654,21564,21789,21747,21660,32709,33801
,33767,34539,33668,,,,37640,33994,38089,37567,,21929,38089,21627,21919,21658,21598,,,,,21725,,,21735,,,22390,21663,,,21702,22434,21700,,,,,33645,33816,33792,33825,33756,34290,33657,33668,21653,21564,21788,21747,21660,32570,33790
,33768,34516,33666,,,,37640,34025,38088,37568,,21928,38088,21626,21917,21657,21598,,,,,21725,,,21736,,,22380,21663,,,21701,22428,21700,,,,,33642,33815,33792,33824,33758,34287,33657,33668,21653,21564,21788,21747,21660,32436,33781
,33768,34500,33662,,,,37640,34029,38087,37568,,21926,38087,21625,21914,21656,21598,,,,,21724,,,21736,,,22370,21663,,,21701,22422,21700,,,,,33639,33815,33792,33824,33761,34284,33657,33668,21653,21564,21787,21746,21660,32327,33775
,33769,34487,33659,,,,37639,34021,38087,37569,,21924,38087,21624,21912,21655,21599,,,,,21724,,,21736,,,22360,21663,,,21701,22417,21699,,,,,33637,33814,33792,33824,33764,34281,33657,33668,21653,21564,21786,21746,21660,32230,33771
,33769,34477,33656,,,,37639,34007,38086,37569,,21922,38086,21623,21909,21654,21599,,,,,21724,,,21736,,,22351,21662,,,21701,22411,21699,,,,,33635,33814,33792,33824,33767,34278,33657,33669,21653,21564,21786,21746,21660,32148,33768
,33770,34469,33653,,,,37639,33987,38086,37570,,21920,38086,21622,21907,21653,21599,,,,,21724,,,21736,,,22342,21662,,,21701,22406,21699,,,,,33633,33813,33791,33824,33770,34276,33657,33669,21653,21564,21785,21746,21660,32073,33766
,33770,34458,33649,,,,37638,33974,38086,37570,,21917,38086,21622,21904,21653,21599,,,,,21724,,,21736,,,22333,21662,,,21701,22400,21698,,,,,33632,33813,33791,33824,33775,34273,33657,33669,21653,21564,21784,21746,21660,31986,33765
,33771,34449,33646,,,,37638,33960,38085,37570,,21914,38085,21621,21901,21652,21599,,,,,21724,,,21737,,,22324,21662,,,21700,22394,21698,,,,,33632,33813,33791,33824,33779,34270,33657,33669,21653,21564,21784,21746,21660,31903,33764
,33771,34440,33643,,,,37638,33944,38085,37571,,21911,38085,21621,21899,21651,21600,,,,,21724,,,21737,,,22316,21662,,,21700,22388,21698,,,,,33632,33812,33791,33824,33785,34267,33657,33670,21653,21564,21783,21746,21660,31820,33765
,33772,34434,33641,,,,37638,33927,38084,37572,,21908,38084,21620,21896,21650,21600,,,,,21724,,,21737,,,22307,21661,,,21700,22382,21698,,,,,33632,33812,33790,33824,33789,34264,33657,33670,21653,21565,21782,21746,21660,31750,33765
,33773,34436,33641,,,,37638,33907,38084,37572,,21906,38084,21619,21894,21650,21600,,,,,21724,,,21737,,,22300,21661,,,21700,22377,21697,,,,,33632,33811,33790,33824,33787,34261,33657,33670,21653,21565,21782,21746,21660,31730,33764
,33774,34442,33643,,,,37637,33886,38084,37572,,21905,38084,21619,21892,21649,21600,,,,,21724,,,21737,,,22293,21661,,,21700,22372,21697,,,,,33631,33810,33790,33824,33782,34258,33657,33671,21652,21565,21781,21746,21660,31735,33764
,33775,34450,33647,,,,37637,33866,38084,37573,,21904,38084,21618,21890,21648,21600,,,,,21724,,,21738,,,22286,21661,,,21700,22368,21696,,,,,33630,33809,33790,33823,33775,34255,33656,33671,21652,21565,21780,21746,21660,31750,33763
,33777,34460,33651,,,,37637,33844,38083,37573,,21903,38083,21617,21888,21648,21600,,,,,21724,,,21738,,,22280,21660,,,21699,22364,21696,,,,,33630,33808,33790,33823,33768,34252,33655,33672,21652,21565,21779,21746,21660,31775,33762
,33778,34468,33654,,,,37636,33820,38083,37574,,21902,38083,21617,21886,21647,21601,,,,,21724,,,21738,,,22273,21660,,,21699,22359,21695,,,,,33629,33807,33790,33823,33760,34249,33655,33672,21652,21565,21778,21746,21660,31802,33761
,33779,34475,33658,,,,37636,33796,38083,37575,,21901,38083,21616,21885,21646,21601,,,,,21724,,,21738,,,22267,21660,,,21699,22355,21695,,,,,33628,33806,33791,33824,33752,34247,33654,33673,21652,21565,21778,21746,21660,31831,33761
,33781,34483,33662,,,,37636,33771,38083,37575,,21899,38083,21615,21883,21646,21601,,,,,21724,,,21738,,,22262,21659,,,21699,22352,21694,,,,,33628,33806,33794,33824,33742,34245,33653,33673,21652,21565,21777,21746,21660,31868,33762
,33782,34491,33667,,,,37635,33747,38083,37576,,21898,38083,21615,21881,21645,21601,,,,,21724,,,21739,,,22256,21659,,,21698,22348,21694,,,,,33627,33805,33797,33824,33733,34244,33653,33673,21652,21565,21776,21746,21660,31904,33762
,33784,34497,33674,,,,37635,33732,38082,37576,,21897,38082,21614,21880,21644,21601,,,,,21724,,,21739,,,22251,21659,,,21698,22344,21694,,,,,33628,33804,33792,33824,33729,34240,33652,33674,21652,21565,21775,21746,21660,31923,33760
,33785,34502,33683,,,,37635,33722,38082,37577,,21896,38082,21614,21878,21644,21602,,,,,21724,,,21739,,,22246,21658,,,21698,22339,21693,,,,,33629,33803,33785,33825,33727,34236,33651,33674,21652,21565,21775,21745,21659,31935,33758
,33787,34506,33693,,,,37635,33713,38082,37577,,21895,38082,21613,21877,21643,21602,,,,,21724,,,21739,,,22241,21658,,,21698,22335,21693,,,,,33630,33802,33787,33825,33725,34233,33651,33675,21652,21565,21774,21745,21659,31939,33756
,33789,34510,33702,,,,37634,33706,38082,37578,,21894,38082,21613,21875,21643,21602,,,,,21724,,,21739,,,22236,21658,,,21698,22331,21692,,,,,33631,33801,33792,33824,33724,34230,33650,33675,21652,21565,21773,21745,21659,31937,33754
,33791,34513,33712,,,,37634,33700,38082,37578,,21893,38082,21612,21873,21642,21602,,,,,21724,,,21740,,,22232,21658,,,21697,22327,21692,,,,,33633,33800,33793,33824,33724,34227,33649,33676,21652,21565,21772,21745,21659,31946,33751
,33793,34516,33721,,,,37634,33693,38082,37579,,21892,38082,21612,21872,21642,21603,,,,,21724,,,21740,,,22228,21657,,,21697,22323,21691,,,,,33634,33799,33792,33825,33723,34224,33648,33676,21652,21565,21771,21745,21659,31951,33749
,33795,34517,33730,,,,37634,33689,38082,37580,,21891,38082,21611,21870,21642,21603,,,,,21724,,,21740,,,22224,21657,,,21697,22319,21691,,,,,33636,33797,33792,33825,33723,34221,33648,33677,21652,21565,21771,21745,21659,31957,33746
,33797,34519,33738,,,,37633,33685,38082,37580,,21889,38082,21611,21869,21641,21603,,,,,21724,,,21740,,,22220,21657,,,21697,22315,21691,,,,,33637,33797,33793,33825,33723,34219,33647,33677,21652,21566,21770,21745,21659,31954,33744
,33798,34522,33746,,,,37633,33680,38082,37581,,21885,38082,21610,21868,21641,21603,,,,,21724,,,21740,,,22216,21657,,,21697,22312,21691,,,,,33637,33796,33793,33826,33721,34221,33647,33677,21652,21566,21770,21745,21659,31911,33741
,33798,34526,33753,,,,37633,33675,38082,37581,,21880,38082,21610,21866,21640,21603,,,,,21724,,,21741,,,22213,21657,,,21697,22310,21691,,,,,33637,33796,33793,33826,33718,34225,33647,33677,21652,21566,21769,21745,21659,31850,33740
,33797,34529,33759,,,,37634,33670,38082,37582,,21874,38082,21610,21865,21640,21603,,,,,21724,,,21741,,,22210,21657,,,21698,22307,21691,,,,,33636,33796,33793,33827,33716,34230,33647,33677,21652,21566,21769,21745,21659,31775,33738
,33797,34532,33764,,,,37634,33666,38082,37583,,21867,38082,21609,21864,21640,21604,,,,,21724,,,21741,,,22207,21657,,,21698,22305,21691,,,,,33634,33797,33793,33828,33713,34237,33647,33677,21652,21566,21769,21745,21659,31692,33736
,33796,34534,33767,,,,37634,33662,38082,37584,,21861,38082,21609,21862,21639,21604,,,,,21725,,,21741,,,22204,21657,,,21699,22303,21691,,,,,33633,33797,33793,33829,33710,34244,33647,33677,21652,21567,21769,21746,21660,31619,33734
,33796,34535,33768,,,,37634,33658,38082,37584,,21854,38082,21609,21861,21639,21604,,,,,21725,,,21742,,,22202,21658,,,21699,22301,21691,,,,,33632,33797,33793,33830,33707,34252,33647,33677,21652,21567,21769,21746,21660,31545,33732
,33796,34535,33769,,,,37635,33655,38082,37585,,21847,38082,21608,21860,21639,21604,,,,,21725,,,21742,,,22199,21658,,,21700,22299,21691,,,,,33630,33798,33793,33831,33704,34260,33647,33677,21653,21567,21769,21746,21660,31468,33731
,33795,34534,33768,,,,37635,33653,38082,37586,,21840,38082,21608,21859,21639,21604,,,,,21725,,,21742,,,22197,21658,,,21701,22298,21692,,,,,33628,33798,33793,33832,33701,34270,33647,33677,21653,21567,21770,21746,21660,31387,33729
,33794,34530,33759,,,,37635,33651,38082,37586,,21833,38082,21608,21858,21638,21604,,,,,21726,,,21743,,,22195,21659,,,21701,22296,21692,,,,,33627,33799,33793,33833,33699,34279,33648,33676,21653,21568,21770,21746,21660,31284,33727
,33793,34525,33747,,,,37635,33650,38083,37587,,21825,38083,21607,21857,21638,21604,,,,,21726,,,21743,,,22193,21659,,,21702,22294,21692,,,,,33625,33799,33793,33834,33698,34288,33648,33676,21653,21568,21770,21746,21660,31170,33725
,33792,34518,33733,,,,37635,33650,38083,37588,,21818,38083,21607,21855,21638,21604,,,,,21726,,,21743,,,22190,21659,,,21702,22292,21692,,,,,33624,33800,33793,33835,33696,34297,33649,33676,21653,21568,21770,21746,21660,31065,33723
,33791,34509,33719,,,,37636,33649,38083,37589,,21810,38083,21607,21854,21637,21604,,,,,21726,,,21743,,,22188,21660,,,21703,22290,21693,,,,,33623,33800,33793,33836,33695,34308,33649,33676,21653,21568,21770,21746,21660,30959,33721
,33790,34498,33708,,,,37636,33650,38083,37589,,21802,38083,21606,21853,21637,21605,,,,,21727,,,21744,,,22186,21660,,,21704,22289,21693,,,,,33621,33801,33793,33838,33693,34318,33650,33676,21653,21569,21770,21746,21661,30836,33719
,33789,34484,33699,,,,37636,33650,38083,37590,,21794,38083,21606,21852,21637,21605,,,,,21727,,,21744,,,22184,21660,,,21704,22287,21693,,,,,33620,33802,33793,33839,33692,34328,33650,33676,21653,21569,21770,21746,21661,30718,33717
,33788,34470,33690,,,,37636,33651,38083,37591,,21786,38083,21606,21851,21637,21605,,,,,21727,,,21744,,,22182,21660,,,21705,22285,21693,,,,,33618,33802,33793,33840,33691,34338,33651,33675,21653,21569,21770,21746,21661,30592,33714
,33787,34453,33682,,,,37637,33652,38084,37592,,21778,38084,21605,21849,21636,21605,,,,,21727,,,21745,,,22180,21661,,,21706,22284,21694,,,,,33616,33803,33794,33841,33690,34349,33652,33675,21653,21569,21771,21747,21661,30480,33712
,33787,34434,33679,,,,37637,33652,38084,37592,,21772,38084,21605,21849,21636,21605,,,,,21728,,,21745,,,22180,21661,,,21707,22283,21694,,,,,33615,33804,33794,33843,33688,34363,33652,33675,21653,21570,21771,21747,21661,30442,33711
,33789,34413,33677,,,,37637,33651,38084,37593,,21767,38084,21605,21848,21636,21605,,,,,21728,,,21745,,,22179,21662,,,21707,22282,21694,,,,,33614,33804,33794,33844,33686,34377,33652,33675,21653,21570,21771,21747,21661,30440,33709
,33790,34390,33677,,,,37638,33650,38084,37594,,21762,38084,21605,21847,21636,21605,,,,,21728,,,21745,,,22180,21662,,,21708,22281,21695,,,,,33613,33805,33794,33845,33684,34391,33653,33674,21654,21570,21772,21747,21661,30453,33707
,33792,34366,33677,,,,37639,33650,38084,37595,,21758,38084,21605,21847,21636,21605,,,,,21729,,,21746,,,22180,21663,,,21709,22280,21695,,,,,33612,33806,33794,33847,33681,34406,33653,33674,21654,21571,21772,21747,21662,30482,33705
,33794,34343,33679,,,,37639,33649,38084,37595,,21754,38084,21605,21846,21636,21605,,,,,21729,,,21746,,,22180,21663,,,21710,22279,21696,,,,,33611,33806,33794,33848,33679,34424,33653,33673,21654,21571,21772,21747,21662,30508,33704
,33796,34318,33681,,,,37639,33648,38085,37596,,21750,38085,21605,21845,21636,21606,,,,,21730,,,21746,,,22180,21664,,,21711,22278,21696,,,,,33610,33807,33794,33850,33677,34443,33654,33673,21654,21571,21773,21747,21662,30537,33702
,33798,34293,33684,,,,37640,33647,38085,37597,,21746,38085,21605,21845,21636,21606,,,,,21730,,,21747,,,22180,21664,,,21711,22278,21697,,,,,33609,33807,33794,33852,33675,34463,33655,33673,21654,21572,21773,21748,21662,30576,33700
,33801,34268,33688,,,,37640,33646,38085,37598,,21743,38085,21604,21844,21636,21606,,,,,21730,,,21747,,,22181,21665,,,21712,22277,21697,,,,,33608,33808,33794,33853,33673,34482,33655,33673,21655,21572,21773,21748,21662,30620,33699
,33803,34242,33691,,,,37641,33646,38085,37598,,21739,38085,21604,21843,21636,21606,,,,,21731,,,21747,,,22181,21665,,,21713,22276,21697,,,,,33607,33809,33794,33854,33671,34493,33655,33672,21655,21572,21774,21748,21663,30662,33697
,33805,34215,33694,,,,37642,33646,38086,37599,,21735,38086,21604,21843,21636,21606,,,,,21731,,,21748,,,22183,21666,,,21714,22276,21698,,,,,33606,33810,33794,33855,33668,34499,33656,33672,21655,21573,21774,21748,21663,30706,33696
,33807,34190,33697,,,,37642,33646,38086,37600,,21732,38086,21604,21843,21636,21606,,,,,21731,,,21748,,,22184,21666,,,21715,22275,21699,,,,,33605,33810,33795,33856,33667,34508,33656,33671,21655,21573,21775,21748,21663,30746,33694
,33809,34164,33700,,,,37643,33646,38086,37601,,21728,38086,21604,21842,21636,21606,,,,,21732,,,21748,,,22184,21667,,,21716,22275,21699,,,,,33604,33811,33795,33857,33665,34515,33656,33671,21656,21573,21775,21748,21663,30786,33692
,33812,34137,33705,,,,37643,33646,38086,37601,,21725,38086,21604,21842,21636,21606,,,,,21732,,,21749,,,22186,21667,,,21717,22275,21700,,,,,33603,33812,33795,33858,33663,34518,33656,33670,21656,21574,21776,21748,21664,30837,33691
,33814,34111,33710,,,,37644,33647,38087,37602,,21722,38087,21604,21841,21636,21606,,,,,21732,,,21749,,,22187,21668,,,21717,22274,21700,,,,,33602,33813,33795,33859,33661,34520,33656,33670,21656,21574,21776,21749,21664,30886,33689
,33817,34084,33716,,,,37644,33647,38087,37603,,21719,38087,21604,21841,21636,21606,,,,,21733,,,21749,,,22188,21668,,,21718,22274,21701,,,,,33601,33813,33795,33859,33659,34520,33656,33670,21656,21575,21777,21749,21664,30938,33688
,33819,34058,33722,,,,37645,33647,38087,37604,,21716,38087,21604,21840,21636,21607,,,,,21733,,,21750,,,22189,21669,,,21719,22274,21701,,,,,33600,33814,33795,33860,33657,34522,33656,33669,21656,21575,21777,21749,21664,30984,33686
,33821,34041,33725,,,,37645,33647,38088,37604,,21713,38088,21604,21839,21636,21607,,,,,21733,,,21750,,,22188,21669,,,21720,22272,21701,,,,,33600,33815,33795,33862,33657,34545,33658,33669,21656,21575,21777,21749,21664,30995,33685
,33823,34027,33729,,,,37644,33647,38088,37605,,21709,38088,21604,21838,21636,21607,,,,,21733,,,21750,,,22186,21669,,,21720,22270,21701,,,,,33599,33815,33795,33864,33656,34576,33660,33670,21656,21575,21777,21749,21664,30988,33684
,33825,34016,33732,,,,37644,33646,38089,37605,,21706,38089,21603,21836,21635,21606,,,,,21733,,,21750,,,22183,21669,,,21721,22268,21701,,,,,33598,33816,33796,33867,33656,34609,33662,33670,21656,21575,21777,21749,21664,30972,33683
,33826,34006,33735,,,,37643,33645,38089,37606,,21703,38089,21603,21834,21635,21606,,,,,21733,,,21750,,,22180,21669,,,21721,22266,21701,,,,,33598,33816,33796,33869,33656,34644,33664,33671,21656,21575,21776,21749,21664,30948,33681
,33827,33996,33739,,,,37643,33645,38090,37606,,21700,38090,21603,21832,21634,21606,,,,,21733,,,21750,,,22176,21669,,,21722,22263,21701,,,,,33597,33816,33796,33872,33657,34678,33667,33671,21655,21575,21776,21749,21664,30924,33680
,33829,33987,33743,,,,37642,33644,38091,37607,,21697,38091,21602,21830,21634,21606,,,,,21733,,,21751,,,22173,21668,,,21722,22261,21701,,,,,33597,33816,33796,33875,33657,34709,33669,33672,21655,21575,21776,21749,21664,30897,33679
,33830,33980,33747,,,,37641,33643,38091,37607,,21694,38091,21602,21828,21633,21606,,,,,21733,,,21751,,,22169,21668,,,21723,22258,21700,,,,,33596,33817,33797,33878,33658,34742,33672,33673,21654,21575,21775,21749,21663,30864,33678
,33831,33973,33751,,,,37640,33643,38092,37608,,21692,38092,21601,21826,21633,21606,,,,,21733,,,21751,,,22165,21668,,,21723,22256,21700,,,,,33596,33817,33797,33881,33659,34773,33674,33673,21654,21575,21775,21749,21663,30826,33677
,33833,33966,33759,,,,37639,33642,38093,37608,,21689,38093,21601,21824,21632,21606,,,,,21733,,,21751,,,22161,21667,,,21724,22253,21700,,,,,33596,33817,33797,33883,33659,34796,33676,33674,21653,21575,21774,21749,21663,30779,33676
,33835,33959,33768,,,,37638,33642,38093,37609,,21686,38093,21600,21822,21632,21606,,,,,21733,,,21751,,,22158,21667,,,21724,22251,21700,,,,,33595,33817,33797,33886,33660,34815,33678,33675,21653,21575,21774,21750,21663,30727,33675
,33837,33952,33772,,,,37638,33641,38094,37609,,21684,38094,21600,21821,21631,21606,,,,,21733,,,21751,,,22154,21667,,,21724,22248,21699,,,,,33595,33818,33798,33889,33661,34828,33679,33675,21652,21575,21773,21750,21663,30671,33674
,33839,33945,33777,,,,37637,33641,38095,37609,,21681,38095,21600,21819,21631,21605,,,,,21733,,,21751,,,22151,21666,,,21725,22246,21699,,,,,33594,33818,33798,33891,33661,34838,33680,33676,21652,21575,21773,21750,21663,30610,33673
,33841,33940,33789,,,,37636,33640,38095,37610,,21679,38095,21599,21817,21630,21605,,,,,21733,,,21751,,,22147,21666,,,21725,22243,21699,,,,,33594,33818,33798,33894,33662,34850,33682,33677,21651,21575,21772,21750,21662,30550,33672
,33843,33935,33803,,,,37635,33640,38096,37610,,21677,38096,21599,21815,21629,21605,,,,,21732,,,21752,,,22143,21665,,,21725,22241,21698,,,,,33594,33818,33798,33897,33663,34859,33683,33678,21651,21575,21772,21750,21662,30487,33671
,33846,33931,33819,,,,37634,33639,38097,37611,,21675,38097,21598,21813,21629,21605,,,,,21732,,,21752,,,22139,21665,,,21726,22238,21698,,,,,33594,33818,33799,33899,33664,34867,33685,33679,21650,21575,21771,21750,21662,30423,33671
,33848,33926,33836,,,,37633,33638,38097,37611,,21672,38097,21598,21811,21628,21605,,,,,21732,,,21752,,,22135,21665,,,21726,22236,21698,,,,,33593,33818,33799,33902,33665,34869,33686,33679,21650,21575,21770,21750,21662,30357,33670
,33848,33919,33845,,,,37632,33638,38098,37611,,21670,38098,21597,21809,21628,21605,,,,,21732,,,21752,,,22131,21664,,,21726,22233,21697,,,,,33593,33818,33799,33905,33667,34849,33687,33680,21649,21575,21770,21750,21661,30288,33669
,33847,33912,33852,,,,37631,33638,38099,37612,,21668,38099,21597,21807,21627,21604,,,,,21732,,,21752,,,22127,21664,,,21727,22230,21697,,,,,33593,33819,33799,33908,33668,34817,33689,33681,21649,21575,21769,21750,21661,30217,33668
,33847,33903,33862,,,,37630,33637,38100,37612,,21667,38100,21597,21804,21626,21604,,,,,21732,,,21752,,,22123,21663,,,21727,22227,21697,,,,,33593,33819,33800,33911,33670,34783,33690,33682,21648,21575,21769,21750,21661,30148,33667
,33845,33895,33872,,,,37629,33637,38101,37612,,21665,38101,21596,21802,21626,21604,,,,,21731,,,21752,,,22118,21663,,,21727,22225,21696,,,,,33593,33819,33800,33915,33672,34744,33691,33683,21648,21575,21768,21750,21661,30080,33667
,33844,33887,33885,,,,37628,33636,38101,37613,,21663,38101,21596,21800,21625,21604,,,,,21731,,,21752,,,22114,21662,,,21728,22222,21696,,,,,33592,33819,33800,33918,33674,34701,33693,33684,21647,21575,21767,21750,21660,30007,33666
,33842,33879,33901,,,,37627,33636,38102,37613,,21661,38102,21595,21798,21625,21604,,,,,21731,,,21752,,,22110,21662,,,21728,22220,21696,,,,,33592,33820,33800,33921,33676,34656,33694,33685,21646,21575,21767,21750,21660,29934,33665
,33840,33872,33918,,,,37626,33636,38103,37614,,21660,38103,21595,21796,21624,21604,,,,,21731,,,21752,,,22107,21661,,,21728,22217,21695,,,,,33592,33820,33800,33924,33678,34606,33695,33686,21646,21575,21766,21750,21660,29860,33665
,33838,33864,33940,,,,37624,33635,38104,37614,,21658,38104,21594,21794,21623,21603,,,,,21731,,,21752,,,22103,21661,,,21729,22215,21695,,,,,33592,33820,33800,33927,33680,34557,33696,33686,21645,21575,21766,21750,21660,29791,33664
,33838,33857,33973,,,,37623,33635,38105,37614,,21657,38105,21594,21791,21623,21603,,,,,21731,,,21753,,,22099,21660,,,21729,22212,21694,,,,,33592,33820,33801,33930,33682,34526,33698,33687,21645,21575,21765,21750,21659,29746,33663
,33839,33850,34013,,,,37622,33635,38105,37615,,21656,38105,21593,21789,21622,21603,,,,,21730,,,21753,,,22094,21660,,,21729,22209,21694,,,,,33592,33820,33802,33933,33684,34504,33701,33688,21644,21575,21764,21750,21659,29713,33663
,33840,33843,34060,,,,37621,33633,38106,37615,,21654,38106,21593,21787,21622,21603,,,,,21730,,,21753,,,22090,21659,,,21730,22207,21694,,,,,33591,33821,33803,33936,33686,34484,33704,33689,21643,21575,21764,21750,21659,29685,33662
,33842,33837,34111,,,,37620,33632,38107,37615,,21653,38107,21592,21785,21621,21603,,,,,21730,,,21753,,,22086,21659,,,21730,22204,21693,,,,,33591,33821,33804,33940,33689,34468,33706,33690,21643,21574,21763,21750,21658,29663,33661
,33844,33831,34167,,,,37619,33634,38108,37616,,21652,38108,21592,21783,21620,21602,,,,,21730,,,21753,,,22082,21658,,,21730,22201,21693,,,,,33591,33821,33804,33943,33691,34450,33709,33691,21642,21574,21762,21750,21658,29643,33661
,33845,33825,34230,,,,37617,33636,38109,37616,,21651,38109,21592,21780,21620,21602,,,,,21730,,,21753,,,22077,21658,,,21731,22199,21692,,,,,33591,33821,33804,33946,33694,34432,33711,33692,21641,21574,21762,21750,21658,29626,33660
,33847,33819,34272,,,,37616,33634,38110,37616,,21650,38110,21591,21778,21619,21602,,,,,21729,,,21753,,,22073,21657,,,21731,22196,21692,,,,,33591,33821,33803,33949,33696,34417,33713,33693,21641,21574,21761,21750,21657,29613,33660
,33849,33813,34317,,,,37615,33632,38110,37616,,21649,38110,21591,21776,21618,21602,,,,,21729,,,21753,,,22069,21657,,,21731,22193,21691,,,,,33591,33821,33803,33952,33699,34403,33715,33694,21640,21574,21760,21750,21657,29603,33659
,33850,33810,34416,,,,37614,33632,38111,37617,,21648,38111,21590,21775,21618,21602,,,,,21729,,,21753,,,22067,21656,,,21731,22192,21691,,,,,33591,33822,33803,33954,33700,34392,33718,33695,21640,21574,21760,21750,21657,29587,33659
,33850,33807,34519,,,,37614,33632,38111,37617,,21647,38111,21590,21774,21618,21601,,,,,21729,,,21753,,,22065,21656,,,21732,22191,21691,,,,,33591,33821,33803,33956,33701,34382,33720,33695,21640,21574,21760,21750,21657,29570,33659
,33850,33804,34665,,,,37613,33632,38112,37617,,21646,38112,21590,21773,21618,21601,,,,,21729,,,21753,,,22064,21656,,,21732,22189,21691,,,,,33591,33821,33804,33957,33702,34374,33724,33696,21639,21574,21760,21750,21657,29555,33658
,33850,33802,34797,,,,37613,33633,38112,37617,,21646,38112,21590,21773,21617,21601,,,,,21729,,,21753,,,22063,21656,,,21732,22189,21691,,,,,33591,33821,33804,33958,33702,34368,33727,33696,21639,21574,21759,21750,21657,29540,33658